hehe,DAYTON_MW
0,20.867
1,21
2,20.867
3,20.65
4,20.4
5,20.1
6,19.8
7,19.5
8,19.4
9,19.5
10,19.933
11,20.75
12,21.833
13,22.75
14,23.7
15,24.6
16,25.1
17,12.1
18,19.667
19,23.133
20,23.1
21,22.7
22,22.3
23,21.8
24,21.333
25,20.933
26,20.567
27,20.25
28,20.1
29,15.667
30,19.167
31,14.1
32,14.05
33,13.467
34,11.4
35,9.9
36,9.833
37,10
38,13.033
39,9.333
40,12.7
41,12.733
42,15.733
43,16.033
44,16.033
45,16.1
46,12.95
47,23.6
48,26.5
49,25.5
50,24.5
51,23.633
52,23.1
53,22.6
54,14.9
55,14.133
56,22.7
57,23.533
58,23.75
59,24.2
60,24.867
61,25.5
62,26
63,26.267
64,9.633
65,9.267
66,8.85
67,15.6
68,12.267
69,9.067
70,12.467
71,21.35
72,23.967
73,24.4
74,23.9
75,23.3
76,22.8
77,20.8
78,14.967
79,11.7
80,15.6
81,8.4
82,9.067
83,9.967
84,9.8
85,9.833
86,12.433
87,9.767
88,9.567
89,9.1
90,11.7
91,25.333
92,8.167
93,16.167
94,16.133
95,26.2
96,26.75
97,25.867
98,24.767
99,23.95
100,23.333
101,22.7
102,11.8
103,15.4
104,7.45
105,12.167
106,9.2
107,9.8
108,10.067
109,10.1
110,10.35
111,14.567
112,9.1
113,8.133
114,20.55
115,19.167
116,18.1
117,11
118,13.233
119,21.167
120,23.5
121,23.7
122,23.267
123,22.8
124,22.333
125,22
126,16.533
127,14.333
128,12.2
129,8.767
130,9.4
131,9.633
132,9.9
133,9.5
134,12.8
135,9.833
136,9.1
137,13.067
138,16.5
139,25.033
140,23.5
141,8.325
142,14.2
143,25.7
144,26.767
145,25.367
146,24.1
147,23.2
148,22.533
149,21.933
150,21.85
151,22.9
152,18.2
153,12.75
154,12.575
155,17.8
156,9.867
157,10.333
158,19.5
159,13
160,14.267
161,17.633
162,21.367
163,22.85
164,18.467
165,14.067
166,18.867
167,23.867
168,25.05
169,24.5
170,23.567
171,22.8
172,22.3
173,21.867
174,21.5
175,21.3
176,21.5
177,21.967
178,22.767
179,23.35
180,23.667
181,23.833
182,24.133
183,24.3
184,24.2
185,23.9
186,23.4
187,22.95
188,22.433
189,22.033
190,21.75
191,21.433
192,21.25
193,21.075
194,20.833
195,20.7
196,20.55
197,20.267
198,21.767
199,24.767
200,24.067
201,23.4
202,23.333
203,23.7
204,24.2
205,24.8
206,25.467
207,25.7
208,25.4
209,24.35
210,23.3
211,22.3
212,21.55
213,20.933
214,20.3
215,19.933
216,19.55
217,19.167
218,18.733
219,18.233
220,17.733
221,17.35
222,17.733
223,21.633
224,21.467
225,20.867
226,20.85
227,21.233
228,21.775
229,22.667
230,23.533
231,24
232,23.867
233,23.35
234,22.6
235,21.9
236,21.233
237,21.533
238,22.4
239,26.05
240,25.1
241,23.3
242,21.8
243,20.733
244,19.9
245,19.3
246,19.667
247,20.667
248,21.433
249,22.533
250,18.233
251,17.9
252,12.5
253,9.65
254,17.3
255,25.75
256,26.733
257,25.467
258,24.067
259,23.067
260,22.3
261,21.533
262,23.033
263,26.15
264,24.833
265,23.3
266,22.033
267,20.833
268,19.9
269,19.2
270,18.9
271,20.55
272,21.2
273,21.767
274,22.9
275,13.933
276,21.4
277,14.133
278,18.1
279,18.433
280,13.45
281,23.4
282,23.067
283,23.867
284,22.4
285,22.167
286,21.95
287,26.3
288,25.267
289,23.433
290,21.933
291,20.8
292,20.05
293,19.533
294,19.167
295,20.3
296,21.9
297,22.5
298,16.467
299,23.4
300,17.133
301,11.933
302,10.2
303,12.6
304,17.4
305,16.033
306,15.667
307,23.15
308,15.8
309,15.8
310,22.733
311,26.167
312,24.633
313,23.35
314,22.333
315,21.5
316,20.967
317,20.5
318,20.233
319,23.5
320,22.9
321,22.1
322,22.1
323,22.633
324,23.35
325,24.033
326,24.667
327,24.9
328,24.8
329,24.367
330,23.8
331,23.2
332,22.667
333,22.25
334,22.033
335,21.867
336,21.467
337,21.15
338,20.8
339,20.367
340,19.967
341,19.65
342,19.5
343,19.267
344,19.3
345,19.8
346,20.45
347,21.3
348,22.175
349,23
350,23.867
351,24.367
352,24.35
353,24
354,23.3
355,22.55
356,21.933
357,21.3
358,20.733
359,20.2
360,19.667
361,19.35
362,19.1
363,18.8
364,18.5
365,18.4
366,19.6
367,22.667
368,25.067
369,23.467
370,22.533
371,22.5
372,22.85
373,23.333
374,23.8
375,23.9
376,23.75
377,23.3
378,22.7
379,22.167
380,21.75
381,21.333
382,21
383,20.9
384,20.633
385,20.3
386,20
387,19.75
388,19.467
389,19.233
390,20.333
391,18.6
392,15.6
393,15.3
394,12.1
395,9.6
396,10.4
397,10.233
398,10
399,10.033
400,10.267
401,9.933
402,9.233
403,13.633
404,24.533
405,23.667
406,22.433
407,21.9
408,21.6
409,21.233
410,20.833
411,20.45
412,20.133
413,19.733
414,20.033
415,16.633
416,20.25
417,10.85
418,13.1
419,9.267
420,9.833
421,10
422,9.967
423,9.8
424,8.7
425,12.133
426,11.3
427,11.4
428,13.967
429,12.933
430,10.6
431,24.033
432,24.5
433,23.55
434,22.6
435,21.667
436,20.85
437,20.25
438,20.3
439,16.15
440,11.633
441,11.2
442,12.25
443,8.667
444,8.533
445,10.933
446,9.1
447,10
448,23.075
449,25.033
450,24.433
451,23.933
452,23.15
453,22.6
454,22.167
455,22.033
456,22.067
457,21.967
458,21.65
459,21.333
460,20.833
461,20.5
462,17.7
463,16.45
464,13.133
465,11.633
466,7.067
467,7.4
468,7.8
469,8.167
470,8.567
471,8.2
472,7.7
473,11.767
474,12.3
475,12.3
476,13.2
477,13.167
478,15
479,24.6
480,25.9
481,24.6
482,23.2
483,22.1
484,21.45
485,20.933
486,20.867
487,14.833
488,9.25
489,11.3
490,9.067
491,8.267
492,10.567
493,9.05
494,9.167
495,12.133
496,9.7
497,16.267
498,15.667
499,17.867
500,13.5
501,11.267
502,10.933
503,18.7
504,22.633
505,22.833
506,22.3
507,21.6
508,21
509,20.6
510,20.367
511,20.333
512,20.6
513,21.1
514,21.733
515,17.4
516,22.233
517,23.45
518,23.867
519,24
520,24.1
521,23.9
522,23.4
523,22.767
524,21.967
525,21.267
526,20.767
527,20.4
528,20.133
529,20
530,19.667
531,19.35
532,19.1
533,12.3
534,15.633
535,19.567
536,20
537,19.567
538,19.6
539,20.067
540,20.533
541,20.95
542,21.3
543,21.6
544,21.4
545,21
546,20.433
547,19.833
548,19.4
549,19
550,18.75
551,18.6
552,18.3
553,18.05
554,17.8
555,17.475
556,16.933
557,16.4
558,17.667
559,21.3
560,20.567
561,19.933
562,19.95
563,20.35
564,21.167
565,22.1
566,22.367
567,21.833
568,15.1
569,13.533
570,13.45
571,14.433
572,14.333
573,23.033
574,22.75
575,21.2
576,19.633
577,18.4
578,17.5
579,17.767
580,18.8
581,19.433
582,15.3
583,12.1
584,15.033
585,9.267
586,8.267
587,5.7
588,13.267
589,9.467
590,16.8
591,9.7
592,12.3
593,20.533
594,13.767
595,14.533
596,17.8
597,23.75
598,23.167
599,21.3
600,19.8
601,18.8
602,18.05
603,17.5
604,17.033
605,16.767
606,17.033
607,17.7
608,18.5
609,19.433
610,20.5
611,21.567
612,22.5
613,23.2
614,23.4
615,23.167
616,22.5
617,21.8
618,21.167
619,20.433
620,19.833
621,19.333
622,18.9
623,18.5
624,18.2
625,17.9
626,17.6
627,19.133
628,18.467
629,13
630,13.967
631,15.6
632,15.567
633,6.3
634,5.867
635,6.6
636,7.3
637,7.375
638,9.6
639,14
640,13.867
641,15.167
642,10.067
643,13.967
644,19.467
645,14.833
646,16.633
647,23.467
648,22.033
649,20.8
650,19.8
651,19.2
652,14.033
653,14.367
654,14.833
655,5.35
656,10.467
657,5.633
658,6.433
659,6.95
660,7.2
661,7.233
662,9.633
663,6.8
664,13.133
665,13.867
666,14
667,13.6
668,10.65
669,20.233
670,20.475
671,20.267
672,20.1
673,19.95
674,19.7
675,19.5
676,19.267
677,19.733
678,15.633
679,18.5
680,12.3
681,6.65
682,22.35
683,17
684,8.033
685,7.5
686,6.667
687,25.8
688,13.35
689,14.867
690,16.033
691,20.733
692,16.5
693,20.525
694,20.533
695,20.35
696,20.167
697,20.067
698,19.933
699,20.1
700,20.1
701,20.367
702,14.167
703,14.1
704,5.967
705,7.05
706,8.1
707,9.9
708,9.9
709,9.167
710,7.6
711,6.3
712,11.967
713,9.933
714,10.4
715,14.6
716,14.267
717,10.65
718,13.833
719,15.433
720,19.1
721,14.367
722,14.767
723,20.5
724,10.45
725,11
726,11.3
727,9.267
728,6.55
729,7.7
730,8
731,9.333
732,9.733
733,9.133
734,8.1
735,17.333
736,11.967
737,12.967
738,11.725
739,15.933
740,13
741,15.533
742,14
743,18.133
744,17.9
745,20.733
746,20.467
747,20.267
748,20.45
749,16.367
750,13.833
751,5.633
752,10.9
753,7.367
754,16.55
755,9.45
756,9.833
757,9.833
758,9.067
759,7.5
760,9.7
761,10.767
762,10.433
763,10.267
764,15.6
765,14.633
766,14.067
767,13.167
768,28.2
769,30.1
770,30.9
771,31.1
772,14.5
773,15.2
774,7.033
775,7.433
776,8.333
777,9.167
778,9.575
779,10.15
780,10.567
781,10.133
782,9.167
783,8.233
784,8.3
785,8.5
786,8.067
787,11.167
788,8.35
789,14.9
790,10.333
791,10.367
792,14.333
793,13.5
794,13.867
795,18.267
796,15
797,11.5
798,7
799,6.325
800,6.6
801,7.333
802,7.95
803,8.7
804,9.2
805,8.967
806,8.7
807,8.067
808,7.9
809,11.467
810,7.4
811,11.367
812,16.2
813,18.5
814,12.7
815,14.867
816,19.9
817,14
818,14.767
819,15.833
820,17.8
821,10.9
822,7.95
823,7.167
824,7.2
825,8.067
826,8.5
827,8.867
828,8.967
829,17.367
830,26.25
831,25.967
832,25.033
833,24.4
834,23.467
835,22.7
836,22.25
837,22
838,21.6
839,21
840,20.433
841,19.9
842,19.3
843,18.767
844,18.3
845,18.2
846,18.633
847,19.567
848,20.733
849,22.3
850,23.4
851,24.733
852,25.9
853,26.733
854,26.933
855,26.633
856,25.833
857,25.05
858,24.367
859,23.633
860,22.867
861,22.167
862,21.6
863,21.033
864,20.4
865,19.9
866,19.367
867,18.933
868,18.567
869,13.45
870,14.733
871,11.433
872,7.733
873,8.367
874,9.15
875,9.4
876,10.067
877,19.133
878,27.233
879,27.4
880,26.3
881,25.35
882,24.567
883,23.5
884,22.8
885,22.567
886,22.267
887,21.9
888,21.533
889,21.033
890,20.6
891,20.167
892,19.767
893,16
894,15.2
895,7.967
896,14.633
897,24.85
898,25.167
899,25.9
900,26.3
901,21.033
902,9.4
903,8.767
904,12.267
905,8.733
906,14.1
907,8.367
908,17.233
909,22.8
910,24.45
911,24.133
912,23.3
913,22.433
914,21.8
915,21.2
916,20.033
917,19.433
918,19.567
919,20.2
920,21.4
921,22.65
922,23.9
923,25.3
924,26.333
925,27.033
926,26.867
927,26.2
928,25.233
929,24.55
930,23.867
931,23.1
932,22.567
933,22.367
934,21.967
935,21.55
936,21.067
937,20.7
938,20.367
939,20
940,19.6
941,19.6
942,19.867
943,20.6
944,21.7
945,22.95
946,24.15
947,25.267
948,26.133
949,26.467
950,25.967
951,25.25
952,24.433
953,23.433
954,22.7
955,22.1
956,21.75
957,21.667
958,21.4
959,21.1
960,20.7
961,20.45
962,20.2
963,19.8
964,19.533
965,19.533
966,19.8
967,20.35
968,21.133
969,22.2
970,23.2
971,24.2
972,24.85
973,25.567
974,25.667
975,25.233
976,24.3
977,23.65
978,23
979,22.2
980,21.7
981,21.533
982,21.35
983,21.133
984,20.8
985,20.533
986,20.25
987,20.1
988,19.733
989,19.7
990,19.8
991,20.2
992,20.95
993,21.933
994,22.867
995,23.867
996,24.8
997,25.5
998,17.3
999,7.9
1000,11.1
1001,11.567
1002,14.2
1003,14.667
1004,15.233
1005,26.833
1006,25.833
1007,24.133
1008,22.9
1009,22.033
1010,21.3
1011,20.7
1012,20.233
1013,20.05
1014,20.3
1015,21
1016,22.1
1017,23.467
1018,24.867
1019,26.267
1020,27.3
1021,27.95
1022,28.4
1023,28.05
1024,27.35
1025,26.6
1026,25.7
1027,24.867
1028,24.2
1029,23.6
1030,22.933
1031,22.3
1032,21.833
1033,21.45
1034,21.1
1035,20.733
1036,14.4
1037,23.05
1038,23.967
1039,23.433
1040,23.6
1041,24.3
1042,25.325
1043,26.4
1044,27.133
1045,19.25
1046,9.3
1047,8.733
1048,8.7
1049,8.333
1050,11.233
1051,7.933
1052,15.5
1053,21.967
1054,24.8
1055,24.2
1056,23.4
1057,22.6
1058,21.733
1059,20.933
1060,20
1061,19.833
1062,20.133
1063,20.8
1064,22.075
1065,23.1
1066,24.133
1067,25.167
1068,26
1069,26.567
1070,26.533
1071,25.95
1072,25.067
1073,24.167
1074,23.3
1075,22.5
1076,21.833
1077,21.667
1078,21.333
1079,20.933
1080,20.6
1081,20.3
1082,20
1083,19.7
1084,19.533
1085,19.9
1086,20.333
1087,21.133
1088,22.333
1089,23.7
1090,24.833
1091,25.6
1092,26.333
1093,26.767
1094,22.433
1095,24.567
1096,17.4
1097,13.333
1098,11.933
1099,11.767
1100,15.367
1101,27.5
1102,26.6
1103,25
1104,23.9
1105,22.833
1106,22.1
1107,21.4
1108,20.833
1109,20.5
1110,20.733
1111,21.4
1112,22.3
1113,23.333
1114,24.5
1115,25.8
1116,26.767
1117,27.5
1118,27.4
1119,26.867
1120,25.833
1121,24.8
1122,24.033
1123,23.267
1124,22.7
1125,22.5
1126,22.3
1127,22
1128,21.7
1129,21.3
1130,21.1
1131,20.8
1132,20.4
1133,20.333
1134,20.633
1135,21.333
1136,22.3
1137,23.5
1138,25.4
1139,26.967
1140,28.033
1141,28.833
1142,28.967
1143,28.4
1144,27.3
1145,26.133
1146,25.167
1147,24.45
1148,23.733
1149,23.375
1150,23.167
1151,22.933
1152,22.7
1153,22.5
1154,22.267
1155,21.9
1156,21.367
1157,21.167
1158,21.3
1159,21.975
1160,23.133
1161,22.8
1162,24.333
1163,26.333
1164,27.633
1165,28.4
1166,28.367
1167,27.7
1168,26.85
1169,26.033
1170,25.4
1171,24.533
1172,23.8
1173,23.467
1174,23.267
1175,23
1176,22.7
1177,22.4
1178,22.1
1179,21.8
1180,21.533
1181,21.6
1182,22
1183,22.933
1184,24.325
1185,25.933
1186,27.467
1187,28.967
1188,29.9
1189,30.567
1190,30.567
1191,30
1192,29.1
1193,28.4
1194,27.7
1195,27
1196,26.167
1197,25.4
1198,24.7
1199,24.133
1200,23.6
1201,23.1
1202,22.6
1203,22.133
1204,21.7
1205,21.433
1206,21.633
1207,22.433
1208,23.767
1209,25.267
1210,26.9
1211,28.8
1212,29.9
1213,30.533
1214,30.367
1215,29.55
1216,28.4
1217,27.133
1218,26.3
1219,25
1220,24.2
1221,23.8
1222,23.6
1223,23.3
1224,22.867
1225,22.367
1226,21.867
1227,21.433
1228,20.967
1229,20.733
1230,21.1
1231,22
1232,23.5
1233,25.2
1234,26.9
1235,28.467
1236,29.2
1237,29.567
1238,29.6
1239,29.267
1240,28.267
1241,27
1242,25.9
1243,25.05
1244,24.367
1245,24
1246,23.75
1247,23.4
1248,22.967
1249,22.533
1250,22.133
1251,21.7
1252,21.3
1253,21.05
1254,21.233
1255,22.133
1256,23.7
1257,25.6
1258,27.6
1259,29.367
1260,30.6
1261,31.3
1262,31.3
1263,30.6
1264,29.467
1265,28.533
1266,27.367
1267,26.133
1268,25.3
1269,25
1270,24.8
1271,24.5
1272,24.1
1273,23.667
1274,23.233
1275,22.733
1276,22.2
1277,14.9
1278,14.933
1279,8.45
1280,9.1
1281,10.167
1282,11.367
1283,12.167
1284,18.867
1285,12.833
1286,11.3
1287,12.8
1288,25.233
1289,26.45
1290,26.5
1291,25.7
1292,25.133
1293,24.9
1294,24.833
1295,24.65
1296,24.4
1297,23.967
1298,23.55
1299,23.1
1300,15.833
1301,19.033
1302,22.7
1303,23.4
1304,24.233
1305,25.55
1306,26.8
1307,28
1308,29.033
1309,29.6
1310,29.5
1311,28.9
1312,19.15
1313,14.333
1314,12.5
1315,14.15
1316,14.2
1317,17
1318,24.433
1319,24.7
1320,23.967
1321,23.267
1322,22.6
1323,21.367
1324,20.8
1325,20.8
1326,21.133
1327,22.2
1328,23.6
1329,25
1330,26.3
1331,27.65
1332,29.367
1333,18.7
1334,11.825
1335,10.467
1336,9.333
1337,15.267
1338,12.167
1339,12.333
1340,13.333
1341,26.367
1342,26.98
1343,26
1344,24.867
1345,23.9
1346,23.167
1347,22.5
1348,22.033
1349,21.933
1350,22.35
1351,23.25
1352,24.933
1353,26.7
1354,28.233
1355,29.467
1356,30.7
1357,30.9
1358,30.967
1359,30.6
1360,29.767
1361,28.9
1362,28.033
1363,27.233
1364,26.467
1365,25.8
1366,25.2
1367,24.667
1368,24.3
1369,23.933
1370,23.4
1371,22.667
1372,22.233
1373,15.533
1374,9.5
1375,8.4
1376,8.85
1377,9.5
1378,10.967
1379,12.5
1380,11.967
1381,20.267
1382,28.167
1383,28.567
1384,27.467
1385,26.35
1386,25.2
1387,24.1
1388,23.3
1389,23.167
1390,23.133
1391,22.9
1392,22.65
1393,22.4
1394,22.1
1395,21.767
1396,21.433
1397,21.4
1398,21.533
1399,22.333
1400,23.6
1401,25.1
1402,26.7
1403,28.167
1404,29.2
1405,29.833
1406,29.667
1407,28.8
1408,27.5
1409,26.4
1410,25.4
1411,24.55
1412,23.833
1413,23.567
1414,23.567
1415,23.433
1416,23.2
1417,22.9
1418,22.6
1419,22.25
1420,21.967
1421,21.467
1422,21.533
1423,22.4
1424,23.633
1425,24.85
1426,26.9
1427,28.367
1428,29.167
1429,29.733
1430,29.5
1431,28.633
1432,27.675
1433,27
1434,26.467
1435,25.6
1436,24.867
1437,24.65
1438,24.4
1439,24.1
1440,23.8
1441,23.5
1442,23.1
1443,22.8
1444,18.167
1445,11.667
1446,11.5
1447,8.467
1448,12.35
1449,23.833
1450,25.933
1451,26.733
1452,27.367
1453,28.733
1454,29.367
1455,28.9
1456,28
1457,27.1
1458,26.467
1459,25.4
1460,24.6
1461,24.467
1462,24.533
1463,24.45
1464,24.35
1465,24.1
1466,23.8
1467,23.5
1468,18.733
1469,7.95
1470,8.533
1471,9.3
1472,10.067
1473,11.133
1474,11.3
1475,11.6
1476,15.5
1477,11.825
1478,11.15
1479,10.533
1480,9.633
1481,13.9
1482,8.7
1483,8.4
1484,12.167
1485,26.625
1486,28.567
1487,27.667
1488,26.75
1489,26
1490,25.2
1491,24.6
1492,24
1493,23.133
1494,23.1
1495,23.825
1496,25.1
1497,26.767
1498,28.433
1499,29.833
1500,30.367
1501,31.167
1502,31.067
1503,30.3
1504,29.267
1505,28.2
1506,27.45
1507,26.4
1508,25.467
1509,25.1
1510,24.933
1511,24.7
1512,24.4
1513,24.1
1514,23.767
1515,23.5
1516,23.333
1517,23.3
1518,23.733
1519,24.6
1520,25.733
1521,27
1522,28.233
1523,29.6
1524,30.7
1525,26.233
1526,29.467
1527,30.75
1528,30.567
1529,30
1530,29.333
1531,28.533
1532,27.8
1533,27.167
1534,26.5
1535,25.9
1536,25.333
1537,24.95
1538,24.633
1539,24.233
1540,23.9
1541,23.633
1542,23.733
1543,24.467
1544,25.567
1545,26.833
1546,28
1547,28.9
1548,29.7
1549,30.1
1550,11.7
1551,10.2
1552,9.567
1553,18.4
1554,9
1555,8.75
1556,8.367
1557,17.1
1558,26.1
1559,26.9
1560,26.667
1561,26.2
1562,25.633
1563,25.1
1564,11
1565,21.9
1566,23.2
1567,23.733
1568,24.567
1569,25.667
1570,26.6
1571,27.167
1572,27.75
1573,28.15
1574,28.233
1575,27.867
1576,27.133
1577,26.667
1578,26.133
1579,25.567
1580,25.2
1581,25.15
1582,25.367
1583,25.425
1584,25.5
1585,25.433
1586,25.267
1587,24.967
1588,24.65
1589,8.7
1590,8.333
1591,8.667
1592,9.267
1593,9.8
1594,10.333
1595,10.35
1596,10.8
1597,14.1
1598,25.4
1599,25.925
1600,25.5
1601,24.933
1602,20.633
1603,8.6
1604,8.767
1605,21.067
1606,25.533
1607,25.7
1608,25.3
1609,24.7
1610,24.333
1611,20.633
1612,8.9
1613,8.3
1614,8.5
1615,8.767
1616,8.967
1617,9.933
1618,10.267
1619,10.333
1620,13.367
1621,10.7
1622,10.5
1623,9.967
1624,9.567
1625,9.2
1626,8.867
1627,8.6
1628,11.8
1629,22.667
1630,26.633
1631,26.2
1632,25.167
1633,24.233
1634,23.5
1635,22.8
1636,21.767
1637,21.533
1638,21.75
1639,22.425
1640,23.767
1641,24.85
1642,26.067
1643,27.433
1644,28
1645,28.467
1646,28.2
1647,27.667
1648,26.833
1649,26.25
1650,25.9
1651,25.2
1652,24.6
1653,24.333
1654,24.233
1655,24.067
1656,23.825
1657,23.5
1658,23.267
1659,23
1660,22.65
1661,22.5
1662,22.767
1663,23.567
1664,24.8
1665,26.3
1666,27.8
1667,18.3
1668,23.75
1669,11.567
1670,10.633
1671,24.8
1672,26.1
1673,25.767
1674,24.35
1675,22.933
1676,22.367
1677,22.3
1678,22.3
1679,22.3
1680,22.167
1681,21.967
1682,21.7
1683,21.4
1684,21.2
1685,21.267
1686,21.9
1687,22.85
1688,24.2
1689,25.95
1690,26.667
1691,27.867
1692,29.05
1693,29.933
1694,31.067
1695,30.8
1696,30.033
1697,29.167
1698,28.3
1699,27.467
1700,26.675
1701,26.05
1702,25.433
1703,24.8
1704,24.2
1705,23.7
1706,23.2
1707,22.7
1708,22.167
1709,22.233
1710,22.45
1711,23.133
1712,24.3
1713,25.733
1714,27.333
1715,28.733
1716,29.533
1717,30.35
1718,30.367
1719,30
1720,25.675
1721,26.35
1722,26.067
1723,25.5
1724,24.9
1725,24.5
1726,24.267
1727,23.9
1728,23.5
1729,23.1
1730,22.75
1731,22.433
1732,22.1
1733,12.5
1734,7.967
1735,9.2
1736,10.6
1737,12.267
1738,12.7
1739,12.85
1740,12.867
1741,20.933
1742,29.933
1743,30.867
1744,30.4
1745,29.433
1746,28.4
1747,27.433
1748,26.667
1749,26.233
1750,25.95
1751,25.7
1752,25.333
1753,25
1754,24.7
1755,24.367
1756,23.967
1757,23.7
1758,24.033
1759,25.267
1760,27
1761,28.967
1762,30.85
1763,31.667
1764,31.933
1765,32.233
1766,32.467
1767,31.9
1768,31
1769,29.95
1770,28.833
1771,27.9
1772,27.033
1773,26.7
1774,26.567
1775,26.3
1776,26
1777,25.75
1778,25.5
1779,25.2
1780,17.1
1781,19.6
1782,22.867
1783,24.333
1784,26.333
1785,30.333
1786,16.867
1787,16
1788,16.133
1789,21.45
1790,32.1
1791,33.467
1792,32.8
1793,31.533
1794,30.3
1795,29.233
1796,28.333
1797,28.05
1798,27.833
1799,27.6
1800,27.267
1801,26.933
1802,26.6
1803,26.3
1804,14.333
1805,9.033
1806,9.6
1807,10.767
1808,11.5
1809,12.467
1810,13.567
1811,13.833
1812,14.3
1813,24.833
1814,32.933
1815,33.9
1816,33.5
1817,32.4
1818,31.033
1819,30
1820,29.033
1821,28.7
1822,28.5
1823,28.3
1824,28
1825,27.667
1826,27.267
1827,26.867
1828,26.6
1829,26.025
1830,26.2
1831,27.033
1832,28.5
1833,30.6
1834,32.233
1835,33.4
1836,34.267
1837,34.65
1838,34.567
1839,33.767
1840,32.5
1841,31.7
1842,30.8
1843,29.733
1844,28.95
1845,28.633
1846,28.4
1847,28.167
1848,27.833
1849,27.533
1850,27.25
1851,27
1852,26.733
1853,26.633
1854,27.067
1855,27.85
1856,29.2
1857,31.2
1858,32.3
1859,27.567
1860,15.533
1861,26.533
1862,34.833
1863,35.467
1864,35.033
1865,34.1
1866,33.35
1867,32.6
1868,31.8
1869,31.067
1870,30.3
1871,29.6
1872,29
1873,28.433
1874,28.05
1875,27.7
1876,27.3
1877,26.9
1878,26.5
1879,26.95
1880,27.867
1881,28.733
1882,29.333
1883,30.033
1884,30.9
1885,31.667
1886,31.25
1887,30.8
1888,30.1
1889,29.367
1890,28.8
1891,27.8
1892,27.033
1893,26.867
1894,26.733
1895,26.6
1896,26.467
1897,26.367
1898,26.2
1899,26
1900,25.967
1901,20.7
1902,9.633
1903,10.4
1904,11.95
1905,15.533
1906,11.933
1907,12.3
1908,14.233
1909,11.8
1910,20.5
1911,27.1
1912,27.433
1913,27.6
1914,27.65
1915,27.2
1916,26.7
1917,26.667
1918,26.767
1919,26.8
1920,26.8
1921,26.7
1922,26.633
1923,26.5
1924,26.6
1925,26.4
1926,26.2
1927,26.5
1928,27.933
1929,31.2
1930,33.55
1931,34.5
1932,34
1933,33
1934,32
1935,31.1
1936,30.1
1937,29.1
1938,28.267
1939,28.1
1940,28.033
1941,27.933
1942,27.8
1943,27.667
1944,27.533
1945,27.333
1946,27.25
1947,26.833
1948,26.633
1949,27.1
1950,28
1951,29.4
1952,30.4
1953,31.233
1954,32.067
1955,32.767
1956,32.7
1957,32.267
1958,31.167
1959,30.233
1960,29.333
1961,28.3
1962,27.567
1963,27.367
1964,27.4
1965,27.5
1966,27.5
1967,27.5
1968,27.5
1969,27.4
1970,27.333
1971,26.933
1972,26.833
1973,27.05
1974,27.6
1975,28.933
1976,30.367
1977,31.6
1978,32.567
1979,33.367
1980,33.5
1981,33.067
1982,32.133
1983,31.3
1984,30.55
1985,29.767
1986,29.1
1987,28.833
1988,28.675
1989,28.5
1990,28.15
1991,27.833
1992,27.5
1993,26.533
1994,26.333
1995,11.25
1996,10.75
1997,11.6
1998,17.033
1999,12.7
2000,13.25
2001,13.433
2002,14.9
2003,13.333
2004,12.033
2005,10.967
2006,10.05
2007,14.533
2008,10
2009,9.775
2010,9.9
2011,20
2012,26.567
2013,27.5
2014,27.5
2015,27.25
2016,26.933
2017,26.6
2018,26.367
2019,26.375
2020,26.7
2021,27.15
2022,27.633
2023,28.7
2024,30.067
2025,31.367
2026,32.4
2027,33.233
2028,33.667
2029,33.6
2030,33.133
2031,32.533
2032,32
2033,31.4
2034,30.7
2035,30.1
2036,29.467
2037,28.9
2038,28.367
2039,27.9
2040,21.967
2041,8.367
2042,8.767
2043,9.1
2044,9.867
2045,11.3
2046,11.75
2047,12.233
2048,13
2049,13.267
2050,13.433
2051,13.475
2052,12.533
2053,11.467
2054,10.75
2055,10.9
2056,11
2057,10.7
2058,11.567
2059,22.833
2060,26.7
2061,27.65
2062,27.8
2063,27.7
2064,27.45
2065,27.033
2066,26.1
2067,24.967
2068,25
2069,25.8
2070,27.2
2071,28.7
2072,30.05
2073,31.3
2074,32.367
2075,33.6
2076,33.967
2077,33.4
2078,32.167
2079,30.767
2080,29.44
2081,28.7
2082,28.1
2083,27.8
2084,27.8
2085,27.733
2086,27.5
2087,27.133
2088,26.85
2089,26.533
2090,26.267
2091,25.933
2092,26.167
2093,27.133
2094,28.5
2095,30.1
2096,31.6
2097,32.8
2098,33.6
2099,33.6
2100,33.35
2101,32.867
2102,31.867
2103,30.7
2104,29.633
2105,28.7
2106,27.975
2107,27.367
2108,27.167
2109,26.867
2110,26.567
2111,26.2
2112,25.85
2113,25.467
2114,25.167
2115,24.833
2116,25.4
2117,26.667
2118,27.933
2119,29.367
2120,30.567
2121,31.667
2122,32.4
2123,30.6
2124,31.633
2125,31.575
2126,30.8
2127,30
2128,29.033
2129,28
2130,27.3
2131,26.95
2132,26.8
2133,26.433
2134,25.967
2135,25.567
2136,25.133
2137,24.75
2138,24.533
2139,24.4
2140,24.733
2141,25.7
2142,27.2
2143,28.7
2144,30.2
2145,31.367
2146,32.2
2147,32.633
2148,32.6
2149,32.067
2150,31.067
2151,29.9
2152,28.8
2153,27.767
2154,26.933
2155,26.567
2156,26.233
2157,25.833
2158,25.45
2159,25.033
2160,24.533
2161,24.033
2162,23.767
2163,23.767
2164,24.533
2165,25.05
2166,26.433
2167,28.2
2168,29.967
2169,31.433
2170,32.3
2171,33
2172,19.867
2173,11.85
2174,10.6
2175,13.667
2176,13.433
2177,20.467
2178,24.633
2179,25.5
2180,25.875
2181,25.767
2182,25.433
2183,24.967
2184,24.533
2185,24.15
2186,23.933
2187,24.033
2188,24.633
2189,25.833
2190,27.4
2191,29.067
2192,30.533
2193,31.867
2194,21.7
2195,15.367
2196,22.567
2197,31.067
2198,32.4
2199,32.667
2200,32.333
2201,31.767
2202,31
2203,30.2
2204,29.4
2205,28.633
2206,27.9
2207,27.3
2208,26.667
2209,26.133
2210,25.833
2211,25.6
2212,25.133
2213,26
2214,27.867
2215,29.767
2216,31.467
2217,32.967
2218,33.667
2219,34.7
2220,34.667
2221,33.967
2222,32.825
2223,31.733
2224,30.733
2225,29.95
2226,29.3
2227,28.8
2228,28.6
2229,28.3
2230,27.975
2231,27.7
2232,27.367
2233,26.933
2234,26.667
2235,26.4
2236,22.5
2237,12.567
2238,20
2239,15.15
2240,21.75
2241,22.6
2242,31.45
2243,19.667
2244,14.7
2245,13.25
2246,14.65
2247,25.45
2248,28.633
2249,29.367
2250,29.4
2251,29.433
2252,29.467
2253,29.3
2254,28.925
2255,28.6
2256,28.267
2257,28
2258,23.5
2259,11.533
2260,12.367
2261,12.767
2262,12.967
2263,13.8
2264,14.767
2265,14.9
2266,15.233
2267,14.267
2268,12.9
2269,21.533
2270,31
2271,31.167
2272,30.367
2273,29.333
2274,28.433
2275,28.25
2276,28.367
2277,28.3
2278,28.167
2279,27.9
2280,27.533
2281,27.133
2282,18.8
2283,15.7
2284,16.2
2285,12.2
2286,13
2287,13.533
2288,14
2289,14.3
2290,14.233
2291,14.2
2292,13.9
2293,12.767
2294,21.133
2295,28.6
2296,29.1
2297,28.967
2298,28.633
2299,28.567
2300,28.6
2301,28.433
2302,28.167
2303,27.85
2304,27.533
2305,27.033
2306,18.8
2307,18.133
2308,16.033
2309,13.033
2310,12.6
2311,12.567
2312,13.433
2313,14.133
2314,14.433
2315,14.267
2316,17.167
2317,27.75
2318,29.5
2319,29.833
2320,29.4
2321,28.45
2322,27.9
2323,27.9
2324,28.067
2325,28.033
2326,27.867
2327,27.667
2328,27.4
2329,27.133
2330,20.8
2331,15.533
2332,15.367
2333,19.05
2334,12.4
2335,12.8
2336,13.333
2337,13.933
2338,14
2339,19.367
2340,30.233
2341,31.733
2342,31.467
2343,30.75
2344,29.833
2345,28.933
2346,28.2
2347,28.1
2348,28.267
2349,28.233
2350,28.133
2351,27.9
2352,27.7
2353,27.433
2354,27.3
2355,27.5
2356,28.033
2357,28.9
2358,29.8
2359,31.033
2360,32.333
2361,33.5
2362,34.675
2363,35.333
2364,35.667
2365,35.467
2366,34.9
2367,34.233
2368,33.55
2369,32.967
2370,32.3
2371,31.667
2372,31
2373,30.333
2374,29.767
2375,29.3
2376,28.9
2377,28.3
2378,27.9
2379,27.65
2380,27.433
2381,27.975
2382,28.975
2383,30.567
2384,31.65
2385,32.6
2386,33.167
2387,33.767
2388,33.7
2389,33.3
2390,32.533
2391,31.667
2392,31.067
2393,29.967
2394,29
2395,28.5
2396,28.433
2397,28.25
2398,27.9
2399,27.6
2400,27.3
2401,26.9
2402,26.467
2403,26
2404,26.1
2405,27.067
2406,28.1
2407,29.3
2408,30.075
2409,30.8
2410,31.367
2411,32.1
2412,32
2413,19.033
2414,17.933
2415,20.067
2416,17.8
2417,15.3
2418,19.633
2419,19.367
2420,26
2421,26.975
2422,26.967
2423,26.8
2424,26.55
2425,25.833
2426,26.233
2427,15.167
2428,20.033
2429,18.15
2430,15.8
2431,13.633
2432,13.133
2433,13.2
2434,17.667
2435,13.3
2436,12.7
2437,15.275
2438,20.133
2439,17.233
2440,14.4
2441,19.7
2442,15.3
2443,25.7
2444,28.567
2445,28.967
2446,28.667
2447,28.2
2448,27.633
2449,27.167
2450,26.767
2451,26.067
2452,26
2453,26.667
2454,27.6
2455,29.25
2456,30.75
2457,31.6
2458,32.4
2459,33.633
2460,22.2
2461,28.067
2462,29.567
2463,29.9
2464,29.4
2465,28.5
2466,27.8
2467,27.65
2468,27.867
2469,28
2470,27.967
2471,27.833
2472,27.6
2473,27.3
2474,21.933
2475,19.8
2476,13.4
2477,11.633
2478,13.267
2479,14.233
2480,14.55
2481,14.767
2482,17.233
2483,14.1
2484,13.067
2485,11.567
2486,10.333
2487,12.167
2488,9.5
2489,15.75
2490,9.567
2491,25
2492,28.1
2493,28.467
2494,28.1
2495,27.6
2496,27.033
2497,21.133
2498,13.067
2499,22.233
2500,24.25
2501,25.125
2502,26
2503,27.133
2504,28.133
2505,29.633
2506,31
2507,31.85
2508,32.267
2509,32.1
2510,31.333
2511,30.3
2512,29.467
2513,28.5
2514,27.633
2515,27.067
2516,26.733
2517,26.267
2518,25.9
2519,25.5
2520,25.2
2521,24.9
2522,24.7
2523,25
2524,26
2525,27.367
2526,29.033
2527,30.533
2528,31.85
2529,32.933
2530,33.867
2531,34.467
2532,34.7
2533,34.533
2534,34.05
2535,33.2
2536,32.2
2537,31.55
2538,30.975
2539,30.133
2540,29.333
2541,28.633
2542,28.033
2543,27.533
2544,27.067
2545,26.633
2546,22.275
2547,13.133
2548,21.967
2549,24.067
2550,25.4
2551,26.967
2552,28.033
2553,29.033
2554,29.867
2555,31.033
2556,31.467
2557,30.967
2558,30.1
2559,29.2
2560,28.433
2561,27.475
2562,26.8
2563,26.6
2564,26.567
2565,26.4
2566,26.167
2567,25.95
2568,25.7
2569,21.9
2570,17.6
2571,25.433
2572,27.067
2573,17.4
2574,11.7
2575,11.9
2576,12.3
2577,12.533
2578,16.433
2579,17.633
2580,26.567
2581,27.833
2582,28.067
2583,27.9
2584,27.55
2585,27.067
2586,26.733
2587,26.633
2588,26.7
2589,26.633
2590,26.4
2591,26.2
2592,25.95
2593,25.667
2594,25.3
2595,25.067
2596,25.533
2597,26.5
2598,27.7
2599,29
2600,30.1
2601,30.95
2602,31.767
2603,32.3
2604,18.05
2605,12.2
2606,23.4
2607,26.333
2608,27.033
2609,26.767
2610,26.367
2611,26.4
2612,26.667
2613,26.733
2614,26.7
2615,26.65
2616,26.6
2617,26.6
2618,9.467
2619,9.5
2620,9.533
2621,10.367
2622,13.75
2623,16.1
2624,12.9
2625,13.267
2626,20.933
2627,12.875
2628,11.75
2629,10.767
2630,9.967
2631,12.367
2632,10.033
2633,12.4
2634,9.45
2635,21.033
2636,25.233
2637,26.7
2638,27.433
2639,27.7
2640,27.867
2641,27.867
2642,26.7
2643,25.6
2644,25.333
2645,25.733
2646,11.467
2647,11.267
2648,17.767
2649,28.567
2650,31.233
2651,32.767
2652,33.933
2653,34.3
2654,33.933
2655,33.1
2656,31.367
2657,29.867
2658,28.767
2659,28.333
2660,28.167
2661,27.9
2662,27.667
2663,27.467
2664,27.2
2665,26.95
2666,26.767
2667,26.433
2668,26.5
2669,27.1
2670,28.133
2671,29.433
2672,30.333
2673,31.267
2674,31.933
2675,32.825
2676,32.967
2677,32.6
2678,31.933
2679,31.367
2680,30.7
2681,30.1
2682,29.533
2683,29.367
2684,29.5
2685,29.467
2686,29.333
2687,29.1
2688,28.85
2689,28.6
2690,22.667
2691,10.467
2692,11.7
2693,12.4
2694,26.333
2695,30.8
2696,32.533
2697,33.9
2698,34.85
2699,35.367
2700,35.5
2701,35.433
2702,35
2703,34.367
2704,33.633
2705,32.833
2706,32.2
2707,31.7
2708,31.267
2709,30.7
2710,30.2
2711,29.767
2712,23.467
2713,9.867
2714,9.95
2715,9.933
2716,9.95
2717,10.5
2718,10.9
2719,11.467
2720,11.467
2721,12.033
2722,11.967
2723,11.733
2724,11.833
2725,11.9
2726,11.3
2727,10.95
2728,10.667
2729,10.367
2730,10.3
2731,10.367
2732,9.967
2733,9.933
2734,9.6
2735,12.367
2736,8.833
2737,8.733
2738,9.067
2739,20.767
2740,12.1
2741,10.767
2742,14.567
2743,12.967
2744,12.767
2745,13.3
2746,18.667
2747,12.967
2748,11.867
2749,10.633
2750,9.867
2751,9.4
2752,9.033
2753,8.967
2754,9.167
2755,20.567
2756,25.9
2757,27.267
2758,27.733
2759,27.75
2760,27.6
2761,26.933
2762,20.9
2763,8.833
2764,9.467
2765,10.1
2766,14.9
2767,25.74
2768,27.9
2769,29.3
2770,30.533
2771,17.45
2772,11.75
2773,10.7
2774,9.767
2775,12.567
2776,9.033
2777,8.967
2778,8.967
2779,17.7
2780,26.133
2781,20.4
2782,5.95
2783,10.367
2784,6.6
2785,6.05
2786,6.933
2787,8.333
2788,9.3
2789,9.967
2790,10.667
2791,10.7
2792,11.533
2793,11.133
2794,10.2
2795,9.2
2796,7.95
2797,10.733
2798,7.067
2799,13.967
2800,10.833
2801,15.433
2802,6.733
2803,12.4
2804,6.733
2805,11.6
2806,14.2
2807,6.667
2808,11.133
2809,6.933
2810,7.55
2811,8.433
2812,9.433
2813,10.133
2814,10.767
2815,11.367
2816,12.233
2817,11.433
2818,10.4
2819,9
2820,7.967
2821,7.7
2822,7.067
2823,6.667
2824,6.55
2825,9.133
2826,20.567
2827,24.133
2828,25.867
2829,26.867
2830,27.467
2831,7.567
2832,6.767
2833,6.933
2834,7.667
2835,8.233
2836,11.933
2837,13.767
2838,10.533
2839,10.933
2840,11.133
2841,10.767
2842,10.367
2843,9.9
2844,8.867
2845,18.85
2846,8.833
2847,8.133
2848,7.367
2849,17.433
2850,22.6
2851,24.6
2852,25.7
2853,26.3
2854,26.567
2855,26.6
2856,26.7
2857,27.167
2858,28
2859,28.8
2860,29.633
2861,30.8
2862,32.133
2863,33.35
2864,34.167
2865,34.867
2866,35.133
2867,35
2868,34.767
2869,34
2870,33.1
2871,32.2
2872,31.55
2873,30.7
2874,30.1
2875,29.6
2876,29.1
2877,28.667
2878,28.267
2879,27.9
2880,27.7
2881,27.967
2882,28.7
2883,29.6
2884,30.45
2885,31.5
2886,32.55
2887,33.433
2888,34.167
2889,34.575
2890,34.867
2891,34.833
2892,34.533
2893,33.967
2894,33.233
2895,32.567
2896,31.833
2897,31.2
2898,30.6
2899,30.1
2900,29.533
2901,29.133
2902,28.733
2903,28.3
2904,22.5
2905,9.32
2906,9.65
2907,10.167
2908,13.367
2909,11.933
2910,11.733
2911,12.067
2912,15.8
2913,22.7
2914,26.9
2915,28.033
2916,28.433
2917,28.4
2918,16.8
2919,9.75
2920,9.5
2921,19.8
2922,23.567
2923,25.067
2924,25.725
2925,26.067
2926,26.133
2927,26.1
2928,26.2
2929,26.5
2930,27.2
2931,28.133
2932,29.433
2933,30.767
2934,32
2935,33.133
2936,34.067
2937,34.45
2938,34.4
2939,34.433
2940,33.867
2941,33.033
2942,32.233
2943,31.533
2944,30.775
2945,30.133
2946,29.433
2947,28.867
2948,28.3
2949,27.833
2950,27.55
2951,24.367
2952,10.867
2953,9.867
2954,9.2
2955,9.633
2956,12.533
2957,11.633
2958,12.4
2959,12.633
2960,17.5
2961,13.167
2962,10.733
2963,9.8
2964,9.667
2965,12.067
2966,8.567
2967,8
2968,7.9
2969,18
2970,22.167
2971,23.933
2972,24.833
2973,25.267
2974,25.4
2975,21.8
2976,9.2
2977,8.4
2978,8.7
2979,9.8
2980,12.767
2981,11.7
2982,11.3
2983,11.475
2984,22.95
2985,12.833
2986,10.85
2987,9.8
2988,8.933
2989,8.133
2990,7.567
2991,7.133
2992,6.8
2993,12.933
2994,20.667
2995,22.9
2996,24.1
2997,24.5
2998,24.8
2999,24.95
3000,9.533
3001,8.1
3002,9.467
3003,10.467
3004,14.333
3005,13.3
3006,11.967
3007,12.3
3008,16.45
3009,12.4
3010,11.833
3011,11.067
3012,9.933
3013,13.567
3014,8.867
3015,8.425
3016,8
3017,19.233
3018,22.85
3019,24.467
3020,25.45
3021,25.8
3022,25.967
3023,25.9
3024,26
3025,26.333
3026,27.1
3027,28.233
3028,29.433
3029,30.8
3030,32.133
3031,33.325
3032,35.133
3033,36.167
3034,36.5
3035,36.15
3036,35.5
3037,34.7
3038,33.967
3039,33.167
3040,32.433
3041,31.733
3042,31.1
3043,30.4
3044,29.9
3045,29.425
3046,28.867
3047,28.5
3048,27.767
3049,9.467
3050,9.567
3051,10.367
3052,17.6
3053,12.8
3054,13.033
3055,12.9
3056,12.3
3057,15.733
3058,25.367
3059,25.525
3060,25.6
3061,25.567
3062,26.833
3063,27.3
3064,27.633
3065,27.9
3066,28.2
3067,28.3
3068,28.267
3069,28.167
3070,28
3071,27.8
3072,27.5
3073,27.3
3074,27.467
3075,28.033
3076,28.767
3077,29.667
3078,30.267
3079,31.1
3080,32.067
3081,15.95
3082,10.575
3083,9.933
3084,9.867
3085,12.8
3086,8.9
3087,8.3
3088,8.633
3089,18.05
3090,22.633
3091,24.75
3092,25.9
3093,26.52
3094,26.75
3095,26.933
3096,27
3097,26.067
3098,26.133
3099,26.7
3100,27.667
3101,29
3102,29.9
3103,30.967
3104,32.05
3105,32.8
3106,32.433
3107,31.7
3108,30.8
3109,29.833
3110,28.833
3111,27.967
3112,27.45
3113,27.333
3114,27.5
3115,27.5
3116,27.5
3117,27.5
3118,27.5
3119,27.433
3120,27.333
3121,26.733
3122,26.55
3123,26.825
3124,27.425
3125,28.7
3126,29.567
3127,30
3128,30.3
3129,30.533
3130,30.3
3131,29.933
3132,29.35
3133,28.733
3134,27.967
3135,27.275
3136,26.6
3137,26.567
3138,26.833
3139,26.9
3140,26.9
3141,26.933
3142,26.9
3143,26.8
3144,26.7
3145,26.133
3146,26.3
3147,26.833
3148,27.55
3149,28.533
3150,29.2
3151,29.767
3152,30.425
3153,31.05
3154,31
3155,30.4
3156,29.7
3157,28.733
3158,27.867
3159,27.067
3160,26.5
3161,26.5
3162,26.733
3163,26.833
3164,26.9
3165,26.9
3166,26.867
3167,26.8
3168,26.8
3169,26.375
3170,26.2
3171,26.567
3172,27.333
3173,28.167
3174,29.067
3175,29.8
3176,30.1
3177,30.6
3178,30.3
3179,29.8
3180,29.1
3181,28.233
3182,27.4
3183,26.575
3184,26.05
3185,26.033
3186,26.225
3187,26.3
3188,26.267
3189,26.2
3190,26.1
3191,26
3192,26.033
3193,26.3
3194,26.8
3195,27.4
3196,28.3
3197,29.3
3198,30.533
3199,31.7
3200,32.8
3201,32.867
3202,32.5
3203,32.767
3204,32.7
3205,32.067
3206,31.6
3207,31.067
3208,30.433
3209,29.9
3210,29.333
3211,28.867
3212,28.433
3213,28.033
3214,27.7
3215,27.4
3216,26.967
3217,26.433
3218,26.4
3219,26.7
3220,27.6
3221,28.5
3222,29.25
3223,30.267
3224,30.95
3225,18.8
3226,10.867
3227,9.95
3228,9.2
3229,10.333
3230,8.467
3231,8.25
3232,8.333
3233,15.967
3234,22
3235,23.867
3236,24.8
3237,25.2
3238,25.467
3239,25.5
3240,24.167
3241,23.72
3242,24.033
3243,24.667
3244,25.35
3245,26.5
3246,27.65
3247,28.767
3248,30.15
3249,30.767
3250,31.15
3251,30.9
3252,30.133
3253,18.367
3254,9.033
3255,11.4
3256,20.5
3257,22.6
3258,24.367
3259,25.433
3260,26.033
3261,26.25
3262,26.367
3263,26.333
3264,25.467
3265,24.8
3266,24.633
3267,25.133
3268,26.033
3269,27.36
3270,28.2
3271,29.075
3272,29.933
3273,23.1
3274,10.8
3275,9.833
3276,8.233
3277,10.833
3278,8.167
3279,7.967
3280,7.533
3281,17.033
3282,21.8
3283,23.35
3284,24.267
3285,24.7
3286,24.933
3287,24.9
3288,24.133
3289,23.8
3290,23.833
3291,24.533
3292,25.25
3293,26.3
3294,27.5
3295,28.667
3296,29.65
3297,19.667
3298,17
3299,23.9
3300,25.533
3301,26
3302,25.9
3303,25.6
3304,25.3
3305,25.333
3306,25.733
3307,26.033
3308,26.1
3309,26.133
3310,26.1
3311,15.533
3312,10.167
3313,19.25
3314,21.533
3315,23.1
3316,24.5
3317,26.067
3318,11.767
3319,12.1
3320,15.367
3321,12.05
3322,11.067
3323,10.533
3324,9.333
3325,12.5
3326,8.5
3327,8.05
3328,8.067
3329,17.3
3330,22.7
3331,24.667
3332,25.733
3333,26.15
3334,26.367
3335,26.4
3336,25.333
3337,9.467
3338,9.433
3339,10
3340,12.867
3341,10.767
3342,10.667
3343,11
3344,14.267
3345,11.05
3346,10.5
3347,9.933
3348,9.233
3349,18.88
3350,8.5
3351,8.333
3352,7.975
3353,19.233
3354,22.833
3355,24.3
3356,24.9
3357,25.167
3358,25.3
3359,25.3
3360,25.333
3361,25.6
3362,26.2
3363,26.9
3364,27.867
3365,28.933
3366,30
3367,30.8
3368,31.45
3369,31.967
3370,32
3371,31.9
3372,31.6
3373,30.833
3374,30.133
3375,29.5
3376,28.9
3377,28.333
3378,27.9
3379,27.625
3380,27.3
3381,27
3382,26.8
3383,26.467
3384,20.633
3385,9.433
3386,9.4
3387,9.5
3388,12.867
3389,10.8
3390,10.8
3391,10.8
3392,15.7
3393,17.633
3394,23.833
3395,25.033
3396,25.4
3397,25.4
3398,25.233
3399,24.95
3400,24.733
3401,24.8
3402,25.175
3403,25.425
3404,25.6
3405,25.7
3406,25.7
3407,25.633
3408,25.2
3409,9.2
3410,8.75
3411,9.2
3412,11.633
3413,11.767
3414,10.4
3415,10.6
3416,12.767
3417,10.55
3418,9.833
3419,8.967
3420,8.3
3421,11.967
3422,8.2
3423,8.367
3424,8.7
3425,15.333
3426,21.7
3427,23.467
3428,24.433
3429,24.9
3430,25.067
3431,25.2
3432,24.467
3433,24.067
3434,24.1
3435,24.433
3436,25.367
3437,26.267
3438,26.7
3439,27.15
3440,27.633
3441,17.367
3442,10.267
3443,9.467
3444,8.98
3445,8.633
3446,8.233
3447,8.3
3448,8.4
3449,21.067
3450,23.35
3451,24.4
3452,24.967
3453,25.267
3454,25.4
3455,25.4
3456,21.9
3457,21.3
3458,22.667
3459,24
3460,25.133
3461,26.533
3462,27.067
3463,27.467
3464,28
3465,11.567
3466,10.733
3467,10.133
3468,9.933
3469,9.5
3470,9.3
3471,8.933
3472,8.667
3473,15.433
3474,21.967
3475,23.6
3476,24.533
3477,24.867
3478,25.067
3479,25
3480,24.3
3481,9.767
3482,9.4
3483,9.65
3484,11.067
3485,11.467
3486,11.267
3487,11.633
3488,15.533
3489,12.4
3490,13.6
3491,9.167
3492,8.967
3493,9.4
3494,9.775
3495,10.333
3496,10.533
3497,10.567
3498,16.233
3499,16.033
3500,9.95
3501,9.067
3502,8.433
3503,8.2
3504,8.65
3505,8.167
3506,8.1
3507,19.167
3508,22.767
3509,24.133
3510,24.767
3511,25.067
3512,25.2
3513,25.2
3514,25.3
3515,25.733
3516,26.2
3517,26.833
3518,27.7
3519,28.6
3520,29.5
3521,30.4
3522,31.1
3523,31.6
3524,31.833
3525,31.533
3526,30.9
3527,30.3
3528,29.767
3529,29.1
3530,28.7
3531,28.233
3532,27.8
3533,27.433
3534,27.1
3535,26.867
3536,26.633
3537,26.367
3538,12.367
3539,20.967
3540,23
3541,24.267
3542,25.4
3543,26.8
3544,17.2
3545,10.933
3546,13.233
3547,10.975
3548,10.667
3549,9.733
3550,9.1
3551,13.65
3552,8.833
3553,8.6
3554,8.333
3555,14.9
3556,21.767
3557,23.567
3558,24.5
3559,25
3560,25.2
3561,25.3
3562,21.433
3563,9.267
3564,9.4
3565,9.7
3566,10.167
3567,10.833
3568,10.9
3569,10.967
3570,14.633
3571,11.233
3572,10.1
3573,9.433
3574,8.8
3575,13.2
3576,8.6
3577,8.367
3578,8.45
3579,14.667
3580,21.667
3581,23.633
3582,24.6
3583,25.133
3584,25.433
3585,25.533
3586,24.867
3587,24.667
3588,24.9
3589,25.3
3590,25.8
3591,16.667
3592,11.4
3593,11.533
3594,13.033
3595,18.567
3596,25.6
3597,26.7
3598,26.967
3599,26.775
3600,26.35
3601,25.833
3602,25.45
3603,25.3
3604,25.5
3605,25.6
3606,25.7
3607,25.633
3608,25.6
3609,25.567
3610,25.133
3611,24.9
3612,25
3613,25.667
3614,26.633
3615,27.6
3616,28.333
3617,29.3
3618,29.95
3619,18.267
3620,10.933
3621,10.3
3622,9.9
3623,12.6
3624,9.567
3625,9.433
3626,15.667
3627,17.1
3628,10.8
3629,9.6
3630,8.733
3631,8.3
3632,8.633
3633,9.033
3634,8.833
3635,17.633
3636,22.267
3637,23.9
3638,24.733
3639,25.2
3640,25.425
3641,25.4
3642,24.9
3643,24.7
3644,24.8
3645,25.2
3646,25.9
3647,26.6
3648,27.267
3649,28.05
3650,28.733
3651,29.367
3652,29.467
3653,29.35
3654,28.967
3655,28.367
3656,28.033
3657,27.567
3658,27.1
3659,16.15
3660,9.233
3661,9.767
3662,10.367
3663,11.233
3664,11.3
3665,11.367
3666,18
3667,12.933
3668,11.033
3669,10.25
3670,9.567
3671,8.9
3672,8.4
3673,8.433
3674,8.533
3675,18.967
3676,23.1
3677,24.567
3678,25.2
3679,25.7
3680,26
3681,26.2
3682,25.667
3683,25.033
3684,25.15
3685,25.367
3686,25.85
3687,26.7
3688,27.533
3689,28.333
3690,29
3691,29.367
3692,29.4
3693,29.167
3694,28.7
3695,28.133
3696,27.6
3697,27.067
3698,26.7
3699,26.633
3700,26.7
3701,26.7
3702,26.7
3703,26.567
3704,26.433
3705,26.333
3706,26.133
3707,25.95
3708,26.067
3709,26.2
3710,26.533
3711,27.1
3712,27.8
3713,28.733
3714,29.25
3715,11.1
3716,9.5
3717,9.433
3718,14.9
3719,10.35
3720,15.2
3721,23.3
3722,26.2
3723,27.767
3724,19.725
3725,11.367
3726,10.6
3727,10
3728,14.7
3729,9.1
3730,8.7
3731,8.467
3732,18.7
3733,22.933
3734,24.667
3735,25.6
3736,25.95
3737,26.25
3738,26.3
3739,25.933
3740,25.533
3741,25.6
3742,26.1
3743,26.767
3744,27.7
3745,28.367
3746,29.1
3747,29.667
3748,29.933
3749,29.5
3750,28.833
3751,27.9
3752,27.233
3753,26.467
3754,26.033
3755,25.65
3756,25.85
3757,26.1
3758,26.367
3759,26.5
3760,26.5
3761,26.5
3762,26.5
3763,21.167
3764,19.867
3765,22.733
3766,24.5
3767,21.367
3768,11.133
3769,10.7
3770,11.167
3771,23.65
3772,11.3
3773,16.85
3774,16.667
3775,21.9
3776,23.233
3777,23.5
3778,23.6
3779,24.1
3780,24.5
3781,25.033
3782,25.35
3783,25.6
3784,25.867
3785,26
3786,26
3787,26.25
3788,26.6
3789,26.967
3790,27.533
3791,28.3
3792,29.267
3793,29.767
3794,29.8
3795,29.75
3796,29.7
3797,29.5
3798,29.2
3799,28.9
3800,28.6
3801,28.35
3802,28.1
3803,27.8
3804,27.6
3805,27.433
3806,27.267
3807,27.167
3808,27
3809,23.3
3810,16.1
3811,10.9
3812,18.533
3813,22.1
3814,22.9
3815,10.45
3816,9.267
3817,15.067
3818,21.833
3819,23.967
3820,25.033
3821,25.7
3822,26.4
3823,26.8
3824,26.867
3825,26.7
3826,26.333
3827,25.8
3828,25.233
3829,24.733
3830,24.3
3831,24.267
3832,24.7
3833,25.133
3834,25.4
3835,25.5
3836,25.6
3837,25.567
3838,25.033
3839,24.667
3840,24.775
3841,25.133
3842,25.7
3843,26.3
3844,26.833
3845,27.4
3846,27.8
3847,27.933
3848,28.067
3849,28
3850,27.6
3851,27.133
3852,26.7
3853,26.267
3854,25.767
3855,25.5
3856,25.767
3857,25.933
3858,26
3859,26
3860,25.9
3861,25.8
3862,20.3
3863,9.733
3864,9.733
3865,10.033
3866,10.7
3867,13.075
3868,11.5
3869,11.5
3870,11.933
3871,19.567
3872,24.567
3873,25.3
3874,25.6
3875,25.633
3876,25.4
3877,25.1
3878,24.733
3879,24.767
3880,25.1
3881,25.35
3882,25.567
3883,25.633
3884,25.7
3885,25.7
3886,18.2
3887,10.2
3888,10.133
3889,10.267
3890,10.467
3891,11.033
3892,11.1
3893,11.533
3894,11.5
3895,10.933
3896,10.767
3897,10.067
3898,9.5
3899,9.2
3900,9.133
3901,8.8
3902,8.65
3903,14.45
3904,21.067
3905,23.333
3906,24.433
3907,25.067
3908,25.5
3909,25.633
3910,20.067
3911,10.067
3912,10.233
3913,10.333
3914,14.15
3915,10.933
3916,10.733
3917,10.833
3918,11.1
3919,10.967
3920,10.533
3921,10.267
3922,9.9
3923,9.65
3924,9.8
3925,9.375
3926,9.133
3927,15.233
3928,21.967
3929,23.8
3930,24.733
3931,25.267
3932,25.55
3933,25.767
3934,25.967
3935,26.3
3936,26.933
3937,27.767
3938,28.533
3939,29.7
3940,30.1
3941,30.767
3942,31.4
3943,31.667
3944,31.8
3945,31.633
3946,31.3
3947,30.9
3948,30.5
3949,29.667
3950,25.833
3951,27.933
3952,29
3953,28.8
3954,28.55
3955,28.3
3956,28
3957,27.767
3958,21.833
3959,10.767
3960,10.8
3961,10.8
3962,10.967
3963,11.1
3964,11.2
3965,11.075
3966,11.167
3967,14.067
3968,22.467
3969,24.133
3970,24.567
3971,24.55
3972,24.467
3973,24.3
3974,24.2
3975,24.2
3976,24.667
3977,25
3978,25.3
3979,25.45
3980,25.533
3981,25.633
3982,20.633
3983,10.033
3984,10
3985,10.1
3986,11.167
3987,11.5
3988,11.333
3989,10.9
3990,10.633
3991,10.733
3992,10.65
3993,10.667
3994,10.5
3995,10.767
3996,10.167
3997,9.9
3998,9.733
3999,29.333
4000,29.55
4001,28.6
4002,27.533
4003,26.8
4004,26.233
4005,25.833
4006,18
4007,9
4008,9.15
4009,10.2
4010,10.233
4011,10.333
4012,10.3
4013,10.367
4014,10.333
4015,10.2
4016,10
4017,9.6
4018,9.333
4019,9.2
4020,9.2
4021,9.133
4022,8.9
4023,17.067
4024,22.1
4025,23.767
4026,24.467
4027,24.8
4028,25
4029,25
4030,20.233
4031,10.167
4032,9.833
4033,10.233
4034,10.7
4035,10.667
4036,10.967
4037,10.7
4038,10.233
4039,9.9
4040,9.767
4041,9.633
4042,9.8
4043,9.533
4044,9.667
4045,9.767
4046,9.5
4047,17.667
4048,23.067
4049,24.367
4050,24.867
4051,25.067
4052,25.1
4053,25.033
4054,19.467
4055,9.6
4056,10.367
4057,10.7
4058,10.533
4059,10.067
4060,10.467
4061,11.233
4062,11.4
4063,11.633
4064,10.4
4065,10.333
4066,10
4067,9.667
4068,8.967
4069,8.567
4070,8.433
4071,9.067
4072,9.033
4073,9.2
4074,9.05
4075,12
4076,9
4077,9.033
4078,8.967
4079,9.633
4080,9.533
4081,9.933
4082,9.967
4083,10.05
4084,9.533
4085,9.2
4086,8.967
4087,8.9
4088,9.1
4089,8.6
4090,8.333
4091,8.333
4092,9.85
4093,8.85
4094,8.667
4095,8.767
4096,8.767
4097,8.733
4098,8.633
4099,8.65
4100,8.633
4101,8.633
4102,8.85
4103,9.533
4104,10.067
4105,11.167
4106,11.275
4107,11.433
4108,12.033
4109,12.1
4110,11.333
4111,11.633
4112,18.6
4113,18
4114,15.5
4115,10.367
4116,10.025
4117,9.833
4118,9.7
4119,9.567
4120,9.333
4121,9.167
4122,9
4123,8.767
4124,8.6
4125,8.7
4126,8.667
4127,8.6
4128,9.067
4129,9.667
4130,10.433
4131,10.8
4132,11.067
4133,10.833
4134,10.933
4135,10.65
4136,10.267
4137,9.4
4138,8.567
4139,8.367
4140,8.267
4141,8.25
4142,8.333
4143,8.967
4144,8.867
4145,8.867
4146,8.9
4147,8.733
4148,8.6
4149,8.767
4150,8.3
4151,8.667
4152,9.067
4153,9.2
4154,9.367
4155,9.133
4156,9.333
4157,9.2
4158,9.033
4159,8.733
4160,8.7
4161,8.433
4162,8.233
4163,8
4164,8.133
4165,8
4166,8.233
4167,8.567
4168,8.7
4169,8.7
4170,8.633
4171,8.8
4172,8.733
4173,8.8
4174,8.433
4175,8.2
4176,8.533
4177,8.667
4178,8.667
4179,9.05
4180,9.1
4181,8.767
4182,8.167
4183,8.2
4184,8.167
4185,8.1
4186,7.967
4187,7.633
4188,7.6
4189,7.7
4190,7.733
4191,7.95
4192,8.033
4193,7.967
4194,7.967
4195,8.033
4196,8.067
4197,8.2
4198,8.233
4199,8.367
4200,8.8
4201,8.85
4202,9.367
4203,9.85
4204,9.6
4205,9.9
4206,9.7
4207,9.9
4208,9.3
4209,8.95
4210,8.7
4211,8.5
4212,8.5
4213,8.3
4214,8.267
4215,17.6
4216,22
4217,23.667
4218,24.467
4219,24.9
4220,25.1
4221,25.1
4222,24.5
4223,23.567
4224,23
4225,22.933
4226,23.133
4227,23.5
4228,23.833
4229,24.367
4230,24.3
4231,24.133
4232,24
4233,23.8
4234,23.533
4235,23.333
4236,23.167
4237,22.967
4238,22.9
4239,23.4
4240,23.8
4241,24.3
4242,24.4
4243,24.4
4244,24.5
4245,24.567
4246,24.8
4247,11.1
4248,10.2
4249,10.2
4250,13.85
4251,21.567
4252,23.067
4253,23.833
4254,24
4255,24.167
4256,23.767
4257,23.4
4258,23.1
4259,22.75
4260,22.433
4261,22.267
4262,22.2
4263,22.7
4264,23.3
4265,23.7
4266,24.033
4267,24.233
4268,24.333
4269,24.467
4270,24.625
4271,24.667
4272,24.35
4273,10.933
4274,11.233
4275,12.067
4276,11.267
4277,13.3
4278,11.967
4279,11.475
4280,10.833
4281,15.733
4282,22.1
4283,23.767
4284,24.467
4285,24.833
4286,24.967
4287,25
4288,25.067
4289,25.067
4290,25
4291,24.967
4292,24.9
4293,24.867
4294,16.867
4295,10.15
4296,10.2
4297,16.733
4298,19.633
4299,20.1
4300,20.733
4301,22.1
4302,23.067
4303,23.5
4304,23.567
4305,23.567
4306,23.233
4307,22.933
4308,22.733
4309,22.567
4310,22.3
4311,22.767
4312,23.5
4313,23.967
4314,24.3
4315,24.5
4316,24.667
4317,24.7
4318,24.1
4319,23.333
4320,23.033
4321,23.05
4322,23.167
4323,23.4
4324,23.7
4325,24.067
4326,24.167
4327,23.933
4328,23.7
4329,23.467
4330,23.267
4331,23.067
4332,22.9
4333,22.867
4334,22.867
4335,23.167
4336,23.642
4337,24.1
4338,24.333
4339,24.5
4340,24.6
4341,24.633
4342,14.567
4343,10.1
4344,10.3
4345,10.2
4346,10.167
4347,10.533
4348,10.6
4349,10.4
4350,10.2
4351,9.833
4352,9.767
4353,9.733
4354,9.367
4355,9.433
4356,9.367
4357,9.4
4358,9.367
4359,14.5
4360,19.333
4361,19.8
4362,19.833
4363,20.367
4364,21.533
4365,22.6
4366,18.667
4367,9.533
4368,9.233
4369,9.1
4370,9.467
4371,19.033
4372,21.325
4373,22.4
4374,22.8
4375,22.9
4376,22.867
4377,22.9
4378,22.733
4379,22.467
4380,22.2
4381,22.067
4382,22
4383,22.567
4384,23.367
4385,23.867
4386,24.15
4387,24.4
4388,24.567
4389,24.6
4390,19.867
4391,10.267
4392,10.267
4393,10.667
4394,11.367
4395,19.55
4396,20.933
4397,21.2
4398,22
4399,22.8
4400,23.05
4401,23.08
4402,22.55
4403,22.1
4404,21.783
4405,21.533
4406,21.52
4407,21.871
4408,22.6
4409,23.033
4410,23.3
4411,23.467
4412,23.6
4413,23.64
4414,23.35
4415,22.65
4416,22.42
4417,22.25
4418,22.2
4419,22.171
4420,22.3
4421,22.286
4422,22.16
4423,22.067
4424,21.9
4425,21.8
4426,21.7
4427,21.7
4428,21.7
4429,21.58
4430,21.4
4431,21.8
4432,22.26
4433,22.6
4434,22.883
4435,23.05
4436,23.2
4437,23.267
4438,23.2
4439,23.25
4440,18.22
4441,10.417
4442,10.467
4443,10.4
4444,9.82
4445,9.75
4446,9.417
4447,9.417
4448,11.84
4449,20.083
4450,22.467
4451,23.16
4452,23.35
4453,23.467
4454,23.5
4455,23.58
4456,23.6
4457,23.6
4458,23.6
4459,23.56
4460,23.5
4461,23.35
4462,22.96
4463,11.367
4464,9.583
4465,9.34
4466,9.4
4467,9.56
4468,9.583
4469,9.44
4470,10.867
4471,22.983
4472,21.34
4473,22.58
4474,22.78
4475,22.6
4476,22.683
4477,23.78
4478,23.9
4479,25.067
4480,25.683
4481,25.3
4482,24.817
4483,24.48
4484,24.214
4485,23.933
4486,23.74
4487,24.467
4488,21.28
4489,15.52
4490,21.34
4491,22.167
4492,15.771
4493,18.783
4494,18.883
4495,24.82
4496,24.833
4497,24.06
4498,23.4
4499,22.975
4500,22.717
4501,22.433
4502,22.2
4503,22.183
4504,22.45
4505,22.6
4506,22.6
4507,22.6
4508,22.55
4509,22.5
4510,22.7
4511,22.98
4512,16.333
4513,18.48
4514,16.083
4515,19.329
4516,11.875
4517,20.45
4518,16.767
4519,14.22
4520,17.05
4521,19.16
4522,14.017
4523,16.333
4524,19.117
4525,17.8
4526,23.06
4527,19.083
4528,22.5
4529,23.317
4530,23.5
4531,23.5
4532,23.45
4533,23.333
4534,22.9
4535,23.15
4536,24.26
4537,24.471
4538,11.35
4539,8.867
4540,9.18
4541,9
4542,15
4543,12.767
4544,17.8
4545,18.117
4546,18.483
4547,19.317
4548,20.117
4549,20.65
4550,20.94
4551,21.267
4552,21.8
4553,22.171
4554,22.4
4555,22.567
4556,14.957
4557,9.25
4558,9.06
4559,9
4560,9.1
4561,18.771
4562,17.76
4563,14.8
4564,16.283
4565,12.067
4566,18.467
4567,11.64
4568,14.1
4569,20.5
4570,21.15
4571,21.08
4572,24.557
4573,24.7
4574,24.8
4575,25.12
4576,26.7
4577,26.333
4578,25.729
4579,25.26
4580,24.843
4581,24.617
4582,25.143
4583,25.5
4584,16.267
4585,9.28
4586,9.317
4587,15.317
4588,9.75
4589,9.56
4590,9.386
4591,15.083
4592,14.983
4593,17.84
4594,19.486
4595,16.267
4596,15.1
4597,16.98
4598,19.117
4599,15.629
4600,21.617
4601,23.14
4602,23.683
4603,23.917
4604,24.017
4605,24.1
4606,24.133
4607,24.233
4608,24.55
4609,14.26
4610,14.483
4611,11.017
4612,11.42
4613,16.433
4614,21.42
4615,21.857
4616,22.725
4617,23.76
4618,24.3
4619,24.571
4620,24.7
4621,24.767
4622,24.8
4623,24.8
4624,24.65
4625,24.5
4626,24.5
4627,24.4
4628,24.4
4629,24.44
4630,22.283
4631,21.65
4632,22.54
4633,22.883
4634,23.167
4635,23.417
4636,23.7
4637,24.033
4638,24.12
4639,24.183
4640,24.1
4641,23.967
4642,20.567
4643,13.4
4644,17.467
4645,21.55
4646,18.45
4647,22.03
4648,25.28
4649,25.7
4650,25.567
4651,25.286
4652,17.62
4653,15.683
4654,18.74
4655,12.117
4656,11.94
4657,15.85
4658,9.271
4659,9.42
4660,9.6
4661,9.56
4662,9.7
4663,14.167
4664,18.8
4665,19.35
4666,20.15
4667,21.233
4668,21.86
4669,22.083
4670,22.3
4671,22.78
4672,23.167
4673,23.314
4674,23.4
4675,23.467
4676,23.5
4677,23.72
4678,20.517
4679,9.8
4680,10.067
4681,10.25
4682,10.36
4683,10.386
4684,10.25
4685,10.04
4686,10.15
4687,9.917
4688,9.933
4689,9.75
4690,10.04
4691,9.883
4692,9.85
4693,9.88
4694,9.967
4695,18.34
4696,20.567
4697,20.5
4698,20.5
4699,21.02
4700,21.8
4701,22.217
4702,18.4
4703,9.5
4704,9.55
4705,9.783
4706,10.04
4707,10.283
4708,9.933
4709,9.867
4710,9.64
4711,9.7
4712,9.7
4713,14.775
4714,22.02
4715,23.267
4716,12.52
4717,8.983
4718,9.017
4719,17.267
4720,22.7
4721,23.7
4722,24.033
4723,24.1
4724,24.04
4725,23.517
4726,23.2
4727,22.783
4728,22.7
4729,22.817
4730,23.2
4731,23.567
4732,24
4733,24.433
4734,24.54
4735,24.333
4736,23.983
4737,23.72
4738,23.367
4739,23.067
4740,22.783
4741,22.567
4742,22.5
4743,22.817
4744,23.35
4745,23.6
4746,23.7
4747,23.7
4748,23.683
4749,23.34
4750,23.2
4751,22.95
4752,22.78
4753,22.94
4754,23.583
4755,24.1
4756,24.62
4757,25.067
4758,25.74
4759,14.483
4760,10.12
4761,10.117
4762,9.983
4763,9.8
4764,9.6
4765,9.467
4766,9.52
4767,16.457
4768,21.7
4769,23.171
4770,23.7
4771,23.88
4772,23.983
4773,24
4774,24
4775,24.033
4776,24.2
4777,24.5
4778,24.917
4779,25.483
4780,25.66
4781,25.833
4782,25.85
4783,25.633
4784,25.383
4785,25.18
4786,24.9
4787,24.66
4788,24.45
4789,24.26
4790,24.117
4791,23.917
4792,23.76
4793,23.633
4794,23.54
4795,23.467
4796,16.783
4797,10.32
4798,9.967
4799,9.62
4800,9.8
4801,9.92
4802,9.933
4803,9.9
4804,9.817
4805,9.58
4806,9.46
4807,14.26
4808,18.85
4809,19.76
4810,19.95
4811,20.36
4812,21.15
4813,25.55
4814,32.433
4815,27.68
4816,25.767
4817,24.86
4818,24.35
4819,24.067
4820,23.85
4821,23.84
4822,18
4823,9.56
4824,13.883
4825,23.633
4826,12.98
4827,21.433
4828,23.58
4829,24.52
4830,24.767
4831,16.46
4832,9.633
4833,9.533
4834,9.26
4835,9.133
4836,9.06
4837,9.217
4838,9.3
4839,18.8
4840,22.183
4841,23.44
4842,23.867
4843,24.15
4844,24.2
4845,24.033
4846,21.12
4847,9.45
4848,9.333
4849,9.517
4850,15.1
4851,22.38
4852,24.083
4853,25.117
4854,25.44
4855,25.514
4856,25.3
4857,25
4858,24.633
4859,24.217
4860,24
4861,23.817
4862,23.717
4863,24.02
4864,24.233
4865,24.343
4866,24.417
4867,24.433
4868,24.4
4869,24.314
4870,24.12
4871,23.933
4872,23.617
4873,23.767
4874,24.14
4875,25.033
4876,25.76
4877,26.3
4878,26.74
4879,15.85
4880,10.075
4881,19.75
4882,22.133
4883,23.45
4884,24.2
4885,24.5
4886,24.7
4887,24.75
4888,24.5
4889,24.05
4890,23.95
4891,24.133
4892,24.2
4893,24.837
4894,25.625
4895,26.633
4896,27.2
4897,17.517
4898,11.133
4899,10.3
4900,10.857
4901,13.9
4902,9.817
4903,9.537
4904,10.567
4905,20.15
4906,23.3
4907,24.46
4908,24.986
4909,25.25
4910,25.4
4911,25.38
4912,25.35
4913,24.933
4914,24.76
4915,25
4916,25.771
4917,26.917
4918,26.95
4919,27.15
4920,26.52
4921,10.567
4922,10.05
4923,9.833
4924,9.5
4925,13.117
4926,9.333
4927,9.017
4928,10.617
4929,19.9
4930,23.083
4931,24.4
4932,24.867
4933,25.083
4934,25.16
4935,25.183
4936,25.233
4937,25.45
4938,25.76
4939,26.25
4940,26.929
4941,27.66
4942,28.2
4943,28.967
4944,29.567
4945,29.767
4946,29.98
4947,29.9
4948,29.6
4949,29.117
4950,28.62
4951,28.167
4952,27.667
4953,27.15
4954,26.74
4955,26.333
4956,26
4957,25.72
4958,25.486
4959,25.283
4960,25.35
4961,24.825
4962,24.5
4963,24.471
4964,24.633
4965,25.65
4966,25.54
4967,25.483
4968,25.367
4969,25.05
4970,24.467
4971,24.167
4972,23.917
4973,24.1
4974,23.72
4975,23.417
4976,23.229
4977,23.517
4978,23.86
4979,24
4980,24
4981,24
4982,24
4983,23.95
4984,24.12
4985,24.5
4986,24.833
4987,25.05
4988,25.583
4989,26.067
4990,25.86
4991,26
4992,26.267
4993,26.44
4994,26.343
4995,25.9
4996,25.343
4997,25.233
4998,24.833
4999,24.36
5000,24.35
5001,24.683
5002,24.88
5003,24.9
5004,24.9
5005,24.8
5006,24.8
5007,24.817
5008,24.717
5009,24.083
5010,23.9
5011,24.033
5012,24.25
5013,24.8
5014,24.85
5015,25.04
5016,25.52
5017,23.986
5018,10
5019,9.417
5020,8.917
5021,12.04
5022,9.683
5023,8.7
5024,8.7
5025,16.65
5026,21.7
5027,23.25
5028,23.783
5029,23.975
5030,24.1
5031,24.1
5032,24.1
5033,23.3
5034,23.183
5035,23.317
5036,24.05
5037,25.12
5038,25.72
5039,26.02
5040,26.3
5041,26.76
5042,14.98
5043,20.06
5044,22.717
5045,17.1
5046,9.9
5047,10.283
5048,10.133
5049,18.783
5050,22.943
5051,24.525
5052,25.075
5053,25.167
5054,25.25
5055,25.283
5056,25.333
5057,10.18
5058,10.4
5059,10.467
5060,15.34
5061,23.2
5062,25.867
5063,27.014
5064,27.86
5065,14.329
5066,10
5067,13.44
5068,9.567
5069,18.15
5070,10.983
5071,9.417
5072,9.16
5073,15.9
5074,22.05
5075,23.867
5076,24.533
5077,24.86
5078,25
5079,25.117
5080,25.28
5081,25.05
5082,24.714
5083,24.9
5084,25.367
5085,26.229
5086,26.48
5087,26.36
5088,26.083
5089,25.517
5090,10.48
5091,10.467
5092,10.54
5093,12.483
5094,10.62
5095,10.1
5096,9.717
5097,16.54
5098,22.3
5099,24.017
5100,24.767
5101,24.98
5102,25.1
5103,25.1
5104,25.16
5105,25.36
5106,25.7
5107,26.167
5108,26.58
5109,27.16
5110,28.05
5111,28.883
5112,29.32
5113,29.717
5114,29.967
5115,29.9
5116,29.66
5117,29.2
5118,28.683
5119,28.2
5120,27.8
5121,27.367
5122,27.017
5123,26.74
5124,26.467
5125,26.25
5126,26.12
5127,25.95
5128,25.483
5129,24.383
5130,24.04
5131,24
5132,24.267
5133,24.633
5134,24.217
5135,24.12
5136,24.333
5137,24.733
5138,24.783
5139,24.5
5140,24.067
5141,17.55
5142,10.133
5143,10.02
5144,9.829
5145,18.52
5146,22.129
5147,23.533
5148,24.1
5149,24.3
5150,24.4
5151,24.5
5152,22.983
5153,22.417
5154,22.7
5155,22.76
5156,22.983
5157,23.367
5158,23.125
5159,23.257
5160,23.833
5161,23.92
5162,23.688
5163,23.575
5164,23.267
5165,23.567
5166,22.92
5167,22.55
5168,22.333
5169,22.88
5170,23.517
5171,23.88
5172,24.133
5173,24.283
5174,24.367
5175,24.5
5176,24.4
5177,23.35
5178,22.8
5179,22.7
5180,23.1
5181,23.4
5182,23.3
5183,23.42
5184,23.6
5185,23.6
5186,23.6
5187,23.5
5188,23.417
5189,23.52
5190,23.233
5191,23.017
5192,22.967
5193,23.24
5194,23.617
5195,23.886
5196,24.04
5197,24.183
5198,24.28
5199,24.35
5200,24.217
5201,23.62
5202,21
5203,21.267
5204,22.28
5205,19.667
5206,10.5
5207,10.6
5208,10.317
5209,13.68
5210,20.08
5211,21.333
5212,21.883
5213,22.4
5214,22.25
5215,22
5216,21.9
5217,22.45
5218,23.05
5219,23.42
5220,23.714
5221,23.92
5222,24
5223,24
5224,24.083
5225,24.1
5226,24.16
5227,24.257
5228,24.44
5229,24.583
5230,24.833
5231,24.9
5232,25
5233,25.1
5234,25.2
5235,25.186
5236,25.05
5237,24.867
5238,24.7
5239,24.54
5240,24.443
5241,24.317
5242,24.167
5243,24.083
5244,24
5245,23.925
5246,23.9
5247,23.933
5248,23.85
5249,22.72
5250,22.117
5251,21.757
5252,21.8
5253,22.28
5254,22.3
5255,22.433
5256,22.82
5257,23.6
5258,23.183
5259,22.817
5260,22.6
5261,22.9
5262,22.517
5263,22.12
5264,21.95
5265,22.35
5266,22.8
5267,23.083
5268,23.22
5269,23.3
5270,23.383
5271,23.4
5272,23.48
5273,23.567
5274,23.883
5275,24.35
5276,24.85
5277,22.04
5278,11.786
5279,19.75
5280,24.533
5281,25.68
5282,26.133
5283,26.1
5284,26.04
5285,25.817
5286,25.583
5287,25.4
5288,25.167
5289,24.96
5290,24.833
5291,24.7
5292,24.56
5293,24.433
5294,24.317
5295,24.3
5296,24.214
5297,23.32
5298,22.683
5299,22.42
5300,22.629
5301,22.983
5302,22.95
5303,23.08
5304,23.233
5305,23.367
5306,23.18
5307,22.917
5308,22.6
5309,22.917
5310,22.32
5311,21.717
5312,21.567
5313,22.233
5314,22.8
5315,23.183
5316,23.4
5317,23.54
5318,23.6
5319,23.6
5320,23.617
5321,23.72
5322,23.9
5323,24.083
5324,24.325
5325,24.54
5326,24.78
5327,24.9
5328,24.9
5329,24.9
5330,24.96
5331,24.933
5332,24.817
5333,24.64
5334,24.45
5335,24.3
5336,24.167
5337,24.04
5338,23.933
5339,23.8
5340,23.7
5341,23.633
5342,23.467
5343,23.2
5344,23.15
5345,22.6
5346,22.083
5347,21.867
5348,22.1
5349,22.15
5350,22.1
5351,22.1
5352,22.217
5353,22.42
5354,22.3
5355,22.133
5356,22.033
5357,22.3
5358,22.067
5359,21.96
5360,21.95
5361,22.533
5362,22.9
5363,23.167
5364,23.317
5365,23.4
5366,23.4
5367,23.5
5368,23.417
5369,22.66
5370,22.529
5371,22.7
5372,22.98
5373,23.483
5374,23.571
5375,23.6
5376,23.8
5377,23.717
5378,23.52
5379,23.4
5380,23.18
5381,23.3
5382,23.083
5383,22.733
5384,22.6
5385,22.883
5386,23.229
5387,23.417
5388,23.5
5389,23.567
5390,23.6
5391,23.62
5392,23.483
5393,22.888
5394,22.925
5395,23.214
5396,23.683
5397,24
5398,24.083
5399,24.2
5400,24.575
5401,24.8
5402,24.686
5403,24.483
5404,24.283
5405,24.15
5406,23.8
5407,23.5
5408,23.35
5409,23.68
5410,24.033
5411,24.24
5412,24.383
5413,24.417
5414,24.48
5415,24.35
5416,24.05
5417,23.629
5418,23.6
5419,23.74
5420,24.24
5421,24.54
5422,24.683
5423,24.92
5424,25.54
5425,23.12
5426,23.917
5427,24.033
5428,23.94
5429,24.125
5430,24.083
5431,23.633
5432,23.414
5433,23.76
5434,24
5435,24.15
5436,24.267
5437,24.38
5438,24.417
5439,24.5
5440,24.5
5441,24.617
5442,24.967
5443,25.367
5444,25.9
5445,26.317
5446,26.75
5447,27.257
5448,27.567
5449,27.6
5450,27.4
5451,27.2
5452,26.867
5453,26.48
5454,26.133
5455,25.75
5456,25.48
5457,25.217
5458,25.05
5459,24.9
5460,24.8
5461,24.717
5462,24.583
5463,24.5
5464,24.233
5465,23.46
5466,23.417
5467,23.65
5468,24.033
5469,24.62
5470,24.933
5471,25.08
5472,24.867
5473,24.633
5474,24.5
5475,24.46
5476,24.2
5477,24.2
5478,23.867
5479,23.583
5480,23.52
5481,23.8
5482,24.057
5483,24.2
5484,24.28
5485,24.267
5486,24.2
5487,24.16
5488,23.6
5489,23.32
5490,23.343
5491,23.433
5492,23.683
5493,23.957
5494,23.886
5495,23.729
5496,20.022
5497,9.94
5498,11.825
5499,20.017
5500,21.283
5501,21.95
5502,21.767
5503,21.52
5504,21.413
5505,22.086
5506,22.667
5507,22.96
5508,23.18
5509,23.343
5510,23.4
5511,23.475
5512,23.425
5513,22.533
5514,21.967
5515,21.8
5516,21.8
5517,22.15
5518,22.4
5519,22.5
5520,22.583
5521,22.54
5522,22.183
5523,21.933
5524,21.74
5525,21.917
5526,21.75
5527,21.6
5528,21.7
5529,22.417
5530,22.917
5531,23.329
5532,23.617
5533,23.82
5534,24
5535,24.117
5536,23.68
5537,22.967
5538,22.84
5539,23.15
5540,23.783
5541,24.44
5542,24.617
5543,25.117
5544,25.3
5545,25.4
5546,25.28
5547,25.167
5548,24.933
5549,25
5550,24.6
5551,24.417
5552,24.3
5553,24.52
5554,24.783
5555,24.933
5556,25
5557,25
5558,25.017
5559,25.05
5560,24.75
5561,24.2
5562,24.22
5563,24.6
5564,24.9
5565,25.417
5566,25.633
5567,25.84
5568,26.133
5569,26.65
5570,26.567
5571,26.34
5572,25.917
5573,25.65
5574,25.24
5575,25
5576,24.814
5577,24.88
5578,25.067
5579,25.1
5580,25.05
5581,24.983
5582,24.86
5583,24.75
5584,24.7
5585,24.333
5586,24.167
5587,24.417
5588,24.74
5589,25.233
5590,25.35
5591,25.7
5592,25.943
5593,26.317
5594,26.417
5595,26.06
5596,25.617
5597,25.45
5598,25.117
5599,24.886
5600,24.64
5601,24.733
5602,24.85
5603,24.9
5604,24.9
5605,24.883
5606,24.75
5607,24.633
5608,24.6
5609,24.817
5610,25.25
5611,25.84
5612,26.45
5613,26.914
5614,27.42
5615,27.95
5616,28.55
5617,28.933
5618,28.98
5619,28.8
5620,28.35
5621,28
5622,27.6
5623,27.18
5624,26.8
5625,26.433
5626,26.12
5627,25.817
5628,25.529
5629,25.314
5630,25.05
5631,24.92
5632,24.9
5633,24.467
5634,24.62
5635,25.05
5636,25.667
5637,26.217
5638,26.62
5639,26.85
5640,27.017
5641,26.96
5642,26.733
5643,26.52
5644,26.15
5645,25.867
5646,25.5
5647,25.233
5648,25.08
5649,25.017
5650,25.1
5651,25.1
5652,25.1
5653,25.029
5654,25
5655,24.98
5656,24.817
5657,24.4
5658,24.54
5659,24.967
5660,25.617
5661,26.34
5662,26.717
5663,27.125
5664,27.38
5665,27.783
5666,27.65
5667,27.38
5668,27.071
5669,26.46
5670,25.683
5671,25.62
5672,25.483
5673,25.533
5674,25.783
5675,25.986
5676,26.1
5677,26.183
5678,26.2
5679,26.28
5680,26.283
5681,25.84
5682,25.743
5683,26.033
5684,26.533
5685,27.333
5686,27.633
5687,28.3
5688,28.129
5689,27.767
5690,27.48
5691,27.233
5692,27
5693,26.783
5694,26.5
5695,26.24
5696,26.033
5697,26.017
5698,26.15
5699,26.2
5700,26.25
5701,26.267
5702,26.2
5703,26.2
5704,26.117
5705,25.76
5706,25.757
5707,26.1
5708,26.683
5709,27.7
5710,28.25
5711,28.9
5712,29.367
5713,29.817
5714,30.033
5715,29.58
5716,28.917
5717,28.467
5718,27.967
5719,27.583
5720,27.12
5721,26.9
5722,26.767
5723,26.7
5724,26.667
5725,26.6
5726,26.467
5727,26.329
5728,26.117
5729,25.7
5730,25.733
5731,26.1
5732,26.62
5733,27.283
5734,27.98
5735,28.483
5736,28.85
5737,29.35
5738,29.2
5739,28.64
5740,27.867
5741,27.48
5742,27.171
5743,26.783
5744,26.45
5745,26.367
5746,26.467
5747,26.4
5748,26.383
5749,26.28
5750,26.167
5751,26.083
5752,26.083
5753,25.767
5754,25.667
5755,25.92
5756,26.6
5757,27.514
5758,28.02
5759,28.383
5760,28.967
5761,29.433
5762,29.433
5763,29.3
5764,28.9
5765,28.643
5766,28.217
5767,27.817
5768,27.54
5769,27.467
5770,27.5
5771,27.44
5772,27.34
5773,27.2
5774,27.033
5775,26.82
5776,26.717
5777,27.025
5778,27.62
5779,28.483
5780,29.667
5781,30.8
5782,31.6
5783,32.25
5784,32.283
5785,31.75
5786,31.383
5787,19.767
5788,13.42
5789,12.52
5790,12.229
5791,12.2
5792,16.033
5793,23.54
5794,25.383
5795,26.45
5796,26.9
5797,27.08
5798,27.1
5799,27.1
5800,26.9
5801,25.9
5802,25.42
5803,25.467
5804,25.871
5805,26.5
5806,26.717
5807,26.8
5808,27.25
5809,27.6
5810,27.483
5811,27.117
5812,26.667
5813,26.483
5814,26.117
5815,26.133
5816,26.583
5817,26.917
5818,27
5819,26.883
5820,26.78
5821,26.683
5822,26.467
5823,25.833
5824,25.66
5825,25.217
5826,25.22
5827,25.357
5828,25.633
5829,26.567
5830,27.233
5831,27.417
5832,27.633
5833,27.929
5834,27.883
5835,27.74
5836,27.5
5837,27.267
5838,26.967
5839,26.8
5840,26.7
5841,26.7
5842,26.7
5843,26.667
5844,26.55
5845,26.433
5846,26.34
5847,26.3
5848,26.217
5849,25.85
5850,25.7
5851,25.85
5852,26.317
5853,26.95
5854,27.467
5855,27.95
5856,28.633
5857,29
5858,28.92
5859,28.8
5860,27.2
5861,27.15
5862,26.95
5863,26.8
5864,26.65
5865,26.55
5866,26.5
5867,26.45
5868,26.7
5869,26.533
5870,26.7
5871,27.1
5872,27.55
5873,28.057
5874,28.617
5875,29.233
5876,29.74
5877,29.75
5878,29.557
5879,28.94
5880,28.567
5881,28.143
5882,27.75
5883,27.55
5884,27.533
5885,27.6
5886,27.55
5887,27.443
5888,27.26
5889,27.133
5890,26.843
5891,26.533
5892,26.14
5893,26.029
5894,26.25
5895,26.883
5896,27.3
5897,27.8
5898,28.267
5899,28.85
5900,29.5
5901,29.817
5902,29.65
5903,29.08
5904,28.467
5905,27.867
5906,27.417
5907,27
5908,26.875
5909,26.767
5910,26.633
5911,26.467
5912,26.343
5913,26.233
5914,26.12
5915,26.1
5916,26.2
5917,26.6
5918,27.18
5919,27.917
5920,28.85
5921,29.767
5922,30.517
5923,31.1
5924,31.483
5925,31.35
5926,30.94
5927,30.383
5928,29.95
5929,29.56
5930,29.167
5931,28.8
5932,28.48
5933,28.2
5934,27.9
5935,27.68
5936,27.45
5937,27.186
5938,26.983
5939,26.9
5940,27.05
5941,27.371
5942,27.983
5943,28.8
5944,29.683
5945,30.533
5946,31.483
5947,31.68
5948,15.367
5949,13.4
5950,15.767
5951,15.7
5952,15.3
5953,14.95
5954,15.433
5955,23.533
5956,26.117
5957,27.117
5958,27.4
5959,27.386
5960,27.25
5961,27.06
5962,26.767
5963,26.55
5964,26.633
5965,26.6
5966,26.817
5967,21.5
5968,15.429
5969,17.525
5970,25.567
5971,27.267
5972,24.65
5973,25.6
5974,25.617
5975,25.133
5976,24.34
5977,18.75
5978,14.283
5979,14.32
5980,22.2
5981,25.567
5982,26.583
5983,26.84
5984,26.783
5985,26.7
5986,26.58
5987,21
5988,14
5989,13.98
5990,14.317
5991,14.483
5992,15.014
5993,15.567
5994,14.214
5995,12.343
5996,12.683
5997,12.483
5998,11.95
5999,11.6
6000,11.367
6001,11.117
6002,16.925
6003,22.217
6004,24.083
6005,25
6006,25.383
6007,25.517
6008,25.5
6009,10.483
6010,10.18
6011,10.367
6012,10.65
6013,11.357
6014,11.717
6015,11.08
6016,11.513
6017,12.117
6018,12.04
6019,11.1
6020,10.467
6021,10.05
6022,9.38
6023,9.1
6024,9.2
6025,9.2
6026,9.24
6027,9.029
6028,8.82
6029,8.711
6030,8.675
6031,8.86
6032,8.717
6033,8.65
6034,8.517
6035,8.65
6036,9.467
6037,9.867
6038,9.333
6039,9.957
6040,10.24
6041,9.8
6042,10.033
6043,9.86
6044,9.45
6045,9.167
6046,8.8
6047,8.717
6048,8.62
6049,8.417
6050,8.367
6051,8.26
6052,8.117
6053,8.217
6054,8.2
6055,8.14
6056,8.117
6057,8.117
6058,8.033
6059,8.017
6060,8.32
6061,8.45
6062,9.375
6063,9.35
6064,9.371
6065,8.8
6066,10.65
6067,9.433
6068,8.95
6069,8.12
6070,8.56
6071,14.567
6072,23.767
6073,24.16
6074,24.183
6075,24.15
6076,24.35
6077,24.45
6078,24.517
6079,24.4
6080,24.214
6081,24.183
6082,24.15
6083,24.12
6084,24.15
6085,15.1
6086,21.86
6087,17.2
6088,24.6
6089,24.86
6090,14.5
6091,24.46
6092,15.717
6093,24.083
6094,25.7
6095,24.933
6096,24.65
6097,23.94
6098,23.25
6099,22.817
6100,23.133
6101,23.48
6102,23.683
6103,23.85
6104,23.967
6105,24
6106,24.086
6107,24.1
6108,24.24
6109,24.517
6110,24.65
6111,21.383
6112,16.06
6113,11.817
6114,11.75
6115,20.343
6116,23.1
6117,24.16
6118,24.617
6119,24.8
6120,24.813
6121,24.8
6122,24.717
6123,24.643
6124,24.52
6125,24.433
6126,24.333
6127,24.217
6128,24.1
6129,24.017
6130,23.85
6131,23.433
6132,22.62
6133,22.014
6134,15.171
6135,19.371
6136,20.886
6137,21.5
6138,21.783
6139,21.825
6140,22.05
6141,21.82
6142,21.98
6143,22.275
6144,22.3
6145,21.85
6146,21.45
6147,21.2
6148,21.66
6149,22.283
6150,22.65
6151,22.871
6152,22.98
6153,23.083
6154,22.85
6155,22.583
6156,22.217
6157,21.88
6158,21.8
6159,21.822
6160,22.06
6161,22.4
6162,22.9
6163,23.1
6164,22.683
6165,22.46
6166,22.1
6167,21.717
6168,22
6169,21.817
6170,21.533
6171,21.533
6172,21.98
6173,22.4
6174,22.75
6175,22.94
6176,23.1
6177,23.2
6178,23.129
6179,22.871
6180,22.6
6181,22.483
6182,22.6
6183,22.94
6184,23.55
6185,24.043
6186,24.55
6187,24.94
6188,25.16
6189,25.043
6190,24.64
6191,24.1
6192,24.017
6193,23.72
6194,23.417
6195,23.217
6196,23.36
6197,23.614
6198,23.833
6199,23.98
6200,24
6201,24
6202,23.82
6203,23.817
6204,23.533
6205,23.44
6206,23.417
6207,23.667
6208,24.083
6209,24.32
6210,24.683
6211,25.167
6212,25.567
6213,25.217
6214,24.8
6215,24.183
6216,24.15
6217,23.767
6218,23.38
6219,23.133
6220,23.333
6221,23.617
6222,23.829
6223,23.983
6224,24
6225,24.1
6226,23.983
6227,23.814
6228,23.333
6229,23.2
6230,23.317
6231,23.68
6232,23.983
6233,23.783
6234,23.683
6235,23.583
6236,23.48
6237,23.25
6238,23.033
6239,22.717
6240,22.767
6241,22.58
6242,22.417
6243,22.25
6244,22.363
6245,22.54
6246,22.6
6247,22.6
6248,22.6
6249,22.6
6250,22.583
6251,22.483
6252,22.3
6253,22.45
6254,22.75
6255,23.283
6256,23.983
6257,24.283
6258,24.386
6259,24.42
6260,24.386
6261,24.183
6262,23.917
6263,23.617
6264,23.4
6265,23.25
6266,23.16
6267,23.05
6268,23.217
6269,23.4
6270,23.5
6271,23.586
6272,23.6
6273,23.7
6274,23.6
6275,23.6
6276,23.717
6277,24.167
6278,24.817
6279,25.75
6280,26.75
6281,27.6
6282,28.371
6283,29.05
6284,20.94
6285,24.95
6286,26.167
6287,26.633
6288,26.683
6289,26.55
6290,26.3
6291,26.083
6292,25.75
6293,25.471
6294,25.15
6295,24.88
6296,24.629
6297,24.417
6298,24.057
6299,23.417
6300,22.9
6301,22.8
6302,22.917
6303,23.5
6304,24.4
6305,24.643
6306,27.917
6307,28.7
6308,27.75
6309,26.783
6310,26.283
6311,25.9
6312,27.333
6313,27.233
6314,26.4
6315,25.767
6316,25.833
6317,26
6318,26.033
6319,26.067
6320,26
6321,25.933
6322,25.767
6323,25.64
6324,25.067
6325,24.583
6326,24.514
6327,24.8
6328,25.2
6329,25.2
6330,25.317
6331,25.72
6332,26.3
6333,26.367
6334,26.033
6335,25.45
6336,25.25
6337,25
6338,24.517
6339,24.217
6340,24.367
6341,24.729
6342,24.95
6343,25.1
6344,25.1
6345,25.1
6346,25.125
6347,25.083
6348,24.167
6349,25.1
6350,26.183
6351,26.333
6352,26.38
6353,26.133
6354,26.15
6355,25.767
6356,25.32
6357,24.933
6358,24.6
6359,24.283
6360,24.3
6361,24.4
6362,24.033
6363,23.8
6364,24.117
6365,24.48
6366,24.717
6367,24.9
6368,25.05
6369,25.133
6370,25.2
6371,25.05
6372,24.55
6373,24.433
6374,24.55
6375,24.82
6376,25.25
6377,25.414
6378,27.033
6379,28.457
6380,29.383
6381,28.9
6382,28.117
6383,27.133
6384,26.3
6385,25.7
6386,25.233
6387,24.92
6388,25.083
6389,25.4
6390,25.617
6391,25.767
6392,25.888
6393,25.96
6394,25.929
6395,25.84
6396,25.283
6397,24.986
6398,25.25
6399,25.771
6400,26.644
6401,27.35
6402,28.5
6403,28.033
6404,27.24
6405,26.333
6406,25.6
6407,25.4
6408,25.25
6409,25.04
6410,24.567
6411,24.15
6412,24.267
6413,24.5
6414,24.65
6415,24.7
6416,24.783
6417,24.8
6418,24.8
6419,24.9
6420,24.583
6421,24.533
6422,24.95
6423,25.78
6424,26.383
6425,26.717
6426,27.217
6427,27.217
6428,26.7
6429,25.933
6430,25.167
6431,24.743
6432,24.683
6433,24.54
6434,24.217
6435,24.033
6436,24.343
6437,24.567
6438,24.7
6439,24.78
6440,24.8
6441,24.9
6442,24.917
6443,24.85
6444,24.617
6445,24.08
6446,22.014
6447,24.014
6448,25.217
6449,25.65
6450,26.24
6451,27
6452,26.667
6453,26
6454,19.35
6455,22.267
6456,23.3
6457,23.58
6458,23.25
6459,23.033
6460,23.45
6461,23.817
6462,24.033
6463,24.1
6464,24.16
6465,24.2
6466,24.2
6467,24.267
6468,24.42
6469,24.817
6470,25.483
6471,26.4
6472,27.24
6473,16.65
6474,14.867
6475,14.867
6476,14.671
6477,16.483
6478,24.617
6479,26.6
6480,27.167
6481,27.3
6482,21.283
6483,23.76
6484,24.833
6485,25.183
6486,25.283
6487,25.15
6488,24.967
6489,24.763
6490,24.6
6491,17.883
6492,10.567
6493,11.2
6494,11.583
6495,12.133
6496,12.433
6497,12.45
6498,12.68
6499,12.633
6500,12.333
6501,11.667
6502,16.5
6503,23.617
6504,25.2
6505,25.514
6506,25.18
6507,25.183
6508,25.467
6509,25.767
6510,25.82
6511,25.783
6512,25.683
6513,25.5
6514,17.129
6515,10.15
6516,10.533
6517,10.817
6518,11.357
6519,11.917
6520,12.34
6521,12.35
6522,12.483
6523,12.3
6524,16.133
6525,24.217
6526,25.2
6527,25.45
6528,25.05
6529,24.65
6530,24.383
6531,24.2
6532,24.733
6533,25.314
6534,25.74
6535,25.833
6536,25.883
6537,25.757
6538,25.617
6539,25.5
6540,25.617
6541,26
6542,26.55
6543,27.157
6544,27.85
6545,28.54
6546,29.157
6547,29.75
6548,30.183
6549,30.286
6550,30.05
6551,29.68
6552,29.25
6553,28.85
6554,28.5
6555,28.1
6556,27.7
6557,27.4
6558,27.16
6559,26.986
6560,26.75
6561,26.583
6562,26.333
6563,25.62
6564,25.083
6565,24.483
6566,24.314
6567,24.833
6568,25.7
6569,25.983
6570,26.183
6571,26.233
6572,26.467
6573,26.54
6574,26.3
6575,25.9
6576,26.075
6577,25.75
6578,25.267
6579,25.017
6580,25.25
6581,25.5
6582,25.667
6583,25.7
6584,25.733
6585,25.8
6586,25.786
6587,25.55
6588,25.217
6589,24.883
6590,24.7
6591,25.083
6592,25.5
6593,25.867
6594,26.3
6595,26.683
6596,26.733
6597,26.2
6598,25.76
6599,25.333
6600,24.983
6601,24.7
6602,24.5
6603,24.4
6604,24.683
6605,25.017
6606,25.2
6607,25.317
6608,25.4
6609,25.4
6610,25.4
6611,25.5
6612,25.533
6613,25.633
6614,25.783
6615,26.08
6616,26.317
6617,26.643
6618,27.033
6619,27.133
6620,27.267
6621,27.34
6622,27.267
6623,27.083
6624,26.833
6625,26.633
6626,26.417
6627,26.24
6628,26.133
6629,26
6630,25.88
6631,25.75
6632,25.583
6633,25.4
6634,25.233
6635,24.95
6636,24.633
6637,24.617
6638,24.917
6639,25.5
6640,26.2
6641,26.74
6642,27.56
6643,28.033
6644,28.76
6645,28.733
6646,28.333
6647,27.6
6648,26.883
6649,26.333
6650,25.717
6651,25.343
6652,25.5
6653,25.667
6654,25.7
6655,25.7
6656,25.7
6657,25.7
6658,25.633
6659,25.686
6660,25.417
6661,25.5
6662,25.867
6663,26.46
6664,27.233
6665,27.933
6666,28.533
6667,28.983
6668,29.367
6669,28.767
6670,28
6671,27.35
6672,26.8
6673,26.45
6674,25.9
6675,25.567
