Date,Value
0.0,35.2
2.0,35.4
3.0,36.2
5.0,38.9
6.0,40.1
8.0,43.5
9.0,48.3
11.0,65.5
12.0,63.9
14.0,120.1
15.0,103.0
17.0,168.4
18.0,154.1
20.0,183.9
21.0,177.3
23.0,143.5
24.0,140.3
26.0,122.9
27.0,116.0
29.0,148.3
30.0,142.6
32.0,165.0
33.0,183.4
35.0,217.1
36.0,226.0
38.0,226.8
39.0,218.6
41.0,225.5
42.0,223.1
44.0,220.7
45.0,220.65
47.0,216.85
48.0,220.65
50.0,231.75
51.0,230.55
53.0,230.0
54.0,236.1
56.0,235.45
57.0,235.2
59.0,233.7
60.0,229.35
62.0,243.1
63.0,244.5
65.0,250.5
66.0,246.75
68.0,240.6
69.0,240.65
71.0,247.05
72.0,248.1
74.0,250.75
75.0,252.35
77.0,248.6
78.0,247.9
80.0,248.8
81.0,248.0
83.0,239.75
84.0,242.25
86.0,241.0
87.0,240.0
89.0,239.5
90.0,240.1
92.0,242.25
93.0,242.1
95.0,242.85
96.0,242.5
98.0,244.35
99.0,244.4
101.0,240.1
102.0,239.7
104.0,239.75
105.0,240.65
107.0,240.2
108.0,239.75
110.0,233.95
111.0,233.95
113.0,231.9
114.0,233.2
116.0,236.4
117.0,236.85
119.0,241.8
120.0,242.2
122.0,245.3
123.0,247.3
125.0,246.5
126.0,248.45
128.0,248.95
129.0,247.95
131.0,251.5
132.0,251.0
134.0,256.5
135.0,256.8
137.0,262.0
138.0,265.4
140.0,263.75
141.0,270.6
143.0,273.8
144.0,270.25
146.0,275.1
147.0,272.9
149.0,280.0
150.0,276.05
152.0,282.35
153.0,277.75
155.0,279.0
156.0,280.0
158.0,280.3
159.0,281.35
161.0,283.45
162.0,283.85
164.0,281.8
165.0,275.9
167.0,282.5
168.0,281.35
170.0,288.25
171.0,290.25
173.0,290.5
174.0,290.3
176.0,287.45
177.0,292.8
179.0,302.15
180.0,299.15
182.0,304.9
183.0,305.25
185.0,305.2
186.0,305.8
188.0,296.45
189.0,290.1
191.0,286.5
192.0,282.7
194.0,289.0
195.0,297.1
197.0,298.75
198.0,292.0
200.0,297.85
201.0,300.55
203.0,300.5
204.0,311.0
206.0,314.75
207.0,314.75
209.0,315.2
210.0,319.15
212.0,322.9
213.0,325.0
215.0,335.5
216.0,329.15
218.0,339.5
219.0,337.1
221.0,345.8
222.0,351.75
224.0,369.0
225.0,380.0
227.0,380.4
228.0,376.7
230.0,395.5
231.0,397.25
233.0,426.0
234.0,402.0
236.0,385.0
237.0,372.0
239.0,413.0
240.0,401.5
242.0,402.9
243.0,394.25
245.0,380.5
246.0,393.0
248.0,385.0
249.0,395.0
251.0,375.0
252.0,374.0
254.0,382.0
255.0,378.5
257.0,381.0
258.0,384.3
260.0,389.5
261.0,389.5
263.0,387.2
264.0,390.0
266.0,390.35
267.0,389.85
269.0,396.15
270.0,393.15
272.0,395.25
273.0,393.75
275.0,411.7
276.0,415.65
278.0,431.2
279.0,426.4
281.0,430.4
282.0,431.15
284.0,446.25
285.0,458.8
287.0,469.5
288.0,477.75
290.0,471.5
291.0,473.1
293.0,473.1
294.0,473.1
296.0,512.0
297.0,512.0
299.0,559.5
300.0,634.0
302.0,633.5
303.0,610.0
305.0,602.85
306.0,623.0
308.0,684.0
309.0,760.0
311.0,835.0
312.0,850.0
314.0,695.0
315.0,717.0
317.0,624.0
318.0,674.25
320.0,653.0
321.0,676.5
323.0,682.0
324.0,709.0
326.0,692.0
327.0,710.5
329.0,696.75
330.0,682.0
332.0,661.5
333.0,652.25
335.0,665.0
336.0,630.0
338.0,642.25
339.0,636.0
341.0,637.0
342.0,633.75
344.0,643.5
345.0,626.0
347.0,585.0
348.0,570.25
350.0,556.5
351.0,523.0
353.0,481.5
354.0,527.0
356.0,525.0
357.0,558.25
359.0,507.5
360.0,485.25
362.0,494.5
363.0,509.5
365.0,485.75
366.0,485.75
368.0,528.0
369.0,554.0
371.0,530.5
372.0,529.75
374.0,520.0
375.0,513.0
377.0,506.0
378.0,502.4
380.0,515.7
381.0,551.5
383.0,513.75
384.0,518.0
386.0,512.5
387.0,512.5
389.0,510.0
390.0,515.75
392.0,513.25
393.0,512.0
395.0,517.0
396.0,516.5
398.0,507.75
399.0,513.5
401.0,511.25
402.0,511.25
404.0,526.5
405.0,519.6
407.0,561.5
408.0,552.5
410.0,581.75
411.0,597.0
413.0,604.0
414.0,596.0
416.0,608.4
417.0,595.0
419.0,602.5
420.0,599.0
422.0,596.5
423.0,603.0
425.0,624.5
426.0,637.5
428.0,660.0
429.0,661.5
431.0,666.5
432.0,667.5
434.0,671.0
435.0,656.5
437.0,650.0
438.0,619.5
440.0,627.25
441.0,606.0
443.0,613.0
444.0,631.25
446.0,651.75
447.0,643.5
449.0,629.0
450.0,614.25
452.0,630.75
453.0,630.5
455.0,629.5
456.0,630.0
458.0,605.0
459.0,615.25
461.0,624.5
462.0,612.25
464.0,634.75
465.0,645.25
467.0,639.2
468.0,628.85
470.0,635.3
471.0,631.25
473.0,640.0
474.0,636.75
476.0,651.0
477.0,672.0
479.0,686.5
480.0,674.0
482.0,666.5
483.0,668.0
485.0,672.0
486.0,674.0
488.0,711.0
489.0,710.5
491.0,698.75
492.0,679.25
494.0,682.0
495.0,665.75
497.0,675.5
498.0,678.15
500.0,690.0
501.0,685.25
503.0,668.5
504.0,678.0
506.0,670.5
507.0,657.0
509.0,660.0
510.0,634.5
512.0,637.25
513.0,631.75
515.0,642.5
516.0,629.0
518.0,646.0
519.0,652.0
521.0,596.0
522.0,612.5
524.0,619.5
525.0,622.0
527.0,611.75
528.0,619.0
530.0,630.5
531.0,634.75
533.0,616.25
534.0,623.0
536.0,619.75
537.0,635.0
539.0,627.25
540.0,631.5
542.0,617.25
543.0,604.0
545.0,558.0
546.0,562.75
548.0,561.0
549.0,575.5
551.0,575.0
552.0,594.75
554.0,602.5
555.0,602.5
557.0,593.75
558.0,589.75
560.0,589.75
561.0,589.75
563.0,599.25
564.0,585.0
566.0,577.75
567.0,562.0
569.0,556.5
570.0,571.5
572.0,566.75
573.0,562.0
575.0,564.0
576.0,553.0
578.0,524.0
579.0,523.5
581.0,506.5
582.0,493.5
584.0,505.0
585.0,498.5
587.0,512.5
588.0,519.5
590.0,490.25
591.0,491.5
593.0,500.75
594.0,505.0
596.0,511.5
597.0,501.5
599.0,500.5
600.0,492.0
602.0,465.5
603.0,471.0
605.0,461.5
606.0,467.0
608.0,487.25
609.0,476.25
611.0,492.0
612.0,499.75
614.0,506.0
615.0,510.0
617.0,526.0
618.0,536.25
620.0,539.5
621.0,538.75
623.0,513.75
624.0,514.25
626.0,523.0
627.0,533.75
629.0,508.5
630.0,503.0
632.0,473.75
633.0,483.0
635.0,482.5
636.0,482.5
638.0,481.0
639.0,501.0
641.0,494.5
642.0,483.0
644.0,477.25
645.0,482.75
647.0,487.5
648.0,476.25
650.0,477.75
651.0,485.75
653.0,484.0
654.0,484.25
656.0,485.0
657.0,481.75
659.0,479.75
660.0,475.0
662.0,472.75
663.0,466.5
665.0,479.0
666.0,479.25
668.0,474.0
669.0,475.5
671.0,460.0
672.0,473.5
674.0,465.25
675.0,464.25
677.0,471.75
678.0,461.5
680.0,459.0
681.0,458.25
683.0,466.5
684.0,462.0
686.0,442.0
687.0,428.75
689.0,422.0
690.0,414.5
692.0,403.75
693.0,405.0
695.0,406.25
696.0,416.5
698.0,402.25
699.0,412.25
701.0,415.0
702.0,412.5
704.0,411.5
705.0,407.75
707.0,408.75
708.0,401.5
710.0,402.25
711.0,406.0
713.0,391.25
714.0,392.4
716.0,397.25
717.0,393.75
719.0,417.5
720.0,407.25
722.0,411.5
723.0,420.0
725.0,429.0
726.0,429.5
728.0,409.75
729.0,414.0
731.0,425.0
732.0,425.0
734.0,430.0
735.0,436.5
737.0,436.5
738.0,439.0
740.0,451.5
741.0,448.25
743.0,456.0
744.0,449.0
746.0,447.0
747.0,463.5
749.0,456.5
750.0,446.25
752.0,421.5
753.0,431.75
755.0,436.75
756.0,435.0
758.0,443.0
759.0,445.5
761.0,453.5
762.0,449.5
764.0,444.25
765.0,446.65
767.0,436.7
768.0,437.3
770.0,433.75
771.0,432.5
773.0,427.4
774.0,430.8
776.0,427.0
777.0,430.0
779.0,431.25
780.0,428.5
782.0,429.75
783.0,418.5
785.0,411.5
786.0,412.5
788.0,398.75
789.0,403.75
791.0,401.5
792.0,396.75
794.0,409.5
795.0,409.5
797.0,414.5
798.0,402.5
800.0,416.5
801.0,426.0
803.0,415.25
804.0,410.25
806.0,409.75
807.0,417.5
809.0,416.75
810.0,416.25
812.0,410.5
813.0,399.6
815.0,400.4
816.0,400.4
818.0,395.0
819.0,397.5
821.0,397.5
822.0,395.0
824.0,401.5
825.0,396.5
827.0,388.25
828.0,389.0
830.0,374.75
831.0,379.25
833.0,375.25
834.0,371.5
836.0,377.25
837.0,372.0
839.0,381.75
840.0,383.5
842.0,379.5
843.0,379.15
845.0,383.75
846.0,384.25
848.0,378.5
849.0,382.15
851.0,377.5
852.0,375.25
854.0,374.0
855.0,369.25
857.0,364.25
858.0,361.0
860.0,366.45
861.0,362.6
863.0,361.25
864.0,353.75
866.0,342.4
867.0,330.5
869.0,333.0
870.0,331.75
872.0,312.0
873.0,324.5
875.0,320.0
876.0,315.75
878.0,329.25
879.0,331.75
881.0,322.25
882.0,318.5
884.0,320.0
885.0,327.0
887.0,337.5
888.0,345.5
890.0,351.5
891.0,351.5
893.0,353.5
894.0,366.75
896.0,362.75
897.0,357.0
899.0,346.75
900.0,345.0
902.0,357.0
903.0,351.75
905.0,348.75
906.0,361.25
908.0,341.75
909.0,338.4
911.0,334.75
912.0,329.0
914.0,331.5
915.0,331.0
917.0,338.5
918.0,338.0
920.0,342.5
921.0,338.5
923.0,327.9
924.0,330.25
926.0,325.25
927.0,325.25
929.0,318.5
930.0,320.35
932.0,325.25
933.0,328.75
935.0,326.75
936.0,325.25
938.0,315.0
939.0,317.0
941.0,308.75
942.0,296.75
944.0,304.0
945.0,310.25
947.0,303.75
948.0,309.0
950.0,310.25
951.0,312.75
953.0,311.0
954.0,306.75
956.0,328.5
957.0,343.0
959.0,352.75
960.0,350.25
962.0,347.5
963.0,347.75
965.0,353.0
966.0,363.25
968.0,351.25
969.0,347.0
971.0,342.9
972.0,351.35
974.0,346.25
975.0,346.5
977.0,336.0
978.0,338.25
980.0,334.75
981.0,338.0
983.0,337.75
984.0,357.75
986.0,386.5
987.0,394.5
989.0,401.0
990.0,417.0
992.0,418.0
993.0,411.5
995.0,409.75
996.0,455.0
998.0,481.0
999.0,458.0
1001.0,453.0
1002.0,439.0
1004.0,443.25
1005.0,448.5
1007.0,424.25
1008.0,426.5
1010.0,435.85
1011.0,431.0
1013.0,410.5
1014.0,409.75
1016.0,402.0
1017.0,387.5
1019.0,404.0
1020.0,418.5
1022.0,430.0
1023.0,441.25
1025.0,448.0
1026.0,432.5
1028.0,441.5
1029.0,422.0
1031.0,428.0
1032.0,418.6
1034.0,417.75
1035.0,418.25
1037.0,427.25
1038.0,431.0
1040.0,424.75
1041.0,417.5
1043.0,409.25
1044.0,411.0
1046.0,398.0
1047.0,403.25
1049.0,412.5
1050.0,408.5
1052.0,410.5
1053.0,406.0
1055.0,410.5
1056.0,417.75
1058.0,436.0
1059.0,440.25
1061.0,441.25
1062.0,445.25
1064.0,445.0
1065.0,437.5
1067.0,438.75
1068.0,449.4
1070.0,440.25
1071.0,437.0
1073.0,442.25
1074.0,447.25
1076.0,445.75
1077.0,445.75
1079.0,460.5
1080.0,456.9
1082.0,456.9
1083.0,449.5
1085.0,454.5
1086.0,465.0
1088.0,484.5
1089.0,480.5
1091.0,483.25
1092.0,498.5
1094.0,495.5
1095.0,487.25
1097.0,476.0
1098.0,488.75
1100.0,496.5
1101.0,493.75
1103.0,508.5
1104.0,498.25
1106.0,498.5
1107.0,490.25
1109.0,492.25
1110.0,496.0
1112.0,500.5
1113.0,509.25
1115.0,504.75
1116.0,503.5
1118.0,485.5
1119.0,470.25
1121.0,464.75
1122.0,408.5
1124.0,430.0
1125.0,429.5
1127.0,420.75
1128.0,417.5
1130.0,434.75
1131.0,420.5
1133.0,434.5
1134.0,419.0
1136.0,421.75
1137.0,414.5
1139.0,410.0
1140.0,415.5
1142.0,408.75
1143.0,412.75
1145.0,414.75
1146.0,414.75
1148.0,426.75
1149.0,428.5
1151.0,421.25
1152.0,426.75
1154.0,429.25
1155.0,435.5
1157.0,443.0
1158.0,439.5
1160.0,439.5
1161.0,437.0
1163.0,435.5
1164.0,434.25
1166.0,429.25
1167.0,429.25
1169.0,432.75
1170.0,433.75
1172.0,434.0
1173.0,443.75
1175.0,439.75
1176.0,441.25
1178.0,440.75
1179.0,442.75
1181.0,438.75
1182.0,432.75
1184.0,441.75
1185.0,440.0
1187.0,437.25
1188.0,437.5
1190.0,412.5
1191.0,411.5
1193.0,400.25
1194.0,403.0
1196.0,411.25
1197.0,413.0
1199.0,408.25
1200.0,412.5
1202.0,415.75
1203.0,414.75
1205.0,420.5
1206.0,423.5
1208.0,416.0
1209.0,414.85
1211.0,416.25
1212.0,416.0
1214.0,411.65
1215.0,412.25
1217.0,430.5
1218.0,429.0
1220.0,426.25
1221.0,422.25
1223.0,423.75
1224.0,428.25
1226.0,423.5
1227.0,422.0
1229.0,426.25
1230.0,425.5
1232.0,411.25
1233.0,414.25
1235.0,414.0
1236.0,409.75
1238.0,413.0
1239.0,408.25
1241.0,412.45
1242.0,416.0
1244.0,422.5
1245.0,421.5
1247.0,421.75
1248.0,426.4
1250.0,423.25
1251.0,417.0
1253.0,418.1
1254.0,414.25
1256.0,417.5
1257.0,419.1
1259.0,413.25
1260.0,414.0
1262.0,415.75
1263.0,406.75
1265.0,405.25
1266.0,405.5
1268.0,412.35
1269.0,411.25
1271.0,413.0
1272.0,415.0
1274.0,413.6
1275.0,408.75
1277.0,389.0
1278.0,393.5
1280.0,394.0
1281.0,397.4
1283.0,399.0
1284.0,394.75
1286.0,398.75
1287.0,395.0
1289.0,394.0
1290.0,389.75
1292.0,394.5
1293.0,398.0
1295.0,384.5
1296.0,387.75
1298.0,377.75
1299.0,383.0
1301.0,381.0
1302.0,379.0
1304.0,383.0
1305.0,381.8
1307.0,382.6
1308.0,383.25
1310.0,375.75
1311.0,375.25
1313.0,376.5
1314.0,375.75
1316.0,376.1
1317.0,394.25
1319.0,405.0
1320.0,399.25
1322.0,397.25
1323.0,397.0
1325.0,401.0
1326.0,388.75
1328.0,389.2
1329.0,389.0
1331.0,377.25
1332.0,375.0
1334.0,378.6
1335.0,378.9
1337.0,378.9
1338.0,378.9
1340.0,382.4
1341.0,382.4
1343.0,383.0
1344.0,374.0
1346.0,375.25
1347.0,365.25
1349.0,367.75
1350.0,368.5
1352.0,369.1
1353.0,367.75
1355.0,374.75
1356.0,371.25
1358.0,365.1
1359.0,366.5
1361.0,370.0
1362.0,369.85
1364.0,378.15
1365.0,383.25
1367.0,380.8
1368.0,379.75
1370.0,383.0
1371.0,377.65
1373.0,376.0
1374.0,383.0
1376.0,382.15
1377.0,385.25
1379.0,395.25
1380.0,398.25
1382.0,393.5
1383.0,399.25
1385.0,392.75
1386.0,399.0
1388.0,402.5
1389.0,398.75
1391.0,399.9
1392.0,395.75
1394.0,399.75
1395.0,394.5
1397.0,393.6
1398.0,393.85
1400.0,389.35
1401.0,387.9
1403.0,388.85
1404.0,385.75
1406.0,388.5
1407.0,387.2
1409.0,381.25
1410.0,381.2
1412.0,382.4
1413.0,381.35
1415.0,381.9
1416.0,379.25
1418.0,380.2
1419.0,380.52
1421.0,384.9
1422.0,384.9
1424.0,382.3
1425.0,379.9
1427.0,375.8
1428.0,376.5
1430.0,378.5
1431.0,376.7
1433.0,371.5
1434.0,372.6
1436.0,372.5
1437.0,372.55
1439.0,375.25
1440.0,376.5
1442.0,380.75
1443.0,379.5
1445.0,375.65
1446.0,384.2
1448.0,385.6
1449.0,386.4
1451.0,393.75
1452.0,391.0
1454.0,391.65
1455.0,392.2
1457.0,382.5
1458.0,375.0
1460.0,375.6
1461.0,368.0
1463.0,370.6
1464.0,370.0
1466.0,374.25
1467.0,369.25
1469.0,369.32
1470.0,372.9
1472.0,370.0
1473.0,368.35
1475.0,364.8
1476.0,353.25
1478.0,344.25
1479.0,339.25
1481.0,345.0
1482.0,350.1
1484.0,345.75
1485.0,350.2
1487.0,335.0
1488.0,338.5
1490.0,344.2
1491.0,335.25
1493.0,342.35
1494.0,339.0
1496.0,349.25
1497.0,349.25
1499.0,344.5
1500.0,344.25
1502.0,343.5
1503.0,354.0
1505.0,352.25
1506.0,352.0
1508.0,346.0
1509.0,345.0
1511.0,350.0
1512.0,350.0
1514.0,350.5
1515.0,347.25
1517.0,344.5
1518.0,341.2
1520.0,340.5
1521.0,339.75
1523.0,340.3
1524.0,338.5
1526.0,341.45
1527.0,335.25
1529.0,340.0
1530.0,338.75
1532.0,347.75
1533.0,345.0
1535.0,345.25
1536.0,343.75
1538.0,345.25
1539.0,348.5
1541.0,343.8
1542.0,341.6
1544.0,337.75
1545.0,338.1
1547.0,338.65
1548.0,339.5
1550.0,339.5
1551.0,339.5
1553.0,340.0
1554.0,340.0
1556.0,337.6
1557.0,336.25
1559.0,333.5
1560.0,333.8
1562.0,342.45
1563.0,346.1
1565.0,347.1
1566.0,346.8
1568.0,350.45
1569.0,345.8
1571.0,345.0
1572.0,343.4
1574.0,340.3
1575.0,341.95
1577.0,336.9
1578.0,332.9
1580.0,330.6
1581.0,329.0
1583.0,332.0
1584.0,329.9
1586.0,327.0
1587.0,326.25
1589.0,324.5
1590.0,324.25
1592.0,315.0
1593.0,309.0
1595.0,307.5
1596.0,311.0
1598.0,311.0
1599.0,311.0
1601.0,309.2
1602.0,308.3
1604.0,305.5
1605.0,302.3
1607.0,298.25
1608.0,302.0
1610.0,303.8
1611.0,304.25
1613.0,301.8
1614.0,302.7
1616.0,308.0
1617.0,307.25
1619.0,300.25
1620.0,300.85
1622.0,297.75
1623.0,303.25
1625.0,306.65
1626.0,303.6
1628.0,302.05
1629.0,302.85
1631.0,299.8
1632.0,300.15
1634.0,303.2
1635.0,304.15
1637.0,304.5
1638.0,302.6
1640.0,299.85
1641.0,298.4
1643.0,285.75
1644.0,290.8
1646.0,287.25
1647.0,288.65
1649.0,287.4
1650.0,289.6
1652.0,291.0
1653.0,288.45
1655.0,290.75
1656.0,292.7
1658.0,316.75
1659.0,324.0
1661.0,315.5
1662.0,314.6
1664.0,330.4
1665.0,326.25
1667.0,321.1
1668.0,318.75
1670.0,316.75
1671.0,316.75
1673.0,323.1
1674.0,327.25
1676.0,329.9
1677.0,334.25
1679.0,327.35
1680.0,329.75
1682.0,327.75
1683.0,326.65
1685.0,322.5
1686.0,323.5
1688.0,321.35
1689.0,312.5
1691.0,312.75
1692.0,312.75
1694.0,312.85
1695.0,315.1
1697.0,321.0
1698.0,326.5
1700.0,320.1
1701.0,322.5
1703.0,314.9
1704.0,316.25
1706.0,314.7
1707.0,314.7
1709.0,312.0
1710.0,314.6
1712.0,318.1
1713.0,315.65
1715.0,314.8
1716.0,314.3
1718.0,315.0
1719.0,314.5
1721.0,318.25
1722.0,318.9
1724.0,325.4
1725.0,318.1
1727.0,314.65
1728.0,315.5
1730.0,315.0
1731.0,317.75
1733.0,308.25
1734.0,310.35
1736.0,311.6
1737.0,309.25
1739.0,314.85
1740.0,313.55
1742.0,315.85
1743.0,321.75
1745.0,320.0
1746.0,318.9
1748.0,322.5
1749.0,317.75
1751.0,316.95
1752.0,326.5
1754.0,327.5
1755.0,322.1
1757.0,323.75
1758.0,319.8
1760.0,322.5
1761.0,321.65
1763.0,326.5
1764.0,326.0
1766.0,335.35
1767.0,340.9
1769.0,335.9
1770.0,335.5
1772.0,334.85
1773.0,336.0
1775.0,337.0
1776.0,333.25
1778.0,328.2
1779.0,326.0
1781.0,317.4
1782.0,319.35
1784.0,320.75
1785.0,319.25
1787.0,319.3
1788.0,317.6
1790.0,316.3
1791.0,319.15
1793.0,327.9
1794.0,328.5
1796.0,328.6
1797.0,325.75
1799.0,324.95
1800.0,324.9
1802.0,325.75
1803.0,326.35
1805.0,325.5
1806.0,325.6
1808.0,327.0
1809.0,323.65
1811.0,326.25
1812.0,326.15
1814.0,325.9
1815.0,326.2
1817.0,326.5
1818.0,326.3
1820.0,325.1
1821.0,323.5
1823.0,324.6
1824.0,324.4
1826.0,321.95
1827.0,323.1
1829.0,324.5
1830.0,325.3
1832.0,323.5
1833.0,324.35
1835.0,325.8
1836.0,326.5
1838.0,331.25
1839.0,328.15
1841.0,325.3
1842.0,321.5
1844.0,324.2
1845.0,322.8
1847.0,317.4
1848.0,317.0
1850.0,317.5
1851.0,317.75
1853.0,321.15
1854.0,320.05
1856.0,325.55
1857.0,327.6
1859.0,324.85
1860.0,324.85
1862.0,326.8
1863.0,326.8
1865.0,326.3
1866.0,326.75
1868.0,330.0
1869.0,332.6
1871.0,340.45
1872.0,339.4
1874.0,346.75
1875.0,363.0
1877.0,351.0
1878.0,356.5
1880.0,350.3
1881.0,354.0
1883.0,353.0
1884.0,353.25
1886.0,350.5
1887.0,347.3
1889.0,337.3
1890.0,337.1
1892.0,340.15
1893.0,335.8
1895.0,334.0
1896.0,331.35
1898.0,337.25
1899.0,341.4
1901.0,338.0
1902.0,341.8
1904.0,345.75
1905.0,336.9
1907.0,335.6
1908.0,337.15
1910.0,344.5
1911.0,343.35
1913.0,342.9
1914.0,343.85
1916.0,348.0
1917.0,349.9
1919.0,346.75
1920.0,350.65
1922.0,350.2
1923.0,351.75
1925.0,344.0
1926.0,344.0
1928.0,333.1
1929.0,335.5
1931.0,334.5
1932.0,337.65
1934.0,337.85
1935.0,337.7
1937.0,341.6
1938.0,341.75
1940.0,339.9
1941.0,342.75
1943.0,344.1
1944.0,346.2
1946.0,344.45
1947.0,343.15
1949.0,345.75
1950.0,345.1
1952.0,341.6
1953.0,340.4
1955.0,345.25
1956.0,345.35
1958.0,343.7
1959.0,342.45
1961.0,343.0
1962.0,340.8
1964.0,338.9
1965.0,340.45
1967.0,341.1
1968.0,341.5
1970.0,342.7
1971.0,343.2
1973.0,342.2
1974.0,340.75
1976.0,341.65
1977.0,341.8
1979.0,347.4
1980.0,348.35
1982.0,339.3
1983.0,336.75
1985.0,339.2
1986.0,339.65
1988.0,342.0
1989.0,344.15
1991.0,344.5
1992.0,346.75
1994.0,342.3
1995.0,343.85
1997.0,344.85
1998.0,347.85
2000.0,346.8
2001.0,348.1
2003.0,346.0
2004.0,347.6
2006.0,347.9
2007.0,353.95
2009.0,347.25
2010.0,348.65
2012.0,353.6
2013.0,351.25
2015.0,357.5
2016.0,361.0
2018.0,358.5
2019.0,362.4
2021.0,368.8
2022.0,388.0
2024.0,388.0
2025.0,385.25
2027.0,377.25
2028.0,374.4
2030.0,380.75
2031.0,386.25
2033.0,381.1
2034.0,380.1
2036.0,384.7
2037.0,391.75
2039.0,405.0
2040.0,405.5
2042.0,418.6
2043.0,409.25
2045.0,402.0
2046.0,419.5
2048.0,417.25
2049.0,413.2
2051.0,430.0
2052.0,435.5
2054.0,431.5
2055.0,429.4
2057.0,427.0
2058.0,423.2
2060.0,431.3
2061.0,436.0
2063.0,436.0
2064.0,438.1
2066.0,430.75
2067.0,432.6
2069.0,422.0
2070.0,425.5
2072.0,425.0
2073.0,425.1
2075.0,423.4
2076.0,410.5
2078.0,410.7
2079.0,405.8
2081.0,401.0
2082.0,406.2
2084.0,405.25
2085.0,408.55
2087.0,410.75
2088.0,406.0
2090.0,407.5
2091.0,408.25
2093.0,391.0
2094.0,393.4
2096.0,388.2
2097.0,380.5
2099.0,383.6
2100.0,383.5
2102.0,395.55
2103.0,389.5
2105.0,389.25
2106.0,388.5
2108.0,386.8
2109.0,391.5
2111.0,391.5
2112.0,394.3
2114.0,392.0
2115.0,390.75
2117.0,394.15
2118.0,389.2
2120.0,389.2
2121.0,389.2
2123.0,388.75
2124.0,388.75
2126.0,403.5
2127.0,398.95
2129.0,400.4
2130.0,402.65
2132.0,411.1
2133.0,409.0
2135.0,416.25
2136.0,415.7
2138.0,415.75
2139.0,407.2
2141.0,400.0
2142.0,406.0
2144.0,413.75
2145.0,409.7
2147.0,406.75
2148.0,404.0
2150.0,398.9
2151.0,402.6
2153.0,402.85
2154.0,403.0
2156.0,397.35
2157.0,397.25
2159.0,390.0
2160.0,393.35
2162.0,403.2
2163.0,399.3
2165.0,404.1
2166.0,405.85
2168.0,403.8
2169.0,406.55
2171.0,406.3
2172.0,405.0
2174.0,407.2
2175.0,409.9
2177.0,405.3
2178.0,406.35
2180.0,404.45
2181.0,404.45
2183.0,409.0
2184.0,413.7
2186.0,416.35
2187.0,424.0
2189.0,418.75
2190.0,418.7
2192.0,421.45
2193.0,418.5
2195.0,421.0
2196.0,431.6
2198.0,442.4
2199.0,444.1
2201.0,437.75
2202.0,437.75
2204.0,445.5
2205.0,450.5
2207.0,474.75
2208.0,453.0
2210.0,453.25
2211.0,456.75
2213.0,459.25
2214.0,456.25
2216.0,453.0
2217.0,453.0
2219.0,460.5
2220.0,461.05
2222.0,473.25
2223.0,471.1
2225.0,469.1
2226.0,466.5
2228.0,449.0
2229.0,449.5
2231.0,451.0
2232.0,442.9
2234.0,453.0
2235.0,452.75
2237.0,456.55
2238.0,452.65
2240.0,457.0
2241.0,455.45
2243.0,452.75
2244.0,451.25
2246.0,449.0
2247.0,438.0
2249.0,441.75
2250.0,440.5
2252.0,449.75
2253.0,447.3
2255.0,446.25
2256.0,444.1
2258.0,444.5
2259.0,446.4
2261.0,444.75
2262.0,446.5
2264.0,452.7
2265.0,453.75
2267.0,450.9
2268.0,452.4
2270.0,453.95
2271.0,453.3
2273.0,456.15
2274.0,457.75
2276.0,462.5
2277.0,472.75
2279.0,469.8
2280.0,468.7
2282.0,461.1
2283.0,461.2
2285.0,462.5
2286.0,460.0
2288.0,457.5
2289.0,456.35
2291.0,455.5
2292.0,459.5
2294.0,457.6
2295.0,458.75
2297.0,453.4
2298.0,453.75
2300.0,463.7
2301.0,464.75
2303.0,456.95
2304.0,458.3
2306.0,459.85
2307.0,455.55
2309.0,458.4
2310.0,460.5
2312.0,459.1
2313.0,461.55
2315.0,464.0
2316.0,461.8
2318.0,459.4
2319.0,459.5
2321.0,454.35
2322.0,456.5
2324.0,458.05
2325.0,458.15
2327.0,461.75
2328.0,459.2
2330.0,466.6
2331.0,465.25
2333.0,464.3
2334.0,467.0
2336.0,470.5
2337.0,475.0
2339.0,477.5
2340.0,472.45
2342.0,469.3
2343.0,464.25
2345.0,457.55
2346.0,460.0
2348.0,458.25
2349.0,461.85
2351.0,464.95
2352.0,462.1
2354.0,463.7
2355.0,465.15
2357.0,469.4
2358.0,475.0
2360.0,477.65
2361.0,478.4
2363.0,487.8
2364.0,490.9
2366.0,486.25
2367.0,481.15
2369.0,484.2
2370.0,488.0
2372.0,499.75
2373.0,492.5
2375.0,477.5
2376.0,481.0
2378.0,483.0
2379.0,481.5
2381.0,481.5
2382.0,481.5
2384.0,484.1
2385.0,484.1
2387.0,480.5
2388.0,475.5
2390.0,483.5
2391.0,483.9
2393.0,480.4
2394.0,481.9
2396.0,480.3
2397.0,475.4
2399.0,477.65
2400.0,477.2
2402.0,476.25
2403.0,469.75
2405.0,466.35
2406.0,458.0
2408.0,455.9
2409.0,445.4
2411.0,441.7
2412.0,442.1
2414.0,441.1
2415.0,440.6
2417.0,445.5
2418.0,445.0
2420.0,447.25
2421.0,442.9
2423.0,442.4
2424.0,435.75
2426.0,430.45
2427.0,426.15
2429.0,428.9
2430.0,429.1
2432.0,435.9
2433.0,436.35
2435.0,442.4
2436.0,441.8
2438.0,442.2
2439.0,446.2
2441.0,442.85
2442.0,449.25
2444.0,449.5
2445.0,453.95
2447.0,453.9
2448.0,454.9
2450.0,456.95
2451.0,456.95
2453.0,453.6
2454.0,449.85
2456.0,449.4
2457.0,448.8
2459.0,449.35
2460.0,450.35
2462.0,458.0
2463.0,456.9
2465.0,454.25
2466.0,448.6
2468.0,447.0
2469.0,450.3
2471.0,449.0
2472.0,449.0
2474.0,443.25
2475.0,444.85
2477.0,444.4
2478.0,446.65
2480.0,451.0
2481.0,449.5
2483.0,454.7
2484.0,454.0
2486.0,454.9
2487.0,457.25
2489.0,453.9
2490.0,453.25
2492.0,452.0
2493.0,455.5
2495.0,453.7
2496.0,464.7
2498.0,464.4
2499.0,457.85
2501.0,457.6
2502.0,449.0
2504.0,452.0
2505.0,453.9
2507.0,454.2
2508.0,451.65
2510.0,447.8
2511.0,443.25
2513.0,443.85
2514.0,433.55
2516.0,436.85
2517.0,437.55
2519.0,436.8
2520.0,440.9
2522.0,436.8
2523.0,433.8
2525.0,440.75
2526.0,439.1
2528.0,436.25
2529.0,444.8
2531.0,442.2
2532.0,438.5
2534.0,432.85
2535.0,432.75
2537.0,434.6
2538.0,432.75
2540.0,433.1
2541.0,432.85
2543.0,425.8
2544.0,427.2
2546.0,433.25
2547.0,430.25
2549.0,429.0
2550.0,430.55
2552.0,431.0
2553.0,432.6
2555.0,434.2
2556.0,433.15
2558.0,427.75
2559.0,427.75
2561.0,428.75
2562.0,427.4
2564.0,427.25
2565.0,428.25
2567.0,419.4
2568.0,420.45
2570.0,418.85
2571.0,415.15
2573.0,410.0
2574.0,400.65
2576.0,400.35
2577.0,395.3
2579.0,395.4
2580.0,398.5
2582.0,396.0
2583.0,398.5
2585.0,403.75
2586.0,403.9
2588.0,407.25
2589.0,406.4
2591.0,407.6
2592.0,413.0
2594.0,411.25
2595.0,412.2
2597.0,405.5
2598.0,407.65
2600.0,407.5
2601.0,411.5
2603.0,410.9
2604.0,414.75
2606.0,421.0
2607.0,420.6
2609.0,420.8
2610.0,419.1
2612.0,419.3
2613.0,424.0
2615.0,422.0
2616.0,417.75
2618.0,418.4
2619.0,419.25
2621.0,424.1
2622.0,424.25
2624.0,422.6
2625.0,424.75
2627.0,429.0
2628.0,427.75
2630.0,423.2
2631.0,419.75
2633.0,420.5
2634.0,420.0
2636.0,411.75
2637.0,413.0
2639.0,414.6
2640.0,417.25
2642.0,417.25
2643.0,417.25
2645.0,410.25
2646.0,410.25
2648.0,411.6
2649.0,409.35
2651.0,406.35
2652.0,402.45
2654.0,403.8
2655.0,404.15
2657.0,401.5
2658.0,402.25
2660.0,403.6
2661.0,405.5
2663.0,408.3
2664.0,404.2
2666.0,399.75
2667.0,394.0
2669.0,392.8
2670.0,391.1
2672.0,387.9
2673.0,391.0
2675.0,393.8
2676.0,389.6
2678.0,384.1
2679.0,381.0
2681.0,380.4
2682.0,382.4
2684.0,386.75
2685.0,390.5
2687.0,390.6
2688.0,387.0
2690.0,383.9
2691.0,386.4
2693.0,390.75
2694.0,394.6
2696.0,393.5
2697.0,392.5
2699.0,392.9
2700.0,389.4
2702.0,395.5
2703.0,392.75
2705.0,394.9
2706.0,394.9
2708.0,390.75
2709.0,382.95
2711.0,383.2
2712.0,385.45
2714.0,383.0
2715.0,384.35
2717.0,381.5
2718.0,385.0
2720.0,390.25
2721.0,386.2
2723.0,383.95
2724.0,383.9
2726.0,384.0
2727.0,383.55
2729.0,383.85
2730.0,384.25
2732.0,377.55
2733.0,377.45
2735.0,378.25
2736.0,375.7
2738.0,376.1
2739.0,377.2
2741.0,377.3
2742.0,373.8
2744.0,371.9
2745.0,370.0
2747.0,359.75
2748.0,364.5
2750.0,363.6
2751.0,365.8
2753.0,362.1
2754.0,361.8
2756.0,361.5
2757.0,365.2
2759.0,374.2
2760.0,374.5
2762.0,359.9
2763.0,358.7
2765.0,361.5
2766.0,365.35
2768.0,366.6
2769.0,365.9
2771.0,370.0
2772.0,374.7
2774.0,373.75
2775.0,376.3
2777.0,374.5
2778.0,376.25
2780.0,385.5
2781.0,383.55
2783.0,378.75
2784.0,379.75
2786.0,370.8
2787.0,370.6
2789.0,370.7
2790.0,371.05
2792.0,371.95
2793.0,371.25
2795.0,374.15
2796.0,369.7
2798.0,369.0
2799.0,369.75
2801.0,370.5
2802.0,366.1
2804.0,364.6
2805.0,365.85
2807.0,363.3
2808.0,366.1
2810.0,364.9
2811.0,366.25
2813.0,366.4
2814.0,366.2
2816.0,360.45
2817.0,360.45
2819.0,361.4
2820.0,359.8
2822.0,358.85
2823.0,358.55
2825.0,359.2
2826.0,359.6
2828.0,358.6
2829.0,358.5
2831.0,355.75
2832.0,359.7
2834.0,362.75
2835.0,362.8
2837.0,367.35
2838.0,368.0
2840.0,366.5
2841.0,366.5
2843.0,365.5
2844.0,366.0
2846.0,363.0
2847.0,362.9
2849.0,361.05
2850.0,363.15
2852.0,368.4
2853.0,366.65
2855.0,368.6
2856.0,365.65
2858.0,366.6
2859.0,368.65
2861.0,372.6
2862.0,377.0
2864.0,373.05
2865.0,374.25
2867.0,379.75
2868.0,384.1
2870.0,387.1
2871.0,385.35
2873.0,388.25
2874.0,391.4
2876.0,392.0
2877.0,394.9
2879.0,409.9
2880.0,411.55
2882.0,413.75
2883.0,409.75
2885.0,408.15
2886.0,413.85
2888.0,403.75
2889.0,402.85
2891.0,409.35
2892.0,415.5
2894.0,413.0
2895.0,408.5
2897.0,407.5
2898.0,412.4
2900.0,413.0
2901.0,413.0
2903.0,413.0
2904.0,406.0
2906.0,398.6
2907.0,398.6
2909.0,395.0
2910.0,396.5
2912.0,404.6
2913.0,403.45
2915.0,412.1
2916.0,416.25
2918.0,412.75
2919.0,410.4
2921.0,408.65
2922.0,406.0
2924.0,420.75
2925.0,415.65
2927.0,418.75
2928.0,418.15
2930.0,415.8
2931.0,417.95
2933.0,421.05
2934.0,423.75
2936.0,415.5
2937.0,418.85
2939.0,414.6
2940.0,416.65
2942.0,416.5
2943.0,419.95
2945.0,417.65
2946.0,415.85
2948.0,407.55
2949.0,407.7
2951.0,405.05
2952.0,403.2
2954.0,400.5
2955.0,400.7
2957.0,401.25
2958.0,397.25
2960.0,399.5
2961.0,400.65
2963.0,399.65
2964.0,392.0
2966.0,393.5
2967.0,370.25
2969.0,372.0
2970.0,371.5
2972.0,368.4
2973.0,375.0
2975.0,378.4
2976.0,377.7
2978.0,375.2
2979.0,374.5
2981.0,375.5
2982.0,375.5
2984.0,374.75
2985.0,375.75
2987.0,375.25
2988.0,376.8
2990.0,371.6
2991.0,371.6
2993.0,369.5
2994.0,369.6
2996.0,371.3
2997.0,371.3
2999.0,370.3
3000.0,371.75
3002.0,369.0
3003.0,367.75
3005.0,369.2
3006.0,369.9
3008.0,375.1
3009.0,364.5
3011.0,366.5
3012.0,366.5
3014.0,366.4
3015.0,363.05
3017.0,357.05
3018.0,358.1
3020.0,352.8
3021.0,353.5
3023.0,355.75
3024.0,350.5
3026.0,346.9
3027.0,349.25
3029.0,346.9
3030.0,349.75
3032.0,353.4
3033.0,349.35
3035.0,352.3
3036.0,352.2
3038.0,362.0
3039.0,362.5
3041.0,361.15
3042.0,360.25
3044.0,354.3
3045.0,351.45
3047.0,363.25
3048.0,360.7
3050.0,362.3
3051.0,361.0
3053.0,368.7
3054.0,372.75
3056.0,366.75
3057.0,367.3
3059.0,370.65
3060.0,380.7
3062.0,382.25
3063.0,383.25
3065.0,383.6
3066.0,389.35
3068.0,411.5
3069.0,398.4
3071.0,410.6
3072.0,407.75
3074.0,408.75
3075.0,412.4
3077.0,410.3
3078.0,388.25
3080.0,389.75
3081.0,387.75
3083.0,381.4
3084.0,383.3
3086.0,384.6
3087.0,384.5
3089.0,382.05
3090.0,382.2
3092.0,389.4
3093.0,386.0
3095.0,386.95
3096.0,389.3
3098.0,403.75
3099.0,402.7
3101.0,408.4
3102.0,396.3
3104.0,389.4
3105.0,395.75
3107.0,390.8
3108.0,397.0
3110.0,388.0
3111.0,388.25
3113.0,364.75
3114.0,366.0
3116.0,372.0
3117.0,367.5
3119.0,371.1
3120.0,375.05
3122.0,372.7
3123.0,373.75
3125.0,380.4
3126.0,377.5
3128.0,379.25
3129.0,385.0
3131.0,385.7
3132.0,380.7
3134.0,383.9
3135.0,378.0
3137.0,377.8
3138.0,380.0
3140.0,380.0
3141.0,383.6
3143.0,383.8
3144.0,385.0
3146.0,384.85
3147.0,380.65
3149.0,376.0
3150.0,370.0
3152.0,374.05
3153.0,372.1
3155.0,372.0
3156.0,373.2
3158.0,377.4
3159.0,378.9
3161.0,383.75
3162.0,383.75
3164.0,383.75
3165.0,382.8
3167.0,386.2
3168.0,386.2
3170.0,386.3
3171.0,387.4
3173.0,389.7
3174.0,387.1
3176.0,390.6
3177.0,398.6
3179.0,403.0
3180.0,379.0
3182.0,378.2
3183.0,381.0
3185.0,373.0
3186.0,374.25
3188.0,376.8
3189.0,367.1
3191.0,364.5
3192.0,367.15
3194.0,360.75
3195.0,363.9
3197.0,366.85
3198.0,364.4
3200.0,368.15
3201.0,365.5
3203.0,363.0
3204.0,364.65
3206.0,358.8
3207.0,357.65
3209.0,360.0
3210.0,362.7
3212.0,365.45
3213.0,364.5
3215.0,366.5
3216.0,368.5
3218.0,364.25
3219.0,366.0
3221.0,366.0
3222.0,362.3
3224.0,364.5
3225.0,362.35
3227.0,359.25
3228.0,356.6
3230.0,355.65
3231.0,355.65
3233.0,357.5
3234.0,359.2
3236.0,358.5
3237.0,361.0
3239.0,363.35
3240.0,361.75
3242.0,360.1
3243.0,361.2
3245.0,359.15
3246.0,356.15
3248.0,355.5
3249.0,355.8
3251.0,353.25
3252.0,351.1
3254.0,356.5
3255.0,354.15
3257.0,355.5
3258.0,356.15
3260.0,356.85
3261.0,356.7
3263.0,357.95
3264.0,359.85
3266.0,355.1
3267.0,355.0
3269.0,356.75
3270.0,354.9
3272.0,355.8
3273.0,355.65
3275.0,361.05
3276.0,360.4
3278.0,362.4
3279.0,362.4
3281.0,367.0
3282.0,372.2
3284.0,372.0
3285.0,369.7
3287.0,366.8
3288.0,370.25
3290.0,367.6
3291.0,366.25
3293.0,363.35
3294.0,366.1
3296.0,368.35
3297.0,368.9
3299.0,369.25
3300.0,369.25
3302.0,370.25
3303.0,369.2
3305.0,368.3
3306.0,367.85
3308.0,368.7
3309.0,368.9
3311.0,370.0
3312.0,369.75
3314.0,366.0
3315.0,364.9
3317.0,365.1
3318.0,361.35
3320.0,363.4
3321.0,357.8
3323.0,357.0
3324.0,356.8
3326.0,358.2
3327.0,358.2
3329.0,355.85
3330.0,358.35
3332.0,361.2
3333.0,353.8
3335.0,356.2
3336.0,353.7
3338.0,353.8
3339.0,354.5
3341.0,347.4
3342.0,347.95
3344.0,348.7
3345.0,347.4
3347.0,350.55
3348.0,351.7
3350.0,346.1
3351.0,344.25
3353.0,346.15
3354.0,348.3
3356.0,348.6
3357.0,349.25
3359.0,352.75
3360.0,351.9
3362.0,354.9
3363.0,353.95
3365.0,356.8
3366.0,356.3
3368.0,357.6
3369.0,357.65
3371.0,357.75
3372.0,358.5
3374.0,356.55
3375.0,358.3
3377.0,363.8
3378.0,362.35
3380.0,361.0
3381.0,362.0
3383.0,357.4
3384.0,359.35
3386.0,357.75
3387.0,356.35
3389.0,354.5
3390.0,354.5
3392.0,354.9
3393.0,354.75
3395.0,355.85
3396.0,355.5
3398.0,363.0
3399.0,362.6
3401.0,367.95
3402.0,369.1
3404.0,367.1
3405.0,366.05
3407.0,368.35
3408.0,362.9
3410.0,364.75
3411.0,367.75
3413.0,368.05
3414.0,366.5
3416.0,359.05
3417.0,359.65
3419.0,357.9
3420.0,358.9
3422.0,359.65
3423.0,359.65
3425.0,359.65
3426.0,353.3
3428.0,353.15
3429.0,353.15
3431.0,353.0
3432.0,349.4
3434.0,350.6
3435.0,351.55
3437.0,353.9
3438.0,353.6
3440.0,356.75
3441.0,355.9
3443.0,357.8
3444.0,356.75
3446.0,353.25
3447.0,356.1
3449.0,354.85
3450.0,356.0
3452.0,356.4
3453.0,356.0
3455.0,355.95
3456.0,356.2
3458.0,356.0
3459.0,357.2
3461.0,354.1
3462.0,354.35
3464.0,353.2
3465.0,353.4
3467.0,349.8
3468.0,350.5
3470.0,353.75
3471.0,353.1
3473.0,351.35
3474.0,350.15
3476.0,349.4
3477.0,348.8
3479.0,349.0
3480.0,347.6
3482.0,343.0
3483.0,339.0
3485.0,337.8
3486.0,338.8
3488.0,338.4
3489.0,341.25
3491.0,340.5
3492.0,343.3
3494.0,344.0
3495.0,340.5
3497.0,339.25
3498.0,338.75
3500.0,338.45
3501.0,341.9
3503.0,339.0
3504.0,338.95
3506.0,336.7
3507.0,336.7
3509.0,338.1
3510.0,338.5
3512.0,335.7
3513.0,336.75
3515.0,336.35
3516.0,337.5
3518.0,336.75
3519.0,336.7
3521.0,336.9
3522.0,336.15
3524.0,335.2
3525.0,336.9
3527.0,338.9
3528.0,339.5
3530.0,337.25
3531.0,337.7
3533.0,337.85
3534.0,338.6
3536.0,337.5
3537.0,336.85
3539.0,339.9
3540.0,338.4
3542.0,338.7
3543.0,337.8
3545.0,338.25
3546.0,339.6
3548.0,342.35
3549.0,342.0
3551.0,343.55
3552.0,342.5
3554.0,342.3
3555.0,343.4
3557.0,342.0
3558.0,343.4
3560.0,347.1
3561.0,345.7
3563.0,345.6
3564.0,347.5
3566.0,348.7
3567.0,348.6
3569.0,350.9
3570.0,353.0
3572.0,359.3
3573.0,358.1
3575.0,359.5
3576.0,357.6
3578.0,359.6
3579.0,356.2
3581.0,357.85
3582.0,354.05
3584.0,350.75
3585.0,348.6
3587.0,350.35
3588.0,348.15
3590.0,337.3
3591.0,335.7
3593.0,336.1
3594.0,338.0
3596.0,336.9
3597.0,342.3
3599.0,338.5
3600.0,339.0
3602.0,340.0
3603.0,341.7
3605.0,338.85
3606.0,342.05
3608.0,342.15
3609.0,343.3
3611.0,340.0
3612.0,346.25
3614.0,349.0
3615.0,348.4
3617.0,349.1
3618.0,349.15
3620.0,348.25
3621.0,349.7
3623.0,347.5
3624.0,349.0
3626.0,348.0
3627.0,349.5
3629.0,350.15
3630.0,350.5
3632.0,346.5
3633.0,343.75
3635.0,341.85
3636.0,341.75
3638.0,343.5
3639.0,343.75
3641.0,342.5
3642.0,341.45
3644.0,338.2
3645.0,339.5
3647.0,339.5
3648.0,338.6
3650.0,338.05
3651.0,337.1
3653.0,330.35
3654.0,331.15
3656.0,334.4
3657.0,335.4
3659.0,335.1
3660.0,334.25
3662.0,334.05
3663.0,334.3
3665.0,334.7
3666.0,334.05
3668.0,334.65
3669.0,335.65
3671.0,335.6
3672.0,334.6
3674.0,333.5
3675.0,333.7
3677.0,335.2
3678.0,334.9
3680.0,338.65
3681.0,337.0
3683.0,332.6
3684.0,333.0
3686.0,333.0
3687.0,333.0
3689.0,332.9
3690.0,332.9
3692.0,328.25
3693.0,328.6
3695.0,329.15
3696.0,329.1
3698.0,329.2
3699.0,327.55
3701.0,327.7
3702.0,328.15
3704.0,329.0
3705.0,329.75
3707.0,328.45
3708.0,330.9
3710.0,329.95
3711.0,330.45
3713.0,329.65
3714.0,328.2
3716.0,327.75
3717.0,327.95
3719.0,329.85
3720.0,332.0
3722.0,328.6
3723.0,329.45
3725.0,329.95
3726.0,330.8
3728.0,329.6
3729.0,329.9
3731.0,327.6
3732.0,328.5
3734.0,329.55
3735.0,328.05
3737.0,327.5
3738.0,326.95
3740.0,326.9
3741.0,327.0
3743.0,329.0
3744.0,328.75
3746.0,331.65
3747.0,332.6
3749.0,331.0
3750.0,332.6
3752.0,331.7
3753.0,334.4
3755.0,336.35
3756.0,340.1
3758.0,338.4
3759.0,336.75
3761.0,337.5
3762.0,337.5
3764.0,338.25
3765.0,338.9
3767.0,339.6
3768.0,339.9
3770.0,339.3
3771.0,344.9
3773.0,351.4
3774.0,349.7
3776.0,354.3
3777.0,354.3
3779.0,354.25
3780.0,355.5
3782.0,356.8
3783.0,355.35
3785.0,367.0
3786.0,368.2
3788.0,367.8
3789.0,381.9
3791.0,373.25
3792.0,379.25
3794.0,374.5
3795.0,374.75
3797.0,377.45
3798.0,377.35
3800.0,374.7
3801.0,377.6
3803.0,375.25
3804.0,371.45
3806.0,370.35
3807.0,363.0
3809.0,368.0
3810.0,369.45
3812.0,370.55
3813.0,368.8
3815.0,373.9
3816.0,376.1
3818.0,375.35
3819.0,378.45
3821.0,388.1
3822.0,387.6
3824.0,395.8
3825.0,395.2
3827.0,393.4
3828.0,392.45
3830.0,392.7
3831.0,392.0
3833.0,392.1
3834.0,392.4
3836.0,391.3
3837.0,391.75
3839.0,393.15
3840.0,394.0
3842.0,405.6
3843.0,403.75
3845.0,387.75
3846.0,379.4
3848.0,380.35
3849.0,376.0
3851.0,367.6
3852.0,372.6
3854.0,373.7
3855.0,373.4
3857.0,373.1
3858.0,373.65
3860.0,371.25
3861.0,369.25
3863.0,371.55
3864.0,369.05
3866.0,362.8
3867.0,364.25
3869.0,351.75
3870.0,353.3
3872.0,344.2
3873.0,343.7
3875.0,352.75
3876.0,351.85
3878.0,354.75
3879.0,354.4
3881.0,357.6
3882.0,356.65
3884.0,353.2
3885.0,355.5
3887.0,351.75
3888.0,353.8
3890.0,357.3
3891.0,358.5
3893.0,360.6
3894.0,366.4
3896.0,364.6
3897.0,365.2
3899.0,372.5
3900.0,374.5
3902.0,371.5
3903.0,368.25
3905.0,368.55
3906.0,369.6
3908.0,363.0
3909.0,363.55
3911.0,377.75
3912.0,375.65
3914.0,374.9
3915.0,376.75
3917.0,374.7
3918.0,375.0
3920.0,376.75
3921.0,377.5
3923.0,377.6
3924.0,376.35
3926.0,376.85
3927.0,371.15
3929.0,373.1
3930.0,374.65
3932.0,377.0
3933.0,376.9
3935.0,382.5
3936.0,382.3
3938.0,387.0
3939.0,385.6
3941.0,386.5
3942.0,389.75
3944.0,385.65
3945.0,384.95
3947.0,384.95
3948.0,384.95
3950.0,391.75
3951.0,391.75
3953.0,394.1
3954.0,395.25
3956.0,390.5
3957.0,383.7
3959.0,386.1
3960.0,388.75
3962.0,392.3
3963.0,392.55
3965.0,391.8
3966.0,386.0
3968.0,382.0
3969.0,383.0
3971.0,378.25
3972.0,377.9
3974.0,384.7
3975.0,385.65
3977.0,383.5
3978.0,380.55
3980.0,382.5
3981.0,381.85
3983.0,385.0
3984.0,383.5
3986.0,379.95
3987.0,380.0
3989.0,375.75
3990.0,376.7
3992.0,381.55
3993.0,381.3
3995.0,377.7
3996.0,375.95
3998.0,376.1
3999.0,375.3
4001.0,386.65
4002.0,386.5
4004.0,385.5
4005.0,383.4
4007.0,386.45
4008.0,389.15
4010.0,390.4
4011.0,391.3
4013.0,386.8
4014.0,387.15
4016.0,389.2
4017.0,389.2
4019.0,383.9
4020.0,384.3
4022.0,381.75
4023.0,378.0
4025.0,377.65
4026.0,377.0
4028.0,373.1
4029.0,371.35
4031.0,369.65
4032.0,373.0
4034.0,374.25
4035.0,373.35
4037.0,376.45
4038.0,375.1
4040.0,374.5
4041.0,373.4
4043.0,380.15
4044.0,380.5
4046.0,381.65
4047.0,379.3
4049.0,379.6
4050.0,383.3
4052.0,386.45
4053.0,388.0
4055.0,384.9
4056.0,385.4
4058.0,387.6
4059.0,386.3
4061.0,382.95
4062.0,378.4
4064.0,381.45
4065.0,382.55
4067.0,382.6
4068.0,383.8
4070.0,386.85
4071.0,387.85
4073.0,390.3
4074.0,392.45
4076.0,389.9
4077.0,389.25
4079.0,385.5
4080.0,388.25
4082.0,386.6
4083.0,387.3
4085.0,383.0
4086.0,383.15
4088.0,386.3
4089.0,384.65
4091.0,384.9
4092.0,386.5
4094.0,387.45
4095.0,385.9
4097.0,385.0
4098.0,386.2
4100.0,387.1
4101.0,384.0
4103.0,380.0
4104.0,378.45
4106.0,378.3
4107.0,377.6
4109.0,378.3
4110.0,377.6
4112.0,376.6
4113.0,376.3
4115.0,380.65
4116.0,381.8
4118.0,381.35
4119.0,383.9
4121.0,383.3
4122.0,383.3
4124.0,385.75
4125.0,386.0
4127.0,386.9
4128.0,387.6
4130.0,391.5
4131.0,390.75
4133.0,389.6
4134.0,390.3
4136.0,390.0
4137.0,389.9
4139.0,394.9
4140.0,393.7
4142.0,395.8
4143.0,395.8
4145.0,395.7
4146.0,394.85
4148.0,392.45
4149.0,393.7
4151.0,392.0
4152.0,391.2
4154.0,387.9
4155.0,387.25
4157.0,389.0
4158.0,389.75
4160.0,391.55
4161.0,390.95
4163.0,389.2
4164.0,388.9
4166.0,387.7
4167.0,383.85
4169.0,383.85
4170.0,383.8
4172.0,382.7
4173.0,384.65
4175.0,384.2
4176.0,385.3
4178.0,386.7
4179.0,386.25
4181.0,384.0
4182.0,383.4
4184.0,384.7
4185.0,384.3
4187.0,384.0
4188.0,383.2
4190.0,380.1
4191.0,379.0
4193.0,375.75
4194.0,377.0
4196.0,376.5
4197.0,377.15
4199.0,380.5
4200.0,379.2
4202.0,379.2
4203.0,381.9
4205.0,381.55
4206.0,381.55
4208.0,381.55
4209.0,381.75
4211.0,383.25
4212.0,383.25
4214.0,375.6
4215.0,375.3
4217.0,372.4
4218.0,374.1
4220.0,380.5
4221.0,378.6
4223.0,379.8
4224.0,382.6
4226.0,383.85
4227.0,382.35
4229.0,381.45
4230.0,381.35
4232.0,375.9
4233.0,374.9
4235.0,375.9
4236.0,375.65
4238.0,374.5
4239.0,374.6
4241.0,376.4
4242.0,374.5
4244.0,376.6
4245.0,376.75
4247.0,379.2
4248.0,378.65
4250.0,379.5
4251.0,377.75
4253.0,376.4
4254.0,375.7
4256.0,377.25
4257.0,378.85
4259.0,380.0
4260.0,380.9
4262.0,385.5
4263.0,384.7
4265.0,383.7
4266.0,382.65
4268.0,382.9
4269.0,382.25
4271.0,382.1
4272.0,382.2
4274.0,383.0
4275.0,383.4
4277.0,392.3
4278.0,391.7
4280.0,393.4
4281.0,393.1
4283.0,390.0
4284.0,390.05
4286.0,389.2
4287.0,389.2
4289.0,395.55
4290.0,393.3
4292.0,390.65
4293.0,389.75
4295.0,386.35
4296.0,389.75
4298.0,388.55
4299.0,388.7
4301.0,391.0
4302.0,391.0
4304.0,383.2
4305.0,383.65
4307.0,383.75
4308.0,383.85
4310.0,383.0
4311.0,383.0
4313.0,382.0
4314.0,383.1
4316.0,385.5
4317.0,385.5
4319.0,384.3
4320.0,383.5
4322.0,383.25
4323.0,384.2
4325.0,385.05
4326.0,386.4
4328.0,387.0
4329.0,387.75
4331.0,391.3
4332.0,390.5
4334.0,390.7
4335.0,389.65
4337.0,389.0
4338.0,389.4
4340.0,387.3
4341.0,387.05
4343.0,384.75
4344.0,384.25
4346.0,385.75
4347.0,385.8
4349.0,386.7
4350.0,389.2
4352.0,388.4
4353.0,389.6
4355.0,386.85
4356.0,385.95
4358.0,386.7
4359.0,386.0
4361.0,383.0
4362.0,383.35
4364.0,382.65
4365.0,384.0
4367.0,384.1
4368.0,384.5
4370.0,384.05
4371.0,383.55
4373.0,386.35
4374.0,382.0
4376.0,384.5
4377.0,384.7
4379.0,382.75
4380.0,384.0
4382.0,383.1
4383.0,383.0
4385.0,382.35
4386.0,381.5
4388.0,379.4
4389.0,380.05
4391.0,382.4
4392.0,382.1
4394.0,384.9
4395.0,385.1
4397.0,385.4
4398.0,384.85
4400.0,383.4
4401.0,383.5
4403.0,383.8
4404.0,383.75
4406.0,384.0
4407.0,383.25
4409.0,382.5
4410.0,383.25
4412.0,384.5
4413.0,385.1
4415.0,384.45
4416.0,383.8
4418.0,383.4
4419.0,383.65
4421.0,381.75
4422.0,382.55
4424.0,382.65
4425.0,382.9
4427.0,382.15
4428.0,382.65
4430.0,382.05
4431.0,382.55
4433.0,384.8
4434.0,384.8
4436.0,389.4
4437.0,388.3
4439.0,385.3
4440.0,385.2
4442.0,386.3
4443.0,386.3
4445.0,382.8
4446.0,383.45
4448.0,388.9
4449.0,388.5
4451.0,386.2
4452.0,385.9
4454.0,388.4
4455.0,387.8
4457.0,389.6
4458.0,388.8
4460.0,385.7
4461.0,386.2
4463.0,388.1
4464.0,387.6
4466.0,388.05
4467.0,388.05
4469.0,387.05
4470.0,387.0
4472.0,387.0
4473.0,389.15
4475.0,394.25
4476.0,395.9
4478.0,394.55
4479.0,400.0
4481.0,399.6
4482.0,395.55
4484.0,397.7
4485.0,397.5
4487.0,402.2
4488.0,403.65
4490.0,406.6
4491.0,406.5
4493.0,406.55
4494.0,405.55
4496.0,414.5
4497.0,414.8
4499.0,414.2
4500.0,407.9
4502.0,404.5
4503.0,403.2
4505.0,404.6
4506.0,404.85
4508.0,402.2
4509.0,396.8
4511.0,398.25
4512.0,399.0
4514.0,397.55
4515.0,400.65
4517.0,393.7
4518.0,393.6
4520.0,393.9
4521.0,396.8
4523.0,396.25
4524.0,396.5
4526.0,395.7
4527.0,394.0
4529.0,394.9
4530.0,395.8
4532.0,397.9
4533.0,399.9
4535.0,398.7
4536.0,396.35
4538.0,394.35
4539.0,394.65
4541.0,393.75
4542.0,393.75
4544.0,394.55
4545.0,394.3
4547.0,393.2
4548.0,393.5
4550.0,390.5
4551.0,390.9
4553.0,391.75
4554.0,390.8
4556.0,391.9
4557.0,390.85
4559.0,392.3
4560.0,392.4
4562.0,394.0
4563.0,393.7
4565.0,392.7
4566.0,393.2
4568.0,390.7
4569.0,392.2
4571.0,391.95
4572.0,390.85
4574.0,390.8
4575.0,391.4
4577.0,390.85
4578.0,392.0
4580.0,391.3
4581.0,390.55
4583.0,389.7
4584.0,387.65
4586.0,386.6
4587.0,385.65
4589.0,384.8
4590.0,384.7
4592.0,385.0
4593.0,384.85
4595.0,384.4
4596.0,383.2
4598.0,385.1
4599.0,383.8
4601.0,382.0
4602.0,381.55
4604.0,381.95
4605.0,381.0
4607.0,381.9
4608.0,382.9
4610.0,382.7
4611.0,383.6
4613.0,384.25
4614.0,383.4
4616.0,384.5
4617.0,384.85
4619.0,384.4
4620.0,384.8
4622.0,384.5
4623.0,384.8
4625.0,386.25
4626.0,386.35
4628.0,388.5
4629.0,388.0
4631.0,387.5
4632.0,387.15
4634.0,386.7
4635.0,386.2
4637.0,386.4
4638.0,387.1
4640.0,387.0
4641.0,387.0
4643.0,388.8
4644.0,388.5
4646.0,386.45
4647.0,386.55
4649.0,385.6
4650.0,386.0
4652.0,384.6
4653.0,383.1
4655.0,382.1
4656.0,382.8
4658.0,383.45
4659.0,383.0
4661.0,381.75
4662.0,381.0
4664.0,382.4
4665.0,380.45
4667.0,379.0
4668.0,378.65
4670.0,378.85
4671.0,380.7
4673.0,380.85
4674.0,381.35
4676.0,380.75
4677.0,380.9
4679.0,381.5
4680.0,380.6
4682.0,381.0
4683.0,383.35
4685.0,383.0
4686.0,382.55
4688.0,381.7
4689.0,379.7
4691.0,377.6
4692.0,378.7
4694.0,378.0
4695.0,378.6
4697.0,380.5
4698.0,381.9
4700.0,383.0
4701.0,379.25
4703.0,378.2
4704.0,379.1
4706.0,377.0
4707.0,375.4
4709.0,373.0
4710.0,372.65
4712.0,370.75
4713.0,367.4
4715.0,369.0
4716.0,370.25
4718.0,368.25
4719.0,368.25
4721.0,369.0
4722.0,368.25
4724.0,368.7
4725.0,369.0
4727.0,368.75
4728.0,368.75
4730.0,368.75
4731.0,369.4
4733.0,369.25
4734.0,369.25
4736.0,364.0
4737.0,358.5
4739.0,356.6
4740.0,356.5
4742.0,359.6
4743.0,357.4
4745.0,353.05
4746.0,355.75
4748.0,354.7
4749.0,351.2
4751.0,352.5
4752.0,353.6
4754.0,351.1
4755.0,349.25
4757.0,344.3
4758.0,345.7
4760.0,342.8
4761.0,339.75
4763.0,339.4
4764.0,337.7
4766.0,342.4
4767.0,344.1
4769.0,346.25
4770.0,345.0
4772.0,353.05
4773.0,353.1
4775.0,360.0
4776.0,358.6
4778.0,359.4
4779.0,354.5
4781.0,350.3
4782.0,350.25
4784.0,351.4
4785.0,352.9
4787.0,351.4
4788.0,346.3
4790.0,352.0
4791.0,352.8
4793.0,349.6
4794.0,346.05
4796.0,348.15
4797.0,348.15
4799.0,351.05
4800.0,348.75
4802.0,349.0
4803.0,349.1
4805.0,347.6
4806.0,347.95
4808.0,343.0
4809.0,339.9
4811.0,342.1
4812.0,342.25
4814.0,341.0
4815.0,340.9
4817.0,340.2
4818.0,339.25
4820.0,339.25
4821.0,339.65
4823.0,342.45
4824.0,341.1
4826.0,345.85
4827.0,348.2
4829.0,349.1
4830.0,346.4
4832.0,340.7
4833.0,343.0
4835.0,342.75
4836.0,342.55
4838.0,343.65
4839.0,342.8
4841.0,345.6
4842.0,343.9
4844.0,341.75
4845.0,340.8
4847.0,344.25
4848.0,343.75
4850.0,342.2
4851.0,341.4
4853.0,342.15
4854.0,341.6
4856.0,338.2
4857.0,338.0
4859.0,338.45
4860.0,336.95
4862.0,334.55
4863.0,333.7
4865.0,332.55
4866.0,324.45
4868.0,320.8
4869.0,317.3
4871.0,319.5
4872.0,321.7
4874.0,319.5
4875.0,319.4
4877.0,326.2
4878.0,328.25
4880.0,321.95
4881.0,324.1
4883.0,326.55
4884.0,327.55
4886.0,324.1
4887.0,323.55
4889.0,319.35
4890.0,321.0
4892.0,327.7
4893.0,326.15
4895.0,326.15
4896.0,324.65
4898.0,323.45
4899.0,322.05
4901.0,324.0
4902.0,324.0
4904.0,324.75
4905.0,325.85
4907.0,324.5
4908.0,322.4
4910.0,321.7
4911.0,321.25
4913.0,321.7
4914.0,320.8
4916.0,323.35
4917.0,322.3
4919.0,320.45
4920.0,320.85
4922.0,320.85
4923.0,320.9
4925.0,324.6
4926.0,326.65
4928.0,332.1
4929.0,337.15
4931.0,331.7
4932.0,332.5
4934.0,332.6
4935.0,333.4
4937.0,328.2
4938.0,327.75
4940.0,327.35
4941.0,324.3
4943.0,323.3
4944.0,322.45
4946.0,316.65
4947.0,311.8
4949.0,313.5
4950.0,316.75
4952.0,313.8
4953.0,315.35
4955.0,312.05
4956.0,308.7
4958.0,312.65
4959.0,308.15
4961.0,301.75
4962.0,303.75
4964.0,305.95
4965.0,302.7
4967.0,305.0
4968.0,300.7
4970.0,296.0
4971.0,296.8
4973.0,295.1
4974.0,293.0
4976.0,287.4
4977.0,287.5
4979.0,286.3
4980.0,284.8
4982.0,283.6
4983.0,285.5
4985.0,290.0
4986.0,288.9
4988.0,292.5
4989.0,292.5
4991.0,292.5
4992.0,293.05
4994.0,290.2
4995.0,290.2
4997.0,284.4
4998.0,282.8
5000.0,281.65
5001.0,278.7
5003.0,279.5
5004.0,282.5
5006.0,290.0
5007.0,287.25
5009.0,291.0
5010.0,293.8
5012.0,302.75
5013.0,298.9
5015.0,302.5
5016.0,304.85
5018.0,298.35
5019.0,298.15
5021.0,299.1
5022.0,300.6
5024.0,298.45
5025.0,299.45
5027.0,298.2
5028.0,299.3
5030.0,298.0
5031.0,296.7
5033.0,291.4
5034.0,292.25
5036.0,297.4
5037.0,298.35
5039.0,296.75
5040.0,293.7
5042.0,293.85
5043.0,294.4
5045.0,293.85
5046.0,294.55
5048.0,293.8
5049.0,290.4
5051.0,292.4
5052.0,293.0
5054.0,299.25
5055.0,299.6
5057.0,301.85
5058.0,301.0
5060.0,300.3
5061.0,306.0
5063.0,309.2
5064.0,308.8
5066.0,307.65
5067.0,307.65
5069.0,307.2
5070.0,306.3
5072.0,307.45
5073.0,307.5
5075.0,312.75
5076.0,313.15
5078.0,308.45
5079.0,308.25
5081.0,306.9
5082.0,306.9
5084.0,301.0
5085.0,298.1
5087.0,298.9
5088.0,299.35
5090.0,296.15
5091.0,300.9
5093.0,299.7
5094.0,299.6
5096.0,299.8
5097.0,299.8
5099.0,292.75
5100.0,294.0
5102.0,288.75
5103.0,291.45
5105.0,292.8
5106.0,290.7
5108.0,297.6
5109.0,293.0
5111.0,288.15
5112.0,285.85
5114.0,290.9
5115.0,292.45
5117.0,295.15
5118.0,294.45
5120.0,293.15
5121.0,293.65
5123.0,296.3
5124.0,296.8
5126.0,294.6
5127.0,293.25
5129.0,292.0
5130.0,291.8
5132.0,291.5
5133.0,293.35
5135.0,294.95
5136.0,293.8
5138.0,294.9
5139.0,293.95
5141.0,294.6
5142.0,290.65
5144.0,290.75
5145.0,290.0
5147.0,286.15
5148.0,286.1
5150.0,287.8
5151.0,285.7
5153.0,284.8
5154.0,285.05
5156.0,284.4
5157.0,284.15
5159.0,285.5
5160.0,285.3
5162.0,284.5
5163.0,283.05
5165.0,278.5
5166.0,273.4
5168.0,279.0
5169.0,280.15
5171.0,285.0
5172.0,288.25
5174.0,283.45
5175.0,290.5
5177.0,290.2
5178.0,290.65
5180.0,290.5
5181.0,290.1
5183.0,288.9
5184.0,288.9
5186.0,298.1
5187.0,292.25
5189.0,293.85
5190.0,297.6
5192.0,298.75
5193.0,294.65
5195.0,300.25
5196.0,298.7
5198.0,295.55
5199.0,295.3
5201.0,297.95
5202.0,298.55
5204.0,295.25
5205.0,292.9
5207.0,291.45
5208.0,293.0
5210.0,294.0
5211.0,292.3
5213.0,288.6
5214.0,289.4
5216.0,293.3
5217.0,292.05
5219.0,293.5
5220.0,294.45
5222.0,294.85
5223.0,293.8
5225.0,296.35
5226.0,295.6
5228.0,296.45
5229.0,296.3
5231.0,296.15
5232.0,294.7
5234.0,294.15
5235.0,292.85
5237.0,295.55
5238.0,294.4
5240.0,293.95
5241.0,290.8
5243.0,292.55
5244.0,294.1
5246.0,291.6
5247.0,289.65
5249.0,285.8
5250.0,285.8
5252.0,285.8
5253.0,286.95
5255.0,287.8
5256.0,287.8
5258.0,287.15
5259.0,287.65
5261.0,290.9
5262.0,291.15
5264.0,285.45
5265.0,285.65
5267.0,286.75
5268.0,286.5
5270.0,287.75
5271.0,287.0
5273.0,287.1
5274.0,283.8
5276.0,285.4
5277.0,286.9
5279.0,286.85
5280.0,287.25
5282.0,288.85
5283.0,287.0
5285.0,287.3
5286.0,289.15
5288.0,285.3
5289.0,285.75
5291.0,286.35
5292.0,287.2
5294.0,287.4
5295.0,286.45
5297.0,286.7
5298.0,288.25
5300.0,287.7
5301.0,287.9
5303.0,292.95
5304.0,291.8
5306.0,292.5
5307.0,289.7
5309.0,284.7
5310.0,283.7
5312.0,284.3
5313.0,284.1
5315.0,283.4
5316.0,279.8
5318.0,279.6
5319.0,279.45
5321.0,280.55
5322.0,280.55
5324.0,280.15
5325.0,281.0
5327.0,283.2
5328.0,283.45
5330.0,283.65
5331.0,284.2
5333.0,284.35
5334.0,283.25
5336.0,283.3
5337.0,281.5
5339.0,283.0
5340.0,283.0
5342.0,286.6
5343.0,285.3
5345.0,287.95
5346.0,282.4
5348.0,279.45
5349.0,277.55
5351.0,276.0
5352.0,276.1
5354.0,272.5
5355.0,274.0
5357.0,272.2
5358.0,271.7
5360.0,268.95
5361.0,268.6
5363.0,266.85
5364.0,267.15
5366.0,265.3
5367.0,265.6
5369.0,261.3
5370.0,258.6
5372.0,260.35
5373.0,260.0
5375.0,258.15
5376.0,258.95
5378.0,258.55
5379.0,259.15
5381.0,260.7
5382.0,260.3
5384.0,261.0
5385.0,262.6
5387.0,261.8
5388.0,257.6
5390.0,257.2
5391.0,257.3
5393.0,254.65
5394.0,255.25
5396.0,255.65
5397.0,253.95
5399.0,254.5
5400.0,253.95
5402.0,253.5
5403.0,254.6
5405.0,253.9
5406.0,255.6
5408.0,256.0
5409.0,255.85
5411.0,255.75
5412.0,256.5
5414.0,257.75
5415.0,260.3
5417.0,259.0
5418.0,259.65
5420.0,258.0
5421.0,258.25
5423.0,253.4
5424.0,252.85
5426.0,253.8
5427.0,253.8
5429.0,254.7
5430.0,254.2
5432.0,254.6
5433.0,255.6
5435.0,256.9
5436.0,256.0
5438.0,256.75
5439.0,257.15
5441.0,255.1
5442.0,255.4
5444.0,263.4
5445.0,264.35
5447.0,281.1
5448.0,301.5
5450.0,299.0
5451.0,307.5
5453.0,325.5
5454.0,318.25
5456.0,323.25
5457.0,317.75
5459.0,321.75
5460.0,321.0
5462.0,311.75
5463.0,309.5
5465.0,302.85
5466.0,302.4
5468.0,296.4
5469.0,290.6
5471.0,299.1
5472.0,291.35
5474.0,291.0
5475.0,290.6
5477.0,288.25
5478.0,290.75
5480.0,296.0
5481.0,291.25
5483.0,294.25
5484.0,293.65
5486.0,293.75
5487.0,294.9
5489.0,297.5
5490.0,298.4
5492.0,292.25
5493.0,291.35
5495.0,286.0
5496.0,282.75
5498.0,279.25
5499.0,280.95
5501.0,280.65
5502.0,279.5
5504.0,280.05
5505.0,280.3
5507.0,284.25
5508.0,282.75
5510.0,287.3
5511.0,287.3
5513.0,287.3
5514.0,290.9
5516.0,290.25
5517.0,290.25
5519.0,280.45
5520.0,279.4
5522.0,281.6
5523.0,282.25
5525.0,282.1
5526.0,283.3
5528.0,285.8
5529.0,287.65
5531.0,287.75
5532.0,287.2
5534.0,285.9
5535.0,285.55
5537.0,283.3
5538.0,283.0
5540.0,285.05
5541.0,293.65
5543.0,296.25
5544.0,308.6
5546.0,311.5
5547.0,308.35
5549.0,302.5
5550.0,304.75
5552.0,305.25
5553.0,302.25
5555.0,298.75
5556.0,294.0
5558.0,293.65
5559.0,292.9
5561.0,288.5
5562.0,288.8
5564.0,291.2
5565.0,290.5
5567.0,290.65
5568.0,288.75
5570.0,287.35
5571.0,283.9
5573.0,285.15
5574.0,287.8
5576.0,284.85
5577.0,284.15
5579.0,279.75
5580.0,275.75
5582.0,277.5
5583.0,276.85
5585.0,279.35
5586.0,280.15
5588.0,282.5
5589.0,280.4
5591.0,282.0
5592.0,281.75
5594.0,281.35
5595.0,279.85
5597.0,279.85
5598.0,279.5
5600.0,276.0
5601.0,275.05
5603.0,275.45
5604.0,275.6
5606.0,280.75
5607.0,277.9
5609.0,277.6
5610.0,276.75
5612.0,275.05
5613.0,276.0
5615.0,272.8
5616.0,273.15
5618.0,274.05
5619.0,273.7
5621.0,271.3
5622.0,271.3
5624.0,272.25
5625.0,272.5
5627.0,283.25
5628.0,288.4
5630.0,285.75
5631.0,284.4
5633.0,291.5
5634.0,287.15
5636.0,290.1
5637.0,285.9
5639.0,286.05
5640.0,287.65
5642.0,284.05
5643.0,283.8
5645.0,289.75
5646.0,288.15
5648.0,286.5
5649.0,286.85
5651.0,282.85
5652.0,284.1
5654.0,279.95
5655.0,280.8
5657.0,282.45
5658.0,282.75
5660.0,279.35
5661.0,279.3
5663.0,279.7
5664.0,279.4
5666.0,278.1
5667.0,276.75
5669.0,277.6
5670.0,275.5
5672.0,273.2
5673.0,273.1
5675.0,272.2
5676.0,272.7
5678.0,274.15
5679.0,276.35
5681.0,275.6
5682.0,274.6
5684.0,273.15
5685.0,272.6
5687.0,273.65
5688.0,274.0
5690.0,277.0
5691.0,277.0
5693.0,275.0
5694.0,274.15
5696.0,272.75
5697.0,272.55
5699.0,272.5
5700.0,273.1
5702.0,273.0
5703.0,271.85
5705.0,269.5
5706.0,273.95
5708.0,274.85
5709.0,276.15
5711.0,273.65
5712.0,273.1
5714.0,271.35
5715.0,270.4
5717.0,270.0
5718.0,270.5
5720.0,274.0
5721.0,273.25
5723.0,270.25
5724.0,272.0
5726.0,270.45
5727.0,271.45
5729.0,266.8
5730.0,266.4
5732.0,264.75
5733.0,264.5
5735.0,264.85
5736.0,264.65
5738.0,265.5
5739.0,264.1
5741.0,264.85
5742.0,264.85
5744.0,264.6
5745.0,266.7
5747.0,266.15
5748.0,266.15
5750.0,265.7
5751.0,265.55
5753.0,269.95
5754.0,269.1
5756.0,269.2
5757.0,270.7
5759.0,271.6
5760.0,273.9
5762.0,270.7
5763.0,270.75
5765.0,269.3
5766.0,270.35
5768.0,269.55
5769.0,272.45
5771.0,273.1
5772.0,273.1
5774.0,275.05
5775.0,274.45
5777.0,274.45
5778.0,271.1
5780.0,267.1
5781.0,267.4
5783.0,267.0
5784.0,266.3
5786.0,263.7
5787.0,263.5
5789.0,263.5
5790.0,264.9
5792.0,266.15
5793.0,266.1
5795.0,264.9
5796.0,263.55
5798.0,264.95
5799.0,264.5
5801.0,266.7
5802.0,265.45
5804.0,263.15
5805.0,262.95
5807.0,261.1
5808.0,260.75
5810.0,258.55
5811.0,257.45
5813.0,256.25
5814.0,257.5
5816.0,260.45
5817.0,263.2
5819.0,266.7
5820.0,266.35
5822.0,262.5
5823.0,261.85
5825.0,263.65
5826.0,269.8
5828.0,269.3
5829.0,263.85
5831.0,260.7
5832.0,260.55
5834.0,262.0
5835.0,261.15
5837.0,262.2
5838.0,262.0
5840.0,260.15
5841.0,257.7
5843.0,257.1
5844.0,259.45
5846.0,258.8
5847.0,259.0
5849.0,257.7
5850.0,259.25
5852.0,259.25
5853.0,260.55
5855.0,263.1
5856.0,263.85
5858.0,263.4
5859.0,263.5
5861.0,264.6
5862.0,263.15
5864.0,263.95
5865.0,266.4
5867.0,266.6
5868.0,265.2
5870.0,268.45
5871.0,269.05
5873.0,266.6
5874.0,270.9
5876.0,273.0
5877.0,291.25
5879.0,283.15
5880.0,286.05
5882.0,276.25
5883.0,275.75
5885.0,267.5
5886.0,265.4
5888.0,265.7
5889.0,265.5
5891.0,267.0
5892.0,268.5
5894.0,271.95
5895.0,272.4
5897.0,272.0
5898.0,273.4
5900.0,271.7
5901.0,273.3
5903.0,274.0
5904.0,274.8
5906.0,270.6
5907.0,268.35
5909.0,267.6
5910.0,266.3
5912.0,266.1
5913.0,267.45
5915.0,266.3
5916.0,266.35
5918.0,267.6
5919.0,268.55
5921.0,269.7
5922.0,268.7
5924.0,268.4
5925.0,267.5
5927.0,266.3
5928.0,265.9
5930.0,267.0
5931.0,267.85
5933.0,266.45
5934.0,266.4
5936.0,275.8
5937.0,275.6
5939.0,275.35
5940.0,275.9
5942.0,276.65
5943.0,276.3
5945.0,274.85
5946.0,272.8
5948.0,271.05
5949.0,272.85
5951.0,273.0
5952.0,273.35
5954.0,271.3
5955.0,272.05
5957.0,271.5
5958.0,287.0
5960.0,280.25
5961.0,285.75
5963.0,289.4
5964.0,288.1
5966.0,292.5
5967.0,288.2
5969.0,291.45
5970.0,289.8
5972.0,290.6
5973.0,291.65
5975.0,290.35
5976.0,291.2
5978.0,290.0
5979.0,287.15
5981.0,281.8
5982.0,281.85
5984.0,281.6
5985.0,281.0
5987.0,275.9
5988.0,276.05
5990.0,276.7
5991.0,277.25
5993.0,280.4
5994.0,278.75
5996.0,279.9
5997.0,278.25
5999.0,280.3
6000.0,279.95
6002.0,280.0
6003.0,276.5
6005.0,275.45
6006.0,274.5
6008.0,272.95
6009.0,272.8
6011.0,273.1
6012.0,272.6
6014.0,274.4
6015.0,274.8
6017.0,276.35
6018.0,276.6
6020.0,274.55
6021.0,274.1
6023.0,272.2
6024.0,273.5
6026.0,277.05
6027.0,277.75
6029.0,278.65
6030.0,276.1
6032.0,277.5
6033.0,277.5
6035.0,277.7
6036.0,276.5
6038.0,276.5
6039.0,278.35
6041.0,277.75
6042.0,278.6
6044.0,281.1
6045.0,286.85
6047.0,286.35
6048.0,284.2
6050.0,285.0
6051.0,283.2
6053.0,282.05
6054.0,280.75
6056.0,279.0
6057.0,279.1
6059.0,281.5
6060.0,282.3
6062.0,287.4
6063.0,291.95
6065.0,299.5
6066.0,304.3
6068.0,298.9
6069.0,297.4
6071.0,299.85
6072.0,297.35
6074.0,291.3
6075.0,292.15
6077.0,291.95
6078.0,294.2
6080.0,296.85
6081.0,295.4
6083.0,297.8
6084.0,292.7
6086.0,289.15
6087.0,291.2
6089.0,293.15
6090.0,291.2
6092.0,292.05
6093.0,293.1
6095.0,292.75
6096.0,294.25
6098.0,296.1
6099.0,299.0
6101.0,301.4
6102.0,301.4
6104.0,303.75
6105.0,301.7
6107.0,300.45
6108.0,298.7
6110.0,301.3
6111.0,300.35
6113.0,297.75
6114.0,300.85
6116.0,301.8
6117.0,303.7
6119.0,304.2
6120.0,307.25
6122.0,309.7
6123.0,308.2
6125.0,307.6
6126.0,310.45
6128.0,312.0
6129.0,310.5
6131.0,311.15
6132.0,310.75
6134.0,308.3
6135.0,310.1
6137.0,311.5
6138.0,315.2
6140.0,317.15
6141.0,320.95
6143.0,320.2
6144.0,327.05
6146.0,326.6
6147.0,326.6
6149.0,322.0
6150.0,324.1
6152.0,322.5
6153.0,316.8
6155.0,318.75
6156.0,322.1
6158.0,318.35
6159.0,320.65
6161.0,322.7
6162.0,326.4
6164.0,321.55
6165.0,318.8
6167.0,312.1
6168.0,314.45
6170.0,310.6
6171.0,311.3
6173.0,313.8
6174.0,314.8
6176.0,316.7
6177.0,319.0
6179.0,316.15
6180.0,317.65
6182.0,322.9
6183.0,319.7
6185.0,309.45
6186.0,304.95
6188.0,305.4
6189.0,304.65
6191.0,305.05
6192.0,309.5
6194.0,312.2
6195.0,312.15
6197.0,316.7
6198.0,313.8
6200.0,312.65
6201.0,314.2
6203.0,308.0
6204.0,306.55
6206.0,305.95
6207.0,305.95
6209.0,311.1
6210.0,312.1
6212.0,312.0
6213.0,313.5
6215.0,317.55
6216.0,319.25
6218.0,319.1
6219.0,315.5
6221.0,318.8
6222.0,315.35
6224.0,318.7
6225.0,322.25
6227.0,322.5
6228.0,326.3
6230.0,319.6
6231.0,320.05
6233.0,321.75
6234.0,322.2
6236.0,320.3
6237.0,321.75
6239.0,319.35
6240.0,318.95
6242.0,317.75
6243.0,316.2
6245.0,310.75
6246.0,312.75
6248.0,312.55
6249.0,312.1
6251.0,313.0
6252.0,314.45
6254.0,316.55
6255.0,316.9
6257.0,317.55
6258.0,318.5
6260.0,319.25
6261.0,321.7
6263.0,321.75
6264.0,324.0
6266.0,319.1
6267.0,318.75
6269.0,318.85
6270.0,317.65
6272.0,317.45
6273.0,317.5
6275.0,317.6
6276.0,319.05
6278.0,319.7
6279.0,322.1
6281.0,325.75
6282.0,325.1
6284.0,324.25
6285.0,326.4
6287.0,333.0
6288.0,339.0
6290.0,345.0
6291.0,341.6
6293.0,343.95
6294.0,343.95
6296.0,349.3
6297.0,347.2
6299.0,347.2
6300.0,343.8
6302.0,351.75
6303.0,349.0
6305.0,352.4
6306.0,353.0
6308.0,353.1
6309.0,351.0
6311.0,357.0
6312.0,355.85
6314.0,358.5
6315.0,364.7
6317.0,368.5
6318.0,368.4
6320.0,367.6
6321.0,367.5
6323.0,376.55
6324.0,382.1
6326.0,373.25
6327.0,370.5
6329.0,356.3
6330.0,352.8
6332.0,347.0
6333.0,344.1
6335.0,351.55
6336.0,352.3
6338.0,357.6
6339.0,351.9
6341.0,347.45
6342.0,345.5
6344.0,353.95
6345.0,354.7
6347.0,354.45
6348.0,348.7
6350.0,334.5
6351.0,335.2
6353.0,338.8
6354.0,335.8
6356.0,333.5
6357.0,329.45
6359.0,329.95
6360.0,332.75
6362.0,334.85
6363.0,334.35
6365.0,323.7
6366.0,323.8
6368.0,323.4
6369.0,321.35
6371.0,324.8
6372.0,325.95
6374.0,324.1
6375.0,327.0
6377.0,327.0
6378.0,334.9
6380.0,333.7
6381.0,333.25
6383.0,331.4
6384.0,336.75
6386.0,340.5
6387.0,340.5
6389.0,341.85
6390.0,346.45
6392.0,351.1
6393.0,350.4
6395.0,354.25
6396.0,355.0
6398.0,366.3
6399.0,367.8
6401.0,370.5
6402.0,370.5
6404.0,359.5
6405.0,363.1
6407.0,364.75
6408.0,365.0
6410.0,366.75
6411.0,363.0
6413.0,354.25
6414.0,354.25
6416.0,353.05
6417.0,358.3
6419.0,359.75
6420.0,357.65
6422.0,355.0
6423.0,348.25
6425.0,343.85
6426.0,345.5
6428.0,350.2
6429.0,351.5
6431.0,351.3
6432.0,348.15
6434.0,344.15
6435.0,343.4
6437.0,347.5
6438.0,348.25
6440.0,342.5
6441.0,344.35
6443.0,352.0
6444.0,354.75
6446.0,363.0
6447.0,365.6
6449.0,357.75
6450.0,354.75
6452.0,347.5
6453.0,348.4
6455.0,351.6
6456.0,353.95
6458.0,360.1
6459.0,358.65
6461.0,364.5
6462.0,360.25
6464.0,363.7
6465.0,363.3
6467.0,358.75
6468.0,360.5
6470.0,369.8
6471.0,375.6
6473.0,373.7
6474.0,370.0
6476.0,375.8
6477.0,374.65
6479.0,380.0
6480.0,376.3
6482.0,373.5
6483.0,374.6
6485.0,378.3
6486.0,379.75
6488.0,384.6
6489.0,385.0
6491.0,382.7
6492.0,381.95
6494.0,383.5
6495.0,382.2
6497.0,371.3
6498.0,376.1
6500.0,370.6
6501.0,372.3
6503.0,373.95
6504.0,373.5
6506.0,370.5
6507.0,373.8
6509.0,384.75
6510.0,384.5
6512.0,386.0
6513.0,384.4
6515.0,386.5
6516.0,386.25
6518.0,377.9
6519.0,378.75
6521.0,378.95
6522.0,383.5
6524.0,389.7
6525.0,395.4
6527.0,393.7
6528.0,393.9
6530.0,394.3
6531.0,395.5
6533.0,391.75
6534.0,396.0
6536.0,398.35
6537.0,400.25
6539.0,401.8
6540.0,402.25
6542.0,406.15
6543.0,407.75
6545.0,404.1
6546.0,407.1
6548.0,408.0
6549.0,408.25
6551.0,409.75
6552.0,410.45
6554.0,409.25
6555.0,409.25
6557.0,412.0
6558.0,416.25
6560.0,416.25
6561.0,415.25
6563.0,424.4
6564.0,421.75
6566.0,423.35
6567.0,425.25
6569.0,419.5
6570.0,412.5
6572.0,406.6
6573.0,409.25
6575.0,409.25
6576.0,409.0
6578.0,405.7
6579.0,411.0
6581.0,399.75
6582.0,398.35
6584.0,399.25
6585.0,399.55
6587.0,405.95
6588.0,408.55
6590.0,411.6
6591.0,416.0
6593.0,414.5
6594.0,414.5
6596.0,405.25
6597.0,399.5
6599.0,400.25
6600.0,393.25
6602.0,400.0
6603.0,395.75
6605.0,392.0
6606.0,399.25
6608.0,401.5
6609.0,400.25
6611.0,398.0
6612.0,398.1
6614.0,402.75
6615.0,410.75
6617.0,417.65
6618.0,416.25
6620.0,416.1
6621.0,421.5
6623.0,420.0
6624.0,423.7
6626.0,419.0
6627.0,417.7
6629.0,419.0
6630.0,419.5
6632.0,419.5
6633.0,407.9
6635.0,398.25
6636.0,400.85
6638.0,396.85
6639.0,392.75
6641.0,394.5
6642.0,397.0
6644.0,392.25
6645.0,386.0
6647.0,388.5
6648.0,391.25
6650.0,387.5
6651.0,380.8
6653.0,375.25
6654.0,382.2
6656.0,376.5
6657.0,382.95
6659.0,380.75
6660.0,379.5
6662.0,384.0
6663.0,388.9
6665.0,393.6
6666.0,393.25
6668.0,397.2
6669.0,394.85
6671.0,388.3
6672.0,393.6
6674.0,386.85
6675.0,384.95
6677.0,385.1
6678.0,386.5
6680.0,386.1
6681.0,395.1
6683.0,395.75
6684.0,393.9
6686.0,401.5
6687.0,404.25
6689.0,395.8
6690.0,394.8
6692.0,398.25
6693.0,394.5
6695.0,405.35
6696.0,406.5
6698.0,400.9
6699.0,403.8
6701.0,406.3
6702.0,406.35
6704.0,398.5
6705.0,397.75
6707.0,390.75
6708.0,389.85
6710.0,387.3
6711.0,391.4
6713.0,390.95
6714.0,391.5
6716.0,399.0
6717.0,399.0
6719.0,393.85
6720.0,394.15
6722.0,401.65
6723.0,401.3
6725.0,406.5
6726.0,410.55
6728.0,406.2
6729.0,406.0
6731.0,405.1
6732.0,405.1
6734.0,407.65
6735.0,406.1
6737.0,401.6
6738.0,398.1
6740.0,398.7
6741.0,401.35
6743.0,405.25
6744.0,404.45
6746.0,405.7
6747.0,404.3
6749.0,405.35
6750.0,411.5
6752.0,409.2
6753.0,411.7
6755.0,415.65
6756.0,418.1
6758.0,415.4
6759.0,418.45
6761.0,421.75
6762.0,421.7
6764.0,411.25
6765.0,415.35
6767.0,419.1
6768.0,419.35
6770.0,422.5
6771.0,422.8
6773.0,427.5
6774.0,428.25
6776.0,425.55
6777.0,428.85
6779.0,423.5
6780.0,430.5
6782.0,431.9
6783.0,433.65
6785.0,433.8
6786.0,436.05
6788.0,439.4
6789.0,443.45
6791.0,445.6
6792.0,447.8
6794.0,448.6
6795.0,451.15
6797.0,451.25
6798.0,453.4
6800.0,454.2
6801.0,448.65
6803.0,451.8
6804.0,436.9
6806.0,434.0
6807.0,435.1
6809.0,439.0
6810.0,439.5
6812.0,442.45
6813.0,440.95
6815.0,441.1
6816.0,441.1
6818.0,441.1
6819.0,440.25
6821.0,435.6
6822.0,435.6
6824.0,426.0
6825.0,424.35
6827.0,420.0
6828.0,421.35
6830.0,423.6
6831.0,422.5
6833.0,421.75
6834.0,424.95
6836.0,423.3
6837.0,427.35
6839.0,425.8
6840.0,424.5
6842.0,422.15
6843.0,420.9
6845.0,416.5
6846.0,415.9
6848.0,411.1
6849.0,411.15
6851.0,418.85
6852.0,424.2
6854.0,423.1
6855.0,426.25
6857.0,427.15
6858.0,432.85
6860.0,433.75
6861.0,434.25
6863.0,433.45
6864.0,431.75
6866.0,433.45
6867.0,433.0
6869.0,439.5
6870.0,440.9
6872.0,441.95
6873.0,440.65
6875.0,438.6
6876.0,437.15
6878.0,432.15
6879.0,426.15
6881.0,425.15
6882.0,425.15
6884.0,426.45
6885.0,427.5
6887.0,423.9
6888.0,424.6
6890.0,428.0
6891.0,425.2
6893.0,427.3
6894.0,427.5
6896.0,424.6
6897.0,425.75
6899.0,433.2
6900.0,434.0
6902.0,432.9
6903.0,437.0
6905.0,432.5
6906.0,435.7
6908.0,427.9
6909.0,428.8
6911.0,425.15
6912.0,425.5
6914.0,426.1
6915.0,424.25
6917.0,419.25
6918.0,420.0
6920.0,420.8
6921.0,418.0
6923.0,418.3
6924.0,418.4
6926.0,418.25
6927.0,418.25
6929.0,415.35
6930.0,420.4
6932.0,425.85
6933.0,424.1
6935.0,422.5
6936.0,422.55
6938.0,426.85
6939.0,428.7
6941.0,437.5
6942.0,439.35
6944.0,437.0
6945.0,439.15
6947.0,439.3
6948.0,437.0
6950.0,437.1
6951.0,432.6
6953.0,423.75
6954.0,423.5
6956.0,424.4
6957.0,424.2
6959.0,424.5
6960.0,424.3
6962.0,420.9
6963.0,419.25
6965.0,424.25
6966.0,425.0
6968.0,423.25
6969.0,424.0
6971.0,429.0
6972.0,431.65
6974.0,434.6
6975.0,438.6
6977.0,436.2
6978.0,433.3
6980.0,440.75
6981.0,447.25
6983.0,443.0
6984.0,442.0
6986.0,439.65
6987.0,439.65
6989.0,440.0
6990.0,438.85
6992.0,436.75
6993.0,430.65
6995.0,439.6
6996.0,443.6
6998.0,444.15
6999.0,445.05
7001.0,448.25
7002.0,448.35
7004.0,449.3
7005.0,454.8
7007.0,464.5
7008.0,464.8
7010.0,466.25
7011.0,462.65
7013.0,464.1
7014.0,464.0
7016.0,473.25
7017.0,466.1
7019.0,463.5
7020.0,471.8
7022.0,473.2
7023.0,475.5
7025.0,469.5
7026.0,466.0
7028.0,472.0
7029.0,465.9
7031.0,462.85
7032.0,466.1
7034.0,473.2
7035.0,474.4
7037.0,470.75
7038.0,459.5
7040.0,461.85
7041.0,460.5
7043.0,461.6
7044.0,462.55
7046.0,466.75
7047.0,467.5
7049.0,475.75
7050.0,486.15
7052.0,488.95
7053.0,492.6
7055.0,493.4
7056.0,495.9
7058.0,496.0
7059.0,495.65
7061.0,502.5
7062.0,505.65
7064.0,515.4
7065.0,515.7
7067.0,536.5
7068.0,522.5
7070.0,506.25
7071.0,507.0
7073.0,502.5
7074.0,489.0
7076.0,500.0
7077.0,500.0
7079.0,518.0
7080.0,513.0
7082.0,513.0
7083.0,530.0
7085.0,524.75
7086.0,535.25
7088.0,543.5
7089.0,544.4
7091.0,548.25
7092.0,561.75
7094.0,545.0
7095.0,554.75
7097.0,554.5
7098.0,557.25
7100.0,556.5
7101.0,561.75
7103.0,568.75
7104.0,568.25
7106.0,569.0
7107.0,569.75
7109.0,548.75
7110.0,560.25
7112.0,549.3
7113.0,539.7
7115.0,538.75
7116.0,551.7
7118.0,554.0
7119.0,553.0
7121.0,554.15
7122.0,553.25
7124.0,564.25
7125.0,563.75
7127.0,565.25
7128.0,553.0
7130.0,550.1
7131.0,535.0
7133.0,545.8
7134.0,556.5
7136.0,552.75
7137.0,555.75
7139.0,550.75
7140.0,546.5
7142.0,565.0
7143.0,567.5
7145.0,584.0
7146.0,582.0
7148.0,588.0
7149.0,586.5
7151.0,589.75
7152.0,597.25
7154.0,597.25
7155.0,593.0
7157.0,593.0
7158.0,614.75
7160.0,625.0
7161.0,623.5
7163.0,634.75
7164.0,635.5
7166.0,644.0
7167.0,644.0
7169.0,673.6
7170.0,673.5
7172.0,675.5
7173.0,691.25
7175.0,715.5
7176.0,725.0
7178.0,692.0
7179.0,699.5
7181.0,651.5
7182.0,652.5
7184.0,648.5
7185.0,642.5
7187.0,642.25
7188.0,660.5
7190.0,625.0
7191.0,632.25
7193.0,627.0
7194.0,617.75
7196.0,616.0
7197.0,609.2
7199.0,567.75
7200.0,569.5
7202.0,571.0
7203.0,567.0
7205.0,584.5
7206.0,579.6
7208.0,588.75
7209.0,582.75
7211.0,613.5
7212.0,622.95
7214.0,623.0
7215.0,626.0
7217.0,626.0
7218.0,630.75
7220.0,649.5
7221.0,663.25
7223.0,645.0
7224.0,641.6
7226.0,634.0
7227.0,605.7
7229.0,614.3
7230.0,639.0
7232.0,632.5
7233.0,637.25
7235.0,644.4
7236.0,652.25
7238.0,646.0
7239.0,649.0
7241.0,644.5
7242.0,624.6
7244.0,629.75
7245.0,625.5
7247.0,625.0
7248.0,622.75
7250.0,623.75
7251.0,621.25
7253.0,613.4
7254.0,617.75
7256.0,621.05
7257.0,626.75
7259.0,635.4
7260.0,621.5
7262.0,588.0
7263.0,590.7
7265.0,584.4
7266.0,573.6
7268.0,583.5
7269.0,580.25
7271.0,589.0
7272.0,584.75
7274.0,593.75
7275.0,603.0
7277.0,600.6
7278.0,582.25
7280.0,573.3
7281.0,560.75
7283.0,571.4
7284.0,574.1
7286.0,586.1
7287.0,595.1
7289.0,594.0
7290.0,597.25
7292.0,582.75
7293.0,575.6
7295.0,596.25
7296.0,596.25
7298.0,603.75
7299.0,614.1
7301.0,622.75
7302.0,626.1
7304.0,623.2
7305.0,625.25
7307.0,623.5
7308.0,627.0
7310.0,624.75
7311.0,620.5
7313.0,624.5
7314.0,631.8
7316.0,639.5
7317.0,638.75
7319.0,637.5
7320.0,646.7
7322.0,646.0
7323.0,645.9
7325.0,627.75
7326.0,637.4
7328.0,628.0
7329.0,624.0
7331.0,623.75
7332.0,614.0
7334.0,619.25
7335.0,620.5
7337.0,620.5
7338.0,620.5
7340.0,632.0
7341.0,632.0
7343.0,639.75
7344.0,642.6
7346.0,609.5
7347.0,609.5
7349.0,608.4
7350.0,612.0
7352.0,627.0
7353.0,627.05
7355.0,635.0
7356.0,629.0
7358.0,642.5
7359.0,642.1
7361.0,645.5
7362.0,644.75
7364.0,650.5
7365.0,660.2
7367.0,649.4
7368.0,653.25
7370.0,656.0
7371.0,664.5
7373.0,667.8
7374.0,668.25
7376.0,665.1
7377.0,670.75
7379.0,661.25
7380.0,676.6
7382.0,685.75
7383.0,676.2
7385.0,670.4
7386.0,651.9
7388.0,643.75
7389.0,646.4
7391.0,652.25
7392.0,647.75
7394.0,643.25
7395.0,648.5
7397.0,655.0
7398.0,659.0
7400.0,663.0
7401.0,656.25
7403.0,664.0
7404.0,666.75
7406.0,661.75
7407.0,658.25
7409.0,672.25
7410.0,673.5
7412.0,673.5
7413.0,677.4
7415.0,677.25
7416.0,681.75
7418.0,688.0
7419.0,688.75
7421.0,691.4
7422.0,688.7
7424.0,684.0
7425.0,673.0
7427.0,677.0
7428.0,673.6
7430.0,674.2
7431.0,688.8
7433.0,684.25
7434.0,683.0
7436.0,669.0
7437.0,670.2
7439.0,667.75
7440.0,656.75
7442.0,658.0
7443.0,662.0
7445.0,659.0
7446.0,655.3
7448.0,660.15
7449.0,652.65
7451.0,666.5
7452.0,671.1
7454.0,669.7
7455.0,668.75
7457.0,650.3
7458.0,647.25
7460.0,653.25
7461.0,653.1
7463.0,656.3
7464.0,657.7
7466.0,652.85
7467.0,650.75
7469.0,642.1
7470.0,647.25
7472.0,654.75
7473.0,654.25
7475.0,651.0
7476.0,648.75
7478.0,661.7
7479.0,663.0
7481.0,666.5
7482.0,666.0
7484.0,666.75
7485.0,674.5
7487.0,682.0
7488.0,684.3
7490.0,670.0
7491.0,660.5
7493.0,665.5
7494.0,665.75
7496.0,670.5
7497.0,671.5
7499.0,675.5
7500.0,662.6
7502.0,668.75
7503.0,668.35
7505.0,662.25
7506.0,657.5
7508.0,657.5
7509.0,659.5
7511.0,660.85
7512.0,660.85
7514.0,664.25
7515.0,666.0
7517.0,672.0
7518.0,678.75
7520.0,688.15
7521.0,701.0
7523.0,704.15
7524.0,706.0
7526.0,716.35
7527.0,719.0
7529.0,725.15
7530.0,734.5
7532.0,730.0
7533.0,728.5
7535.0,731.75
7536.0,743.0
7538.0,731.0
7539.0,730.25
7541.0,737.0
7542.0,733.75
7544.0,741.25
7545.0,749.0
7547.0,758.85
7548.0,756.75
7550.0,764.15
7551.0,763.0
7553.0,758.25
7554.0,757.5
7556.0,779.15
7557.0,788.5
7559.0,789.5
7560.0,790.25
7562.0,804.75
7563.0,822.5
7565.0,841.1
7566.0,831.5
7568.0,804.25
7569.0,813.5
7571.0,789.75
7572.0,778.85
7574.0,798.0
7575.0,803.25
7577.0,830.0
7578.0,810.75
7580.0,794.5
7581.0,783.5
7583.0,797.5
7584.0,793.0
7586.0,792.5
7587.0,809.5
7589.0,814.0
7590.0,800.7
7592.0,790.75
7593.0,804.25
7595.0,795.25
7596.0,810.5
7598.0,810.5
7599.0,810.5
7601.0,833.75
7602.0,833.75
7604.0,846.75
7605.0,858.85
7607.0,859.25
7608.0,873.5
7610.0,884.25
7611.0,891.0
7613.0,913.0
7614.0,889.75
7616.0,882.0
7617.0,871.25
7619.0,888.25
7620.0,909.25
7622.0,921.75
7623.0,924.5
7625.0,923.25
7626.0,914.75
7628.0,887.5
7629.0,903.0
7631.0,916.25
7632.0,918.0
7634.0,899.0
7635.0,906.0
7637.0,903.25
7638.0,924.0
7640.0,945.0
7641.0,943.0
7643.0,937.0
7644.0,959.5
7646.0,971.5
7647.0,988.5
7649.0,974.5
7650.0,976.5
7652.0,969.25
7653.0,970.0
7655.0,995.0
7656.0,1003.5
7658.0,1006.75
7659.0,958.5
7661.0,925.75
7662.0,925.75
7664.0,946.75
7665.0,946.75
7667.0,933.5
7668.0,887.75
7670.0,896.5
7671.0,905.5
7673.0,915.0
7674.0,917.0
7676.0,927.75
7677.0,926.5
7679.0,945.0
7680.0,946.0
7682.0,918.5
7683.0,918.0
7685.0,895.5
7686.0,891.5
7688.0,880.0
7689.0,871.0
7691.0,853.5
7692.0,853.5
7694.0,868.25
7695.0,877.0
7697.0,883.5
7698.0,865.0
7700.0,881.25
7701.0,897.0
7703.0,914.5
7704.0,923.0
7706.0,927.5
7707.0,927.5
7709.0,902.5
7710.0,883.0
7712.0,888.25
7713.0,879.25
7715.0,878.75
7716.0,890.5
7718.0,878.0
7719.0,876.25
7721.0,866.0
7722.0,888.25
7724.0,887.5
7725.0,903.0
7727.0,881.0
7728.0,889.5
7730.0,909.5
7731.0,919.5
7733.0,937.5
7734.0,935.25
7736.0,931.25
7737.0,916.75
7739.0,927.25
7740.0,939.5
7742.0,968.0
7743.0,986.0
7745.0,965.5
7746.0,959.75
7748.0,961.5
7749.0,926.5
7751.0,920.5
7752.0,923.5
7754.0,897.5
7755.0,918.0
7757.0,905.75
7758.0,882.0
7760.0,871.5
7761.0,852.5
7763.0,817.75
7764.0,818.5
7766.0,786.5
7767.0,796.25
7769.0,815.75
7770.0,833.5
7772.0,824.0
7773.0,827.0
7775.0,838.25
7776.0,833.0
7778.0,798.5
7779.0,803.5
7781.0,808.5
7782.0,808.0
7784.0,775.75
7785.0,740.75
7787.0,775.0
7788.0,779.5
7790.0,863.0
7791.0,869.0
7793.0,899.0
7794.0,896.0
7796.0,902.0
7797.0,905.0
7799.0,880.0
7800.0,852.0
7802.0,875.5
7803.0,876.75
7805.0,883.5
7806.0,900.5
7808.0,832.5
7809.0,847.0
7811.0,784.5
7812.0,795.0
7814.0,744.0
7815.0,720.0
7817.0,730.5
7818.0,730.5
7820.0,755.25
7821.0,730.75
7823.0,741.25
7824.0,753.75
7826.0,735.25
7827.0,753.0
7829.0,724.75
7830.0,713.5
7832.0,734.0
7833.0,738.0
7835.0,738.0
7836.0,774.5
7838.0,820.5
7839.0,812.5
7841.0,814.5
7842.0,778.0
7844.0,766.25
7845.0,773.25
7847.0,767.25
7848.0,767.75
7850.0,827.75
7851.0,826.5
7853.0,838.25
7854.0,870.0
7856.0,835.75
7857.0,849.0
7859.0,843.5
7860.0,843.5
7862.0,880.25
7863.0,869.75
7865.0,869.75
7866.0,874.5
7868.0,848.25
7869.0,848.5
7871.0,847.25
7872.0,827.0
7874.0,821.5
7875.0,810.0
7877.0,833.0
7878.0,853.25
7880.0,860.0
7881.0,875.75
7883.0,897.5
7884.0,895.25
7886.0,919.5
7887.0,918.25
7889.0,905.0
7890.0,920.0
7892.0,895.0
7893.0,909.75
7895.0,943.25
7896.0,935.5
7898.0,968.0
7899.0,964.0
7901.0,989.0
7902.0,985.75
7904.0,978.5
7905.0,936.5
7907.0,937.25
7908.0,913.75
7910.0,913.0
7911.0,936.0
7913.0,901.5
7914.0,899.5
7916.0,928.0
7917.0,919.5
7919.0,893.25
7920.0,956.5
7922.0,949.25
7923.0,923.75
7925.0,938.25
7926.0,924.0
7928.0,916.5
7929.0,924.5
7931.0,905.0
7932.0,870.25
7934.0,880.0
7935.0,880.5
7937.0,880.5
7938.0,887.5
7940.0,880.5
7941.0,870.5
7943.0,888.75
7944.0,886.0
7946.0,907.5
7947.0,907.5
7949.0,898.25
7950.0,883.25
7952.0,884.5
7953.0,910.0
7955.0,912.25
7956.0,907.0
7958.0,917.0
7959.0,924.0
7961.0,929.5
7962.0,921.0
7964.0,939.5
7965.0,937.5
7967.0,959.75
7968.0,945.0
7970.0,957.75
7971.0,975.5
7973.0,980.0
7974.0,976.75
7976.0,962.0
7977.0,943.75
7979.0,953.75
7980.0,947.5
7982.0,932.25
7983.0,934.0
7985.0,940.5
7986.0,935.25
7988.0,920.75
7989.0,933.5
7991.0,942.0
7992.0,935.5
7994.0,938.25
7995.0,929.5
7997.0,924.5
7998.0,924.0
8000.0,911.75
8001.0,913.0
8003.0,924.75
8004.0,938.0
8006.0,937.5
8007.0,952.75
8009.0,948.25
8010.0,950.0
8012.0,955.0
8013.0,944.25
8015.0,932.5
8016.0,939.0
8018.0,960.5
8019.0,960.5
8021.0,956.0
8022.0,945.0
8024.0,947.25
8025.0,953.5
8027.0,932.75
8028.0,935.0
8030.0,940.5
8031.0,952.5
8033.0,950.5
8034.0,940.5
8036.0,955.5
8037.0,955.5
8039.0,964.75
8040.0,983.0
8042.0,993.0
8043.0,1000.75
8045.0,990.75
8046.0,1008.25
8048.0,996.0
8049.0,1015.75
8051.0,1012.0
8052.0,997.0
8054.0,1010.25
8055.0,1009.75
8057.0,991.75
8058.0,989.5
8060.0,1004.75
8061.0,1003.5
8063.0,1038.75
8064.0,1040.25
8066.0,1051.5
8067.0,1058.75
8069.0,1059.5
8070.0,1053.5
8072.0,1050.5
8073.0,1061.75
8075.0,1053.0
8076.0,1061.75
8078.0,1036.5
8079.0,1031.75
8081.0,1040.0
8082.0,1062.0
8084.0,1090.0
8085.0,1089.0
8087.0,1106.75
8088.0,1101.5
8090.0,1114.75
8091.0,1104.0
8093.0,1134.75
8094.0,1149.0
8096.0,1140.0
8097.0,1169.5
8099.0,1179.75
8100.0,1182.75
8102.0,1175.75
8103.0,1192.5
8105.0,1208.75
8106.0,1190.25
8108.0,1146.75
8109.0,1141.0
8111.0,1124.0
8112.0,1123.75
8114.0,1137.5
8115.0,1117.0
8117.0,1105.5
8118.0,1084.0
8120.0,1085.25
8121.0,1085.25
8123.0,1106.0
8124.0,1087.5
8126.0,1087.5
8127.0,1121.5
8129.0,1130.0
8130.0,1130.25
8132.0,1153.0
8133.0,1151.25
8135.0,1138.25
8136.0,1128.0
8138.0,1133.0
8139.0,1120.25
8141.0,1084.0
8142.0,1095.25
8144.0,1094.75
8145.0,1088.0
8147.0,1086.5
8148.0,1111.0
8150.0,1083.25
8151.0,1058.0
8153.0,1071.25
8154.0,1069.5
8156.0,1082.0
8157.0,1098.25
8159.0,1119.0
8160.0,1118.0
8162.0,1115.25
8163.0,1107.0
8165.0,1094.5
8166.0,1108.25
8168.0,1126.5
8169.0,1136.5
8171.0,1135.0
8172.0,1125.75
8174.0,1120.5
8175.0,1104.0
8177.0,1104.25
8178.0,1124.75
8180.0,1122.75
8181.0,1105.5
8183.0,1101.5
8184.0,1090.75
8186.0,1096.5
8187.0,1107.5
8189.0,1115.5
8190.0,1123.5
8192.0,1123.5
8193.0,1132.75
8195.0,1148.0
8196.0,1152.5
8198.0,1148.25
8199.0,1153.75
8201.0,1151.5
8202.0,1136.25
8204.0,1143.0
8205.0,1133.75
8207.0,1154.5
8208.0,1149.5
8210.0,1166.75
8211.0,1179.25
8213.0,1185.0
8214.0,1165.0
8216.0,1202.25
8217.0,1196.5
8219.0,1237.5
8220.0,1237.5
8222.0,1236.0
8223.0,1216.75
8225.0,1192.0
8226.0,1179.75
8228.0,1198.25
8229.0,1212.0
8231.0,1207.5
8232.0,1207.5
8234.0,1215.0
8235.0,1215.0
8237.0,1215.0
8238.0,1246.0
8240.0,1217.5
8241.0,1220.0
8243.0,1225.0
8244.0,1234.5
8246.0,1256.0
8247.0,1254.5
8249.0,1226.5
8250.0,1236.25
8252.0,1261.0
8253.0,1234.5
8255.0,1234.0
8256.0,1201.5
8258.0,1195.0
8259.0,1193.25
8261.0,1208.75
8262.0,1205.5
8264.0,1207.0
8265.0,1208.0
8267.0,1181.0
8268.0,1183.0
8270.0,1199.5
8271.0,1190.5
8273.0,1168.0
8274.0,1157.0
8276.0,1169.0
8277.0,1188.5
8279.0,1199.5
8280.0,1192.5
8282.0,1203.0
8283.0,1192.5
8285.0,1213.0
8286.0,1214.25
8288.0,1226.0
8289.0,1218.0
8291.0,1223.5
8292.0,1226.0
8294.0,1237.5
8295.0,1237.0
8297.0,1235.0
8298.0,1246.0
8300.0,1248.5
8301.0,1240.5
8303.0,1256.75
8304.0,1255.0
8306.0,1246.5
8307.0,1243.75
8309.0,1267.0
8310.0,1272.5
8312.0,1279.25
8313.0,1275.0
8315.0,1290.75
8316.0,1297.0
8318.0,1294.0
8319.0,1307.5
8321.0,1316.25
8322.0,1313.5
8324.0,1346.5
8325.0,1345.0
8327.0,1351.5
8328.0,1348.5
8330.0,1373.25
8331.0,1367.5
8333.0,1339.0
8334.0,1339.0
8336.0,1322.5
8337.0,1337.5
8339.0,1324.5
8340.0,1333.5
8342.0,1354.5
8343.0,1351.0
8345.0,1381.0
8346.0,1395.5
8348.0,1421.0
8349.0,1390.5
8351.0,1388.5
8352.0,1368.5
8354.0,1337.5
8355.0,1350.25
8357.0,1356.5
8358.0,1377.5
8360.0,1373.25
8361.0,1355.0
8363.0,1383.5
8364.0,1385.5
8366.0,1403.5
8367.0,1415.25
8369.0,1385.5
8370.0,1391.25
8372.0,1399.0
8373.0,1394.5
8375.0,1363.0
8376.0,1368.5
8378.0,1383.0
8379.0,1387.0
8381.0,1373.5
8382.0,1373.5
8384.0,1412.5
8385.0,1405.5
8387.0,1405.5
8388.0,1388.5
8390.0,1368.5
8391.0,1367.0
8393.0,1374.0
8394.0,1378.75
8396.0,1367.0
8397.0,1360.5
8399.0,1372.0
8400.0,1345.5
8402.0,1343.0
8403.0,1324.0
8405.0,1334.5
8406.0,1319.0
8408.0,1331.5
8409.0,1337.0
8411.0,1355.0
8412.0,1347.5
8414.0,1365.0
8415.0,1353.25
8417.0,1365.0
8418.0,1372.75
8420.0,1379.0
8421.0,1383.5
8423.0,1401.0
8424.0,1409.25
8426.0,1402.5
8427.0,1411.0
8429.0,1435.5
8430.0,1421.5
8432.0,1437.5
8433.0,1426.25
8435.0,1413.25
8436.0,1411.5
8438.0,1400.5
8439.0,1402.0
8441.0,1420.0
8442.0,1432.0
8444.0,1439.5
8445.0,1447.0
8447.0,1417.0
8448.0,1417.5
8450.0,1439.0
8451.0,1418.0
8453.0,1433.5
8454.0,1461.5
8456.0,1469.5
8457.0,1468.0
8459.0,1457.5
8460.0,1465.75
8462.0,1493.0
8463.0,1490.5
8465.0,1504.0
8466.0,1504.0
8468.0,1497.5
8469.0,1511.0
8471.0,1535.5
8472.0,1535.5
8474.0,1541.0
8475.0,1511.0
8477.0,1502.0
8478.0,1513.5
8480.0,1489.5
8481.0,1505.75
8483.0,1478.5
8484.0,1496.5
8486.0,1490.75
8487.0,1510.5
8489.0,1526.25
8490.0,1518.5
8492.0,1533.0
8493.0,1536.5
8495.0,1539.5
8496.0,1540.0
8498.0,1545.0
8499.0,1537.75
8501.0,1529.25
8502.0,1526.25
8504.0,1529.75
8505.0,1523.25
8507.0,1544.0
8508.0,1544.75
8510.0,1523.0
8511.0,1514.75
8513.0,1499.0
8514.0,1504.25
8516.0,1483.0
8517.0,1495.0
8519.0,1527.25
8520.0,1527.5
8522.0,1555.5
8523.0,1550.5
8525.0,1590.5
8526.0,1587.0
8528.0,1601.0
8529.0,1586.0
8531.0,1602.0
8532.0,1613.5
8534.0,1625.0
8535.0,1613.5
8537.0,1623.0
8538.0,1637.75
8540.0,1679.5
8541.0,1658.75
8543.0,1736.0
8544.0,1772.0
8546.0,1736.0
8547.0,1739.0
8549.0,1790.0
8550.0,1824.0
8552.0,1877.5
8553.0,1876.0
8555.0,1729.0
8556.0,1788.0
8558.0,1825.0
8559.0,1813.5
8561.0,1875.25
8562.0,1895.0
8564.0,1810.0
8565.0,1855.0
8567.0,1834.0
8568.0,1820.0
8570.0,1782.0
8571.0,1794.0
8573.0,1799.0
8574.0,1793.0
8576.0,1689.0
8577.0,1598.0
8579.0,1643.0
8580.0,1613.0
8582.0,1655.5
8583.0,1638.0
8585.0,1635.0
8586.0,1652.0
8588.0,1663.0
8589.0,1682.0
8591.0,1678.0
8592.0,1682.0
8594.0,1652.5
8595.0,1620.0
8597.0,1652.0
8598.0,1656.0
8600.0,1718.0
8601.0,1741.0
8603.0,1699.0
8604.0,1743.0
8606.0,1749.0
8607.0,1782.0
8609.0,1784.0
8610.0,1756.0
8612.0,1776.0
8613.0,1785.0
8615.0,1742.5
8616.0,1719.0
8618.0,1699.0
8619.0,1681.0
8621.0,1688.5
8622.0,1714.0
8624.0,1746.0
8625.0,1752.0
8627.0,1744.0
8628.0,1708.0
8630.0,1715.0
8631.0,1709.0
8633.0,1672.5
8634.0,1603.0
8636.0,1594.0
8637.0,1598.0
8639.0,1608.0
8640.0,1606.5
8642.0,1606.5
8643.0,1606.5
8645.0,1531.0
8646.0,1531.0
8648.0,1598.0
8649.0,1613.0
8651.0,1616.5
8652.0,1615.0
8654.0,1634.5
8655.0,1661.0
8657.0,1641.0
8658.0,1656.0
8660.0,1655.0
8661.0,1653.0
8663.0,1665.5
8664.0,1650.0
8666.0,1726.0
8667.0,1729.0
8669.0,1740.0
8670.0,1751.0
8672.0,1719.0
8673.0,1724.0
8675.0,1748.0
8676.0,1711.5
8678.0,1722.0
8679.0,1733.0
8681.0,1723.0
8682.0,1733.0
8684.0,1752.0
8685.0,1777.0
8687.0,1772.0
8688.0,1781.0
8690.0,1714.0
8691.0,1707.0
8693.0,1669.0
8694.0,1677.5
8696.0,1687.5
8697.0,1697.5
8699.0,1644.25
8700.0,1648.0
8702.0,1661.5
8703.0,1656.75
8705.0,1635.5
8706.0,1664.0
8708.0,1692.0
8709.0,1676.0
8711.0,1662.5
8712.0,1677.5
8714.0,1621.0
8715.0,1631.0
8717.0,1631.0
8718.0,1644.0
8720.0,1668.5
8721.0,1666.5
8723.0,1635.5
8724.0,1644.0
8726.0,1641.5
8727.0,1629.0
8729.0,1637.75
8730.0,1653.5
8732.0,1651.25
8733.0,1664.0
8735.0,1637.75
8736.0,1643.75
8738.0,1602.5
8739.0,1582.5
8741.0,1583.0
8742.0,1558.5
8744.0,1548.5
8745.0,1554.0
8747.0,1592.5
8748.0,1582.5
8750.0,1568.5
8751.0,1569.5
8753.0,1579.5
8754.0,1540.0
8756.0,1606.0
8757.0,1606.0
8759.0,1635.0
8760.0,1606.0
8762.0,1584.0
8763.0,1603.5
8765.0,1613.5
8766.0,1627.25
8768.0,1625.5
8769.0,1601.0
8771.0,1565.5
8772.0,1570.0
8774.0,1573.5
8775.0,1558.5
8777.0,1592.0
8778.0,1617.5
8780.0,1604.0
8781.0,1587.0
8783.0,1595.25
8784.0,1577.0
8786.0,1595.5
8787.0,1589.75
8789.0,1575.25
8790.0,1584.0
8792.0,1572.25
8793.0,1583.25
8795.0,1618.0
8796.0,1618.25
8798.0,1622.0
8799.0,1599.0
8801.0,1602.0
8802.0,1610.0
8804.0,1613.25
8805.0,1615.0
8807.0,1622.5
8808.0,1597.75
8810.0,1604.5
8811.0,1614.75
8813.0,1639.5
8814.0,1642.0
8816.0,1667.0
8817.0,1667.0
8819.0,1660.0
8820.0,1660.5
8822.0,1691.5
8823.0,1697.0
8825.0,1701.0
8826.0,1728.0
8828.0,1736.75
8829.0,1737.0
8831.0,1775.5
8832.0,1770.0
8834.0,1766.75
8835.0,1758.5
8837.0,1762.5
8838.0,1771.5
8840.0,1763.0
8841.0,1776.0
8843.0,1775.5
8844.0,1775.25
8846.0,1784.0
8847.0,1773.5
8849.0,1761.25
8850.0,1769.0
8852.0,1736.0
8853.0,1746.5
8855.0,1743.0
8856.0,1737.0
8858.0,1711.0
8859.0,1706.5
8861.0,1716.0
8862.0,1707.0
8864.0,1719.0
8865.0,1716.25
8867.0,1683.5
8868.0,1691.0
8870.0,1717.0
8871.0,1738.25
8873.0,1726.25
8874.0,1725.75
8876.0,1713.5
8877.0,1730.5
8879.0,1724.0
8880.0,1731.0
8882.0,1750.5
8883.0,1746.25
8885.0,1725.0
8886.0,1726.0
8888.0,1697.75
8889.0,1694.0
8891.0,1701.5
8892.0,1712.5
8894.0,1716.25
8895.0,1692.75
8897.0,1695.75
8898.0,1694.0
8900.0,1650.5
8901.0,1651.5
8903.0,1651.5
8904.0,1651.5
8906.0,1657.5
8907.0,1657.5
8909.0,1693.75
8910.0,1679.5
8912.0,1645.25
8913.0,1656.0
8915.0,1675.0
8916.0,1657.5
8918.0,1680.5
8919.0,1676.25
8921.0,1688.5
8922.0,1687.5
8924.0,1690.25
8925.0,1671.0
8927.0,1656.5
8928.0,1663.5
8930.0,1664.75
8931.0,1669.0
8933.0,1673.5
8934.0,1674.25
8936.0,1668.25
8937.0,1652.0
8939.0,1645.0
8940.0,1646.0
8942.0,1610.75
8943.0,1607.75
8945.0,1577.0
8946.0,1576.5
8948.0,1590.5
8949.0,1604.25
8951.0,1582.25
8952.0,1574.25
8954.0,1574.0
8955.0,1579.5
8957.0,1579.0
8958.0,1594.0
8960.0,1586.0
8961.0,1595.5
8963.0,1610.75
8964.0,1607.5
8966.0,1607.75
8967.0,1599.25
8969.0,1603.0
8970.0,1598.25
8972.0,1598.25
8973.0,1583.5
8975.0,1546.5
8976.0,1568.0
8978.0,1577.25
8979.0,1575.0
8981.0,1535.5
8982.0,1395.0
8984.0,1392.0
8985.0,1393.75
8987.0,1424.5
8988.0,1408.0
8990.0,1451.0
8991.0,1471.5
8993.0,1469.0
8994.0,1454.75
8996.0,1469.25
8997.0,1469.25
8999.0,1468.0
9000.0,1465.5
9002.0,1430.75
9003.0,1433.75
9005.0,1381.0
9006.0,1368.75
9008.0,1360.75
9009.0,1408.5
9011.0,1390.25
9012.0,1390.25
9014.0,1382.5
9015.0,1413.5
9017.0,1402.5
9018.0,1399.5
9020.0,1400.0
9021.0,1386.0
9023.0,1374.25
9024.0,1382.75
9026.0,1391.25
9027.0,1384.75
9029.0,1372.75
9030.0,1292.5
9032.0,1286.75
9033.0,1279.0
9035.0,1232.75
9036.0,1192.0
9038.0,1252.5
9039.0,1250.0
9041.0,1212.75
9042.0,1235.25
9044.0,1256.0
9045.0,1285.0
9047.0,1284.75
9048.0,1291.5
9050.0,1283.25
9051.0,1295.75
9053.0,1333.5
9054.0,1335.0
9056.0,1331.0
9057.0,1329.75
9059.0,1314.5
9060.0,1315.0
9062.0,1304.75
9063.0,1280.5
9065.0,1298.25
9066.0,1309.0
9068.0,1328.5
9069.0,1326.5
9071.0,1369.25
9072.0,1365.0
9074.0,1363.0
9075.0,1375.5
9077.0,1377.5
9078.0,1419.25
9080.0,1407.75
9081.0,1394.75
9083.0,1399.5
9084.0,1390.0
9086.0,1387.0
9087.0,1390.0
9089.0,1363.75
9090.0,1328.0
9092.0,1324.0
9093.0,1312.25
9095.0,1365.5
9096.0,1349.25
9098.0,1314.25
9099.0,1322.75
9101.0,1341.0
9102.0,1326.5
9104.0,1306.25
9105.0,1316.0
9107.0,1323.5
9108.0,1329.5
9110.0,1298.5
9111.0,1265.5
9113.0,1270.5
9114.0,1273.5
9116.0,1316.5
9117.0,1317.5
9119.0,1331.25
9120.0,1344.75
9122.0,1361.0
9123.0,1349.25
9125.0,1324.0
9126.0,1306.75
9128.0,1307.25
9129.0,1319.0
9131.0,1285.5
9132.0,1282.5
9134.0,1272.5
9135.0,1286.0
9137.0,1283.5
9138.0,1275.75
9140.0,1240.0
9141.0,1246.25
9143.0,1247.5
9144.0,1245.0
9146.0,1253.0
9147.0,1229.5
9149.0,1227.5
9150.0,1222.5
9152.0,1237.0
9153.0,1266.25
9155.0,1225.25
9156.0,1232.0
9158.0,1231.75
9159.0,1230.5
9161.0,1195.25
9162.0,1199.0
9164.0,1199.0
9165.0,1199.0
9167.0,1204.5
9168.0,1204.5
9170.0,1225.0
9171.0,1234.5
9173.0,1227.5
9174.0,1221.0
9176.0,1244.25
9177.0,1248.0
9179.0,1236.0
9180.0,1241.5
9182.0,1255.75
9183.0,1238.0
9185.0,1263.0
9186.0,1267.0
9188.0,1251.25
9189.0,1264.0
9191.0,1251.0
9192.0,1262.0
9194.0,1254.5
9195.0,1256.5
9197.0,1277.0
9198.0,1282.0
9200.0,1296.0
9201.0,1320.0
9203.0,1320.75
9204.0,1320.5
9206.0,1323.25
9207.0,1334.75
9209.0,1331.75
9210.0,1332.25
9212.0,1349.5
9213.0,1334.75
9215.0,1345.25
9216.0,1335.25
9218.0,1346.25
9219.0,1366.0
9221.0,1385.0
9222.0,1378.5
9224.0,1338.0
9225.0,1327.0
9227.0,1310.75
9228.0,1313.5
9230.0,1296.0
9231.0,1294.75
9233.0,1283.75
9234.0,1292.0
9236.0,1297.25
9237.0,1299.0
9239.0,1301.75
9240.0,1320.5
9242.0,1325.75
9243.0,1298.0
9245.0,1299.0
9246.0,1299.0
9248.0,1286.75
9249.0,1285.25
9251.0,1301.25
9252.0,1299.0
9254.0,1288.5
9255.0,1278.5
9257.0,1281.25
9258.0,1306.25
9260.0,1287.0
9261.0,1291.25
9263.0,1296.5
9264.0,1305.25
9266.0,1291.5
9267.0,1302.0
9269.0,1287.25
9270.0,1298.5
9272.0,1291.5
9273.0,1275.5
9275.0,1255.0
9276.0,1250.5
9278.0,1242.75
9279.0,1245.25
9281.0,1247.5
9282.0,1253.5
9284.0,1262.0
9285.0,1265.75
9287.0,1276.25
9288.0,1267.5
9290.0,1293.0
9291.0,1312.5
9293.0,1318.5
9294.0,1316.75
9296.0,1317.5
9297.0,1315.0
9299.0,1326.5
9300.0,1317.5
9302.0,1313.0
9303.0,1323.0
9305.0,1340.25
9306.0,1335.0
9308.0,1310.0
9309.0,1301.0
9311.0,1307.25
9312.0,1311.5
9314.0,1308.0
9315.0,1292.75
9317.0,1304.5
9318.0,1299.25
9320.0,1285.25
9321.0,1291.25
9323.0,1284.75
9324.0,1306.5
9326.0,1309.75
9327.0,1307.25
9329.0,1312.0
9330.0,1313.5
9332.0,1296.75
9333.0,1296.5
9335.0,1275.25
9336.0,1277.25
9338.0,1286.0
9339.0,1282.75
9341.0,1285.75
9342.0,1286.5
9344.0,1265.5
9345.0,1271.5
9347.0,1259.0
9348.0,1255.75
9350.0,1241.25
9351.0,1231.5
9353.0,1232.25
9354.0,1236.0
9356.0,1219.75
9357.0,1213.5
9359.0,1217.25
9360.0,1213.75
9362.0,1219.5
9363.0,1216.5
9365.0,1211.75
9366.0,1195.0
9368.0,1210.5
9369.0,1217.0
9371.0,1219.0
9372.0,1229.0
9374.0,1237.5
9375.0,1237.75
9377.0,1244.5
9378.0,1250.25
9380.0,1232.75
9381.0,1232.75
9383.0,1229.25
9384.0,1223.5
9386.0,1164.25
9387.0,1167.75
9389.0,1142.0
9390.0,1145.0
9392.0,1162.0
9393.0,1156.5
9395.0,1161.75
9396.0,1169.0
9398.0,1192.75
9399.0,1196.0
9401.0,1203.75
9402.0,1197.5
9404.0,1197.5
9405.0,1194.75
9407.0,1194.0
9408.0,1195.0
9410.0,1209.0
9411.0,1194.0
9413.0,1227.0
9414.0,1229.0
9416.0,1217.0
9417.0,1209.25
9419.0,1195.75
9420.0,1199.0
9422.0,1195.25
9423.0,1175.75
9425.0,1175.75
9426.0,1175.75
9428.0,1206.0
9429.0,1206.0
9431.0,1172.0
9432.0,1200.0
9434.0,1210.5
9435.0,1215.5
9437.0,1226.5
9438.0,1231.5
9440.0,1259.0
9441.0,1277.5
9443.0,1288.75
9444.0,1293.5
9446.0,1294.75
9447.0,1281.25
9449.0,1288.0
9450.0,1268.75
9452.0,1272.5
9453.0,1264.25
9455.0,1259.25
9456.0,1241.0
9458.0,1234.5
9459.0,1223.75
9461.0,1232.5
9462.0,1229.25
9464.0,1206.0
9465.0,1209.5
9467.0,1204.5
9468.0,1192.5
9470.0,1208.25
9471.0,1214.0
9473.0,1212.75
9474.0,1199.5
9476.0,1175.75
9477.0,1168.5
9479.0,1150.0
9480.0,1152.25
9482.0,1150.75
9483.0,1150.75
9485.0,1166.0
9486.0,1183.1
9488.0,1191.5
9489.0,1195.6
9491.0,1195.75
9492.0,1185.5
9494.0,1197.0
9495.0,1198.5
9497.0,1198.5
9498.0,1211.0
9500.0,1194.8
9501.0,1207.35
9503.0,1194.75
9504.0,1192.9
9506.0,1203.35
9507.0,1196.5
9509.0,1189.25
9510.0,1185.75
9512.0,1200.0
9513.0,1209.0
9515.0,1180.25
9516.0,1175.95
9518.0,1197.0
9519.0,1194.25
9521.0,1186.0
9522.0,1189.25
9524.0,1210.5
9525.0,1225.0
9527.0,1223.5
9528.0,1214.3
9530.0,1205.0
9531.0,1204.1
9533.0,1185.4
9534.0,1185.85
9536.0,1191.4
9537.0,1199.9
9539.0,1190.0
9540.0,1176.0
9542.0,1172.8
9543.0,1177.4
9545.0,1178.5
9546.0,1182.8
9548.0,1177.75
9549.0,1178.0
9551.0,1203.4
9552.0,1185.5
9554.0,1173.75
9555.0,1172.65
9557.0,1176.0
9558.0,1171.0
9560.0,1165.25
9561.0,1167.95
9563.0,1156.25
9564.0,1158.5
9566.0,1159.3
9567.0,1154.0
9569.0,1147.4
9570.0,1144.4
9572.0,1104.6
9573.0,1105.6
9575.0,1097.4
9576.0,1080.8
9578.0,1096.2
9579.0,1090.25
9581.0,1098.4
9582.0,1091.9
9584.0,1085.1
9585.0,1089.75
9587.0,1097.0
9588.0,1108.25
9590.0,1116.75
9591.0,1118.25
9593.0,1111.45
9594.0,1126.15
9596.0,1156.5
9597.0,1166.5
9599.0,1120.75
9600.0,1119.0
9602.0,1135.0
9603.0,1142.3
9605.0,1128.0
9606.0,1118.25
9608.0,1121.15
9609.0,1109.85
9611.0,1100.25
9612.0,1104.8
9614.0,1117.6
9615.0,1117.5
9617.0,1133.25
9618.0,1122.9
9620.0,1154.5
9621.0,1146.65
9623.0,1132.1
9624.0,1114.0
9626.0,1140.75
9627.0,1139.75
9629.0,1144.6
9630.0,1140.0
9632.0,1164.9
9633.0,1165.2
9635.0,1184.25
9636.0,1180.85
9638.0,1177.75
9639.0,1167.1
9641.0,1161.25
9642.0,1166.4
9644.0,1179.6
9645.0,1148.6
9647.0,1134.0
9648.0,1123.1
9650.0,1106.3
9651.0,1088.9
9653.0,1087.1
9654.0,1085.9
9656.0,1081.5
9657.0,1084.75
9659.0,1067.75
9660.0,1082.6
9662.0,1070.5
9663.0,1076.4
9665.0,1071.0
9666.0,1057.4
9668.0,1065.4
9669.0,1055.4
9671.0,1079.25
9672.0,1075.8
9674.0,1081.0
9675.0,1071.0
9677.0,1068.25
9678.0,1061.5
9680.0,1049.4
9681.0,1062.5
9683.0,1074.9
9684.0,1068.25
9686.0,1068.25
9687.0,1068.25
9689.0,1060.0
9690.0,1060.0
9692.0,1082.25
9693.0,1077.0
9695.0,1106.35
9696.0,1101.85
9698.0,1085.4
9699.0,1088.15
9701.0,1093.75
9702.0,1089.2
9704.0,1101.75
9705.0,1096.5
9707.0,1106.6
9708.0,1113.6
9710.0,1114.0
9711.0,1111.8
9713.0,1128.5
9714.0,1132.0
9716.0,1150.35
9717.0,1193.25
9719.0,1190.0
9720.0,1241.0
9722.0,1208.2
9723.0,1209.5
9725.0,1210.1
9726.0,1231.15
9728.0,1221.35
9729.0,1250.75
9731.0,1226.5
9732.0,1234.9
9734.0,1239.2
9735.0,1250.25
9737.0,1267.9
9738.0,1267.0
9740.0,1266.5
9741.0,1264.75
9743.0,1232.0
9744.0,1228.5
9746.0,1252.1
9747.0,1244.9
9749.0,1217.6
9750.0,1221.0
9752.0,1221.0
9753.0,1226.0
9755.0,1237.0
9756.0,1213.6
9758.0,1231.25
9759.0,1221.4
9761.0,1239.5
9762.0,1254.75
9764.0,1245.75
9765.0,1233.85
9767.0,1234.3
9768.0,1255.4
9770.0,1249.25
9771.0,1243.25
9773.0,1241.7
9774.0,1247.4
9776.0,1285.65
9777.0,1285.65
9779.0,1283.0
9780.0,1280.25
9782.0,1265.25
9783.0,1262.8
9785.0,1279.25
9786.0,1265.9
9788.0,1277.0
9789.0,1272.9
9791.0,1254.2
9792.0,1245.9
9794.0,1220.6
9795.0,1223.85
9797.0,1216.25
9798.0,1212.1
9800.0,1212.4
9801.0,1240.5
9803.0,1241.0
9804.0,1263.0
9806.0,1275.5
9807.0,1280.8
9809.0,1283.3
9810.0,1310.75
9812.0,1281.8
9813.0,1272.6
9815.0,1262.15
9816.0,1315.5
9818.0,1309.7
9819.0,1321.5
9821.0,1340.0
9822.0,1350.75
9824.0,1366.25
9825.0,1356.7
9827.0,1357.1
9828.0,1342.4
9830.0,1323.6
9831.0,1327.0
9833.0,1330.9
9834.0,1315.9
9836.0,1320.75
9837.0,1313.15
9839.0,1329.0
9840.0,1341.75
9842.0,1349.65
9843.0,1363.75
9845.0,1362.75
9846.0,1340.4
9848.0,1341.0
9849.0,1347.7
9851.0,1352.2
9852.0,1339.4
9854.0,1343.35
9855.0,1350.05
9857.0,1335.9
9858.0,1342.0
9860.0,1321.3
9861.0,1318.75
9863.0,1318.15
9864.0,1309.25
9866.0,1324.7
9867.0,1326.35
9869.0,1348.35
9870.0,1343.4
9872.0,1324.6
9873.0,1323.65
9875.0,1310.8
9876.0,1308.35
9878.0,1313.8
9879.0,1326.1
9881.0,1338.65
9882.0,1340.5
9884.0,1322.5
9885.0,1318.1
9887.0,1313.3
9888.0,1283.3
9890.0,1254.5
9891.0,1258.75
9893.0,1253.45
9894.0,1256.5
9896.0,1251.75
9897.0,1254.8
9899.0,1269.05
9900.0,1271.65
9902.0,1265.55
9903.0,1269.4
9905.0,1266.25
9906.0,1273.0
9908.0,1288.45
9909.0,1303.75
9911.0,1302.8
9912.0,1283.05
9914.0,1281.4
9915.0,1267.5
9917.0,1213.6
9918.0,1226.95
9920.0,1226.75
9921.0,1211.0
9923.0,1212.25
9924.0,1185.35
9926.0,1187.7
9927.0,1187.0
9929.0,1178.1
9930.0,1161.85
9932.0,1162.2
9933.0,1172.5
9935.0,1171.05
9936.0,1163.6
9938.0,1158.55
9939.0,1162.25
9941.0,1131.6
9942.0,1136.25
9944.0,1133.65
9945.0,1131.35
9947.0,1131.35
9948.0,1131.35
9950.0,1145.9
9951.0,1145.9
9953.0,1151.0
9954.0,1164.25
9956.0,1175.85
9957.0,1178.5
9959.0,1178.55
9960.0,1205.05
9962.0,1203.0
9963.0,1216.05
9965.0,1196.05
9966.0,1200.55
9968.0,1216.8
9969.0,1195.0
9971.0,1184.85
9972.0,1192.8
9974.0,1203.65
9975.0,1221.95
9977.0,1226.75
9978.0,1231.0
9980.0,1236.8
9981.0,1228.3
9983.0,1230.75
9984.0,1224.4
9986.0,1241.95
9987.0,1237.3
9989.0,1236.65
9990.0,1247.9
9992.0,1257.2
9993.0,1255.6
9995.0,1238.1
9996.0,1226.5
9998.0,1216.65
9999.0,1209.2
10001.0,1202.65
10002.0,1204.2
10004.0,1198.8
10005.0,1229.35
10007.0,1232.4
10008.0,1241.6
10010.0,1247.5
10011.0,1247.5
10013.0,1257.25
10014.0,1251.1
10016.0,1244.85
10017.0,1247.25
10019.0,1245.8
10020.0,1252.5
10022.0,1250.05
10023.0,1252.9
10025.0,1284.15
10026.0,1284.15
10028.0,1278.95
10029.0,1279.05
10031.0,1281.85
10032.0,1269.4
10034.0,1261.85
10035.0,1262.8
10037.0,1266.45
10038.0,1255.45
10040.0,1228.45
10041.0,1228.05
10043.0,1220.4
10044.0,1222.95
10046.0,1231.25
10047.0,1233.3
10049.0,1257.4
10050.0,1255.9
10052.0,1258.85
10053.0,1260.2
10055.0,1256.95
10056.0,1265.05
10058.0,1262.7
10059.0,1266.2
10061.0,1274.95
10062.0,1279.95
10064.0,1291.0
10065.0,1273.1
10067.0,1266.4
10068.0,1262.0
10070.0,1254.55
10071.0,1255.4
10073.0,1242.2
10074.0,1242.5
10076.0,1255.7
10077.0,1245.25
10079.0,1248.0
10080.0,1243.5
10082.0,1229.25
10083.0,1223.75
10085.0,1224.9
10086.0,1215.65
10088.0,1211.05
10089.0,1218.8
10091.0,1230.3
10092.0,1234.1
10094.0,1242.15
10095.0,1238.7
10097.0,1255.55
10098.0,1254.4
10100.0,1261.1
10101.0,1264.9
10103.0,1270.95
10104.0,1269.6
10106.0,1257.7
10107.0,1258.0
10109.0,1271.05
10110.0,1284.4
10112.0,1282.3
10113.0,1270.3
10115.0,1285.15
10116.0,1295.8
10118.0,1284.2
10119.0,1286.65
10121.0,1285.3
10122.0,1285.3
10124.0,1308.5
10125.0,1311.75
10127.0,1333.1
10128.0,1335.55
10130.0,1343.5
10131.0,1346.25
10133.0,1326.5
10134.0,1327.55
10136.0,1322.85
10137.0,1312.1
10139.0,1311.3
10140.0,1292.1
10142.0,1293.3
10143.0,1300.05
10145.0,1283.35
10146.0,1283.1
10148.0,1271.25
10149.0,1274.25
10151.0,1261.8
10152.0,1278.75
10154.0,1289.25
10155.0,1290.25
10157.0,1303.3
10158.0,1284.75
10160.0,1286.4
10161.0,1281.2
10163.0,1276.45
10164.0,1275.0
10166.0,1266.45
10167.0,1272.0
10169.0,1277.05
10170.0,1279.2
10172.0,1270.9
10173.0,1275.6
10175.0,1284.8
10176.0,1284.3
10178.0,1274.6
10179.0,1282.2
10181.0,1284.35
10182.0,1286.2
10184.0,1286.95
10185.0,1290.35
10187.0,1294.9
10188.0,1291.85
10190.0,1280.2
10191.0,1275.5
10193.0,1266.3
10194.0,1263.7
10196.0,1250.65
10197.0,1247.15
10199.0,1242.65
10200.0,1251.0
10202.0,1260.6
10203.0,1260.35
10205.0,1264.55
10206.0,1264.55
10208.0,1264.55
10209.0,1279.4
10211.0,1291.0
10212.0,1291.0
10214.0,1314.9
10215.0,1314.5
10217.0,1319.95
10218.0,1311.0
10220.0,1323.05
10221.0,1326.8
10223.0,1333.85
10224.0,1335.65
10226.0,1334.95
10227.0,1332.6
10229.0,1353.7
10230.0,1354.95
10232.0,1343.85
10233.0,1344.9
10235.0,1341.35
10236.0,1331.15
10238.0,1331.4
10239.0,1324.65
10241.0,1314.1
10242.0,1322.3
10244.0,1336.25
10245.0,1352.45
10247.0,1346.6
10248.0,1339.85
10250.0,1328.35
10251.0,1327.95
10253.0,1325.75
10254.0,1317.85
10256.0,1322.3
10257.0,1320.4
10259.0,1329.4
10260.0,1321.0
10262.0,1319.15
10263.0,1322.75
10265.0,1318.75
10266.0,1310.1
10268.0,1311.0
10269.0,1321.35
10271.0,1346.6
10272.0,1352.4
10274.0,1332.45
10275.0,1323.85
10277.0,1323.85
10278.0,1333.45
10280.0,1327.7
10281.0,1331.2
10283.0,1338.95
10284.0,1350.75
10286.0,1343.7
10287.0,1349.35
10289.0,1351.45
10290.0,1348.6
10292.0,1324.3
10293.0,1328.85
10295.0,1320.7
10296.0,1321.5
10298.0,1307.1
10299.0,1304.2
10301.0,1309.4
10302.0,1309.4
10304.0,1313.85
10305.0,1318.8
10307.0,1319.85
10308.0,1295.0
10310.0,1289.5
10311.0,1288.3
10313.0,1293.05
10314.0,1289.0
10316.0,1303.5
10317.0,1303.5
10319.0,1300.7
10320.0,1305.35
10322.0,1295.45
10323.0,1292.05
10325.0,1297.25
10326.0,1298.25
10328.0,1298.65
10329.0,1296.15
10331.0,1285.25
10332.0,1281.55
10334.0,1274.2
10335.0,1266.15
10337.0,1268.7
10338.0,1260.3
10340.0,1251.55
10341.0,1250.45
10343.0,1251.75
10344.0,1255.65
10346.0,1255.35
10347.0,1262.05
10349.0,1251.4
10350.0,1245.9
10352.0,1241.1
10353.0,1232.8
10355.0,1217.55
10356.0,1228.75
10358.0,1228.35
10359.0,1231.5
10361.0,1223.95
10362.0,1223.8
10364.0,1219.0
10365.0,1215.45
10367.0,1209.65
10368.0,1212.35
10370.0,1214.35
10371.0,1214.4
10373.0,1197.0
10374.0,1182.0
10376.0,1178.4
10377.0,1184.35
10379.0,1196.65
10380.0,1192.35
10382.0,1197.7
10383.0,1212.25
10385.0,1197.3
10386.0,1202.45
10388.0,1190.85
10389.0,1196.7
10391.0,1198.9
10392.0,1196.6
10394.0,1195.6
10395.0,1209.8
10397.0,1201.9
10398.0,1200.2
10400.0,1208.35
10401.0,1198.7
10403.0,1201.9
10404.0,1194.25
10406.0,1187.25
10407.0,1189.35
10409.0,1201.2
10410.0,1203.45
10412.0,1186.95
10413.0,1185.55
10415.0,1205.55
10416.0,1219.75
10418.0,1230.7
10419.0,1229.05
10421.0,1227.85
10422.0,1222.3
10424.0,1230.55
10425.0,1230.8
10427.0,1230.8
10428.0,1225.4
10430.0,1231.15
10431.0,1232.1
10433.0,1231.6
10434.0,1229.95
10436.0,1211.4
10437.0,1205.55
10439.0,1203.25
10440.0,1211.85
10442.0,1221.6
10443.0,1223.0
10445.0,1227.05
10446.0,1223.65
10448.0,1221.2
10449.0,1213.25
10451.0,1217.55
10452.0,1230.3
10454.0,1235.9
10455.0,1242.55
10457.0,1245.35
10458.0,1245.3
10460.0,1242.75
10461.0,1235.35
10463.0,1246.3
10464.0,1255.0
10466.0,1258.15
10467.0,1258.15
10469.0,1258.15
10470.0,1268.0
10472.0,1279.0
10473.0,1279.0
10475.0,1290.45
10476.0,1279.9
10478.0,1286.45
10479.0,1288.6
10481.0,1288.95
10482.0,1292.75
10484.0,1292.3
10485.0,1290.7
10487.0,1279.55
10488.0,1282.1
10490.0,1283.7
10491.0,1293.9
10493.0,1307.55
10494.0,1310.7
10496.0,1318.7
10497.0,1312.15
10499.0,1312.4
10500.0,1310.0
10502.0,1306.4
10503.0,1310.0
10505.0,1311.45
10506.0,1316.55
10508.0,1334.15
10509.0,1343.75
10511.0,1329.05
10512.0,1331.05
10514.0,1322.85
10515.0,1319.15
10517.0,1285.4
10518.0,1283.8
10520.0,1285.3
10521.0,1296.75
10523.0,1297.05
10524.0,1306.95
10526.0,1303.5
10527.0,1305.6
10529.0,1303.7
10530.0,1309.6
10532.0,1319.55
10533.0,1316.3
10535.0,1295.15
10536.0,1295.4
10538.0,1290.3
10539.0,1290.45
10541.0,1288.45
10542.0,1300.0
10544.0,1305.45
10545.0,1298.8
10547.0,1285.65
10548.0,1276.35
10550.0,1275.7
10551.0,1275.7
10553.0,1269.5
10554.0,1271.65
10556.0,1284.2
10557.0,1279.5
10559.0,1283.8
10560.0,1270.95
10562.0,1278.55
10563.0,1281.2
10565.0,1286.1
10566.0,1287.1
10568.0,1298.4
10569.0,1299.1
10571.0,1280.8
10572.0,1276.85
10574.0,1273.8
10575.0,1283.65
10577.0,1282.5
10578.0,1278.3
10580.0,1280.95
10581.0,1295.55
10583.0,1324.25
10584.0,1335.05
10586.0,1340.65
10587.0,1328.6
10589.0,1332.35
10590.0,1335.9
10592.0,1341.3
10593.0,1341.35
10595.0,1379.5
10596.0,1397.15
10598.0,1431.4
10599.0,1403.95
10601.0,1409.0
10602.0,1390.1
10604.0,1413.5
10605.0,1414.9
10607.0,1400.1
10608.0,1391.55
10610.0,1413.75
10611.0,1407.6
10613.0,1409.85
10614.0,1410.35
10616.0,1439.7
10617.0,1427.75
10619.0,1426.95
10620.0,1416.1
10622.0,1419.05
10623.0,1425.9
10625.0,1406.8
10626.0,1441.75
10628.0,1465.25
10629.0,1506.05
10631.0,1497.7
10632.0,1504.7
10634.0,1513.25
10635.0,1515.65
10637.0,1496.6
10638.0,1504.55
10640.0,1502.05
10641.0,1503.8
10643.0,1532.95
10644.0,1537.15
10646.0,1528.4
10647.0,1525.95
10649.0,1546.1
10650.0,1529.1
10652.0,1509.2
10653.0,1498.25
10655.0,1515.2
10656.0,1503.1
10658.0,1502.1
10659.0,1503.5
10661.0,1501.9
10662.0,1522.1
10664.0,1528.75
10665.0,1506.4
10667.0,1485.3
10668.0,1473.45
10670.0,1517.1
10671.0,1499.15
10673.0,1505.85
10674.0,1507.25
10676.0,1479.15
10677.0,1490.6
10679.0,1485.1
10680.0,1492.65
10682.0,1491.65
10683.0,1485.35
10685.0,1496.55
10686.0,1513.45
10688.0,1486.75
10689.0,1492.1
10691.0,1508.8
10692.0,1509.45
10694.0,1486.05
10695.0,1484.25
10697.0,1458.7
10698.0,1452.05
10700.0,1466.65
10701.0,1466.9
10703.0,1468.45
10704.0,1471.7
10706.0,1464.45
10707.0,1458.4
10709.0,1454.35
10710.0,1454.65
10712.0,1461.15
10713.0,1477.3
10715.0,1475.95
10716.0,1459.65
10718.0,1464.95
10719.0,1466.8
10721.0,1466.6
10722.0,1477.9
10724.0,1474.05
10725.0,1476.7
10727.0,1482.1
10728.0,1482.1
10730.0,1482.1
10731.0,1511.5
10733.0,1514.75
10734.0,1514.75
10736.0,1548.75
10737.0,1573.1
10739.0,1571.95
10740.0,1550.75
10742.0,1549.9
10743.0,1545.1
10745.0,1554.55
10746.0,1557.6
10748.0,1551.3
10749.0,1556.9
10751.0,1564.3
10752.0,1580.1
10754.0,1573.45
10755.0,1578.25
10757.0,1574.75
10758.0,1558.35
10760.0,1563.3
10761.0,1572.65
10763.0,1570.5
10764.0,1563.7
10766.0,1581.4
10767.0,1580.8
10769.0,1604.2
10770.0,1619.0
10772.0,1671.65
10773.0,1650.3
10775.0,1652.0
10776.0,1609.85
10778.0,1615.5
10779.0,1641.85
10781.0,1683.65
10782.0,1672.5
10784.0,1653.75
10785.0,1570.7
10786.0,1562.8
