Timestamp,OutboundUtilzation (%)
0.0,96.2442
15.0,53.1609
16.0,50.1975
31.0,72.5685
32.0,69.0454
47.0,50.8691
48.0,41.4199
63.0,55.3133
64.0,51.1738
79.0,46.1372
80.0,39.8975
95.0,19.3071
96.0,20.677
111.0,4.98864
112.0,9.29368
127.0,45.5855
128.0,29.8915
143.0,14.7865
144.0,17.1393
159.0,20.1745
160.0,5.14864
175.0,43.0774
176.0,44.3051
191.0,77.8073
192.0,90.341
207.0,66.8962
208.0,65.0172
223.0,97.7051
224.0,99.7097
239.0,84.1335
240.0,84.1556
255.0,50.7294
256.0,44.5182
271.0,91.4624
272.0,88.4301
287.0,42.3407
288.0,40.1186
303.0,52.7613
304.0,53.203
319.0,62.1834
320.0,73.434
335.0,57.8753
336.0,56.7419
351.0,20.4689
352.0,25.5903
367.0,26.7807
368.0,24.1016
383.0,48.2569
384.0,40.4159
399.0,43.056
400.0,38.2864
415.0,61.2106
416.0,49.4681
431.0,60.8643
432.0,61.462
447.0,59.9942
448.0,59.4588
463.0,61.17
464.0,60.1465
479.0,90.4941
480.0,74.9807
495.0,75.9186
496.0,79.4772
511.0,87.243
512.0,96.1317
527.0,87.9552
528.0,77.8593
543.0,50.0799
544.0,58.5413
559.0,78.0931
560.0,76.7455
575.0,55.5349
576.0,56.2678
591.0,57.3567
592.0,56.601
607.0,76.6763
608.0,67.3979
623.0,72.0483
624.0,67.3282
639.0,40.2078
640.0,43.5611
655.0,59.2521
656.0,58.8378
671.0,47.2193
672.0,35.5499
687.0,49.8525
688.0,39.816
703.0,71.2263
704.0,72.9299
719.0,72.7684
720.0,67.7055
735.0,34.4145
736.0,40.7006
751.0,59.8653
752.0,52.4361
767.0,81.3233
768.0,84.0989
783.0,74.8042
784.0,94.1007
799.0,57.6824
800.0,26.9473
815.0,68.9601
816.0,55.0441
831.0,94.3432
832.0,99.9093
847.0,93.0865
848.0,91.0014
863.0,65.5931
864.0,65.1857
879.0,96.256
880.0,89.1793
895.0,60.0329
896.0,59.966
911.0,66.6123
912.0,61.4551
927.0,64.598
928.0,55.8074
943.0,45.6504
944.0,42.4922
959.0,11.0977
960.0,12.0335
975.0,6.81456
976.0,8.71619
991.0,36.9261
992.0,34.0154
1007.0,49.8029
1008.0,53.2663
1023.0,52.7313
1024.0,30.7705
1039.0,35.8483
1040.0,48.1437
1055.0,75.9325
1056.0,46.8014
1071.0,45.5596
1072.0,39.3195
1087.0,65.7954
1088.0,93.6668
1103.0,43.3045
1104.0,37.3856
1119.0,64.2402
1120.0,49.4093
1135.0,52.3278
1136.0,70.5821
1151.0,78.7734
1152.0,58.7538
1167.0,51.108
1168.0,53.8877
1183.0,88.2122
1184.0,85.0764
1199.0,48.5832
1200.0,53.8403
1215.0,23.1543
1216.0,25.7064
1231.0,25.9993
1232.0,26.0743
1247.0,36.5972
1248.0,18.6226
1263.0,10.8973
1264.0,13.6261
1279.0,28.089
1280.0,32.7362
1295.0,39.1318
1296.0,36.2167
1311.0,33.2518
1312.0,34.0522
1327.0,70.4124
1328.0,85.3829
1343.0,74.6036
1344.0,97.7725
1359.0,64.1476
1360.0,93.8545
1375.0,40.6414
1376.0,92.3376
1391.0,16.517
1392.0,23.4985
1407.0,55.3003
1408.0,67.08
1423.0,69.6827
1424.0,74.7119
1439.0,52.1017
1440.0,41.909
1455.0,66.2603
1456.0,60.8236
1471.0,94.0946
1472.0,75.799
1487.0,59.2302
1488.0,57.3538
1503.0,41.2395
1504.0,49.7738
1519.0,27.5216
1520.0,38.3912
1535.0,3.90218
1536.0,12.3406
1551.0,44.0945
1552.0,49.0998
1567.0,56.8969
1568.0,46.898
1583.0,53.9355
1584.0,54.2958
1599.0,26.926
1600.0,28.9391
1615.0,66.8745
1616.0,63.2515
1631.0,75.2846
1632.0,83.303
1647.0,80.8406
1648.0,67.5666
1663.0,61.2166
1664.0,78.0364
1679.0,58.516
1680.0,49.848
1695.0,63.4625
1696.0,68.6882
1711.0,62.7237
1712.0,76.6566
1727.0,84.2279
1728.0,83.3344
1743.0,55.269
1744.0,53.0853
1759.0,39.6916
1760.0,58.3305
1775.0,51.4764
1776.0,51.2592
1791.0,35.6583
1792.0,42.5453
1807.0,15.0682
1808.0,47.1237
1823.0,59.9088
1824.0,59.6359
1839.0,59.3106
1840.0,54.4756
1855.0,83.1421
1856.0,83.1189
1871.0,82.0468
1872.0,76.742
1887.0,81.0993
1888.0,80.4112
1903.0,95.2459
1904.0,92.115
1919.0,64.1346
1920.0,65.102
1935.0,93.2231
1936.0,92.6478
1951.0,64.2398
1952.0,61.4846
1967.0,19.8631
1968.0,59.7716
1983.0,57.7091
1984.0,56.0959
1999.0,55.9919
2000.0,48.2517
2015.0,59.3746
2016.0,57.3199
2031.0,74.7142
2032.0,60.0368
2047.0,25.0414
2048.0,41.1978
2063.0,19.904
2064.0,28.7297
2079.0,14.9716
2080.0,33.6731
2095.0,18.7614
2096.0,19.9675
2111.0,13.6845
2112.0,26.2602
2127.0,38.5714
2128.0,37.5218
2143.0,44.8744
2144.0,42.2352
2159.0,61.8135
2160.0,84.6493
2175.0,95.7004
2176.0,92.9601
2191.0,80.9117
2192.0,75.6184
2207.0,47.4119
2208.0,84.3028
2223.0,46.4906
2224.0,65.3544
2239.0,15.3505
2240.0,16.4411
2255.0,65.5825
2256.0,96.4211
2271.0,66.0038
2272.0,70.0754
2287.0,60.5954
2288.0,62.859
2303.0,59.4715
2304.0,56.8719
2319.0,70.1308
2320.0,75.5834
2335.0,51.2879
2336.0,54.8386
2351.0,40.1452
2352.0,50.349
2367.0,71.5986
2368.0,64.0214
2383.0,35.9142
2384.0,45.6659
2399.0,40.7894
2400.0,50.4983
2415.0,47.649
2416.0,44.2117
2431.0,48.6011
2432.0,45.6926
2447.0,54.0245
2448.0,80.122
2463.0,90.1349
2464.0,82.9394
2479.0,60.9953
2480.0,62.2464
2495.0,37.7029
2496.0,78.422
2511.0,47.3684
2512.0,24.7218
2527.0,76.0789
2528.0,74.7705
2543.0,26.0289
2544.0,48.7685
2559.0,52.105
2560.0,50.8663
2575.0,73.1735
2576.0,82.4867
2591.0,67.5595
2592.0,84.9053
2607.0,53.7856
2608.0,50.0249
2623.0,60.3421
2624.0,61.647
2639.0,53.4105
2640.0,68.5498
2655.0,54.9673
2656.0,71.9995
2671.0,35.9603
2672.0,33.8626
2687.0,35.021
2688.0,57.4594
2703.0,37.8661
2704.0,54.6801
2719.0,40.4574
2720.0,35.1317
2735.0,56.4803
2736.0,79.382
2751.0,76.2459
2752.0,76.0609
2767.0,82.0773
2768.0,78.8101
2783.0,37.8432
2784.0,46.5029
2799.0,61.4385
2800.0,65.4514
2815.0,88.0652
2816.0,72.3007
2831.0,67.0185
2832.0,55.5695
2847.0,55.9012
2848.0,65.9013
2863.0,98.0868
2864.0,98.0951
2879.0,55.5484
2880.0,53.6583
2895.0,30.8212
2896.0,43.4503
2911.0,30.4956
2912.0,28.1781
2927.0,22.1351
2928.0,28.5558
2943.0,17.4235
2944.0,14.5634
2959.0,54.0698
2960.0,46.2735
2975.0,67.0047
2976.0,52.8985
2991.0,33.7153
2992.0,25.3295
3007.0,31.2051
3008.0,33.4272
3023.0,41.4739
3024.0,26.1804
3039.0,71.4846
3040.0,42.6515
3055.0,0.0214566
3056.0,5.69738
3071.0,32.0298
3072.0,31.8348
3087.0,33.8071
3088.0,22.6742
3103.0,29.6036
3104.0,33.2043
3119.0,48.487
3120.0,52.677
3135.0,55.0178
3136.0,49.7233
3151.0,81.7714
3152.0,65.8589
3167.0,95.2966
3168.0,74.9571
3183.0,35.0081
3184.0,30.8428
3199.0,40.3727
3200.0,30.3118
3215.0,33.951
3216.0,33.0492
3231.0,10.9384
3232.0,11.0413
3247.0,9.54975
3248.0,5.36848
3263.0,38.5828
3264.0,54.0237
3279.0,42.2756
3280.0,51.0031
3295.0,43.1874
3296.0,44.8338
3311.0,96.102
3312.0,97.4613
3327.0,37.0082
3328.0,54.7452
3343.0,69.7131
3344.0,65.9192
3359.0,93.2332
3360.0,93.4213
3375.0,27.8368
3376.0,9.13756
3391.0,36.0657
3392.0,45.2199
3407.0,61.1339
3408.0,49.2689
3423.0,43.9307
3424.0,53.3038
3439.0,61.4754
3440.0,63.1301
3455.0,33.8835
3456.0,33.6209
3471.0,31.1381
3472.0,53.1607
3487.0,35.7364
3488.0,33.1329
3503.0,35.2665
3504.0,31.0943
3519.0,11.5857
3520.0,9.69701
3535.0,19.5056
3536.0,24.0825
3551.0,39.1399
3552.0,35.7439
3567.0,44.5164
3568.0,35.3058
3583.0,65.1567
3584.0,56.4841
3599.0,82.7848
3600.0,86.29
3615.0,50.2205
3616.0,58.3772
3631.0,78.0971
3632.0,81.8081
3647.0,35.442
3648.0,40.974
3663.0,61.2144
3664.0,60.7105
3679.0,40.2548
3680.0,61.2397
3695.0,52.3805
3696.0,47.7476
3711.0,58.8848
3712.0,65.9992
3727.0,50.2086
3728.0,61.3682
3743.0,58.6755
3744.0,57.3672
3759.0,16.4139
3760.0,11.3929
3775.0,23.1604
3776.0,33.1775
3791.0,19.936
3792.0,33.3304
3807.0,16.3063
3808.0,22.9018
3823.0,22.2588
3824.0,36.0145
3839.0,40.7852
3840.0,40.6307
3855.0,46.3561
3856.0,44.127
3871.0,44.4948
3872.0,37.0627
3887.0,71.2163
3888.0,82.2745
3903.0,83.9948
3904.0,77.0049
3919.0,79.9562
3920.0,76.2442
3935.0,71.1582
3936.0,78.567
3951.0,68.0511
3952.0,65.7244
3967.0,73.8163
3968.0,68.7973
3983.0,61.8756
3984.0,56.1115
3999.0,50.8481
4000.0,41.1811
4015.0,41.86
4016.0,75.1811
4031.0,71.3833
4032.0,76.8346
4047.0,52.4435
4048.0,48.1959
4063.0,63.9911
4064.0,72.5158
4079.0,64.7546
4080.0,83.1132
4095.0,81.2926
4096.0,79.6301
4111.0,77.6632
4112.0,84.1682
4127.0,74.4267
4128.0,69.7982
4143.0,73.0481
4144.0,68.6221
4159.0,54.9135
4160.0,51.7811
4175.0,91.65
4176.0,98.5484
4191.0,69.2015
4192.0,75.4267
4207.0,70.9667
4208.0,61.8523
4223.0,97.2509
4224.0,92.0684
4239.0,37.0786
4240.0,73.5139
4255.0,69.7612
4256.0,71.6149
4271.0,79.8239
4272.0,79.15
4287.0,76.5335
4288.0,95.6448
4303.0,70.2103
4304.0,77.6123
4319.0,70.5596
4320.0,72.6646
4335.0,98.98
4336.0,73.9488
4351.0,61.6841
4352.0,66.7558
4367.0,75.6061
4368.0,77.4215
4383.0,61.567
4384.0,55.7251
4399.0,53.4438
4400.0,51.536
4415.0,63.6799
4416.0,67.6058
4431.0,69.1824
4432.0,66.869
4447.0,50.7255
4448.0,54.7029
4463.0,87.2955
4464.0,84.2864
4479.0,81.1727
4480.0,83.8292
4495.0,87.7929
4496.0,86.0963
4511.0,75.7382
4512.0,66.8887
4527.0,72.3193
4528.0,69.6613
4543.0,73.5901
4544.0,80.0113
4559.0,63.815
4560.0,61.779
4575.0,91.2807
4576.0,88.5529
4591.0,81.8843
4592.0,77.0805
4607.0,57.873
4608.0,91.1465
4623.0,75.4049
4624.0,70.1553
4639.0,47.453
4640.0,38.3035
4655.0,26.6509
4656.0,24.8655
4671.0,53.8661
4672.0,52.3324
4687.0,50.9246
4688.0,48.9343
4703.0,62.8871
4704.0,60.7209
4719.0,40.6095
4720.0,37.8291
4735.0,60.8385
4736.0,68.4394
4751.0,44.353
4752.0,48.0332
4767.0,70.628
4768.0,50.8702
4783.0,73.5768
4784.0,76.4551
4799.0,48.5539
4800.0,44.5004
4815.0,72.1721
4816.0,70.8472
4831.0,54.7832
4832.0,61.4124
4847.0,43.7086
4848.0,77.0843
4863.0,37.1744
4864.0,48.5308
4879.0,83.0477
4880.0,80.1938
4895.0,74.1785
4896.0,91.3547
4911.0,53.1968
4912.0,56.335
4927.0,78.4203
4928.0,61.8904
4943.0,87.3713
4944.0,92.5558
4959.0,63.5221
4960.0,57.7971
4975.0,35.0207
4976.0,33.0809
4991.0,24.7597
4992.0,30.4074
5007.0,48.1607
5008.0,35.1698
5023.0,54.7265
5024.0,51.6491
5039.0,66.2607
5040.0,71.8049
5055.0,74.3308
5056.0,81.7407
5071.0,62.8057
5072.0,71.933
5087.0,80.3721
5088.0,72.2567
5103.0,38.8037
5104.0,33.7389
5119.0,53.0301
5120.0,55.1026
5135.0,67.0651
5136.0,85.2998
5151.0,63.5865
5152.0,64.6458
5167.0,54.6085
5168.0,66.2538
5183.0,58.0539
5184.0,69.9805
5199.0,30.4434
5200.0,23.5442
5215.0,22.3599
5216.0,22.5809
5231.0,59.8925
5232.0,55.0841
5247.0,44.8143
5248.0,42.1341
5263.0,37.2846
5264.0,38.2536
5279.0,22.0345
5280.0,28.4396
5295.0,45.5034
5296.0,47.6697
5311.0,70.3143
5312.0,74.9881
5327.0,71.4067
5328.0,60.359
5343.0,60.2995
5344.0,52.8441
5359.0,69.7673
5360.0,81.6104
5375.0,54.6066
5376.0,51.497
5391.0,64.6326
5392.0,57.5338
5407.0,54.4614
5408.0,68.1286
5423.0,84.8149
5424.0,76.3797
5439.0,47.8915
5440.0,44.3802
5455.0,53.6522
5456.0,50.7447
5471.0,83.4148
5472.0,81.5736
5487.0,72.5922
5488.0,71.8036
5503.0,79.4199
5504.0,76.1614
5519.0,37.6797
5520.0,69.5094
5535.0,66.7625
5536.0,66.559
5551.0,66.2224
5552.0,63.8561
5567.0,59.3426
5568.0,57.9252
5583.0,72.1918
5584.0,71.6583
5599.0,91.3547
5600.0,88.4177
5615.0,96.4081
5616.0,96.73
5631.0,79.6475
5632.0,78.8856
5647.0,96.316
5648.0,89.5501
5663.0,87.4784
5664.0,85.9665
5679.0,95.3242
5680.0,94.3976
5695.0,99.6768
5696.0,99.1943
5711.0,86.6912
5712.0,85.6911
5727.0,79.6492
5728.0,85.1941
5743.0,66.1099
5744.0,66.6413
5759.0,60.3764
5760.0,71.7684
5775.0,49.4543
5776.0,45.5703
5791.0,47.0315
5792.0,36.5495
5807.0,52.9995
5808.0,49.6669
5823.0,46.3612
5824.0,57.0793
5839.0,46.8217
5840.0,42.0931
5855.0,71.247
5856.0,67.8956
5871.0,57.4168
5872.0,56.4146
5887.0,69.5863
5888.0,59.622
5903.0,72.3913
5904.0,69.5034
5919.0,79.6251
5920.0,69.9229
5935.0,81.2664
5936.0,93.5315
5951.0,75.0053
5952.0,58.1264
5967.0,84.2448
5968.0,83.2259
5983.0,91.8438
5984.0,90.6337
5999.0,79.3559
6000.0,72.5874
6015.0,68.1061
6016.0,86.3245
6031.0,55.4728
6032.0,55.5697
6047.0,72.1713
6048.0,77.5712
6063.0,57.2389
6064.0,61.4683
6079.0,79.9803
6080.0,77.4579
6095.0,81.1371
6096.0,84.705
6111.0,78.5723
6112.0,76.4871
6127.0,43.7145
6128.0,40.1329
6143.0,57.9052
6144.0,76.3774
6159.0,81.526
6160.0,83.6099
6175.0,74.9917
6176.0,70.0064
6191.0,81.3994
6192.0,94.101
6207.0,72.1031
6208.0,72.4011
6223.0,62.5257
6224.0,50.3756
6239.0,53.6776
6240.0,59.6718
6255.0,72.1137
6256.0,75.681
6271.0,55.245
6272.0,59.7914
6287.0,68.0662
6288.0,83.117
6303.0,72.6732
6304.0,74.7575
6319.0,56.9475
6320.0,56.047
6335.0,85.9501
6336.0,81.6307
6351.0,45.5598
6352.0,43.805
6367.0,61.9795
6368.0,61.2102
6383.0,54.5208
6384.0,56.1388
6399.0,46.985
6400.0,50.9482
6415.0,68.9808
6416.0,64.5172
6431.0,65.5094
6432.0,80.7221
6447.0,90.7583
6448.0,95.1379
6463.0,77.8308
6464.0,74.868
6479.0,90.1542
6480.0,93.9291
6495.0,79.4865
6496.0,78.7171
6511.0,65.6909
6512.0,54.0059
6527.0,51.4846
6528.0,61.2415
6543.0,71.7559
6544.0,70.1683
6559.0,86.7961
6560.0,86.8755
6575.0,64.4095
6576.0,62.4869
6591.0,64.0007
6592.0,63.736
6607.0,69.2663
6608.0,69.3662
6623.0,81.2729
6624.0,80.3603
6639.0,75.8584
6640.0,74.0262
6655.0,57.8077
6656.0,67.4454
6671.0,78.0725
6672.0,72.7096
6687.0,92.3745
6688.0,89.5626
6703.0,77.9455
6704.0,76.9199
6719.0,61.6586
6720.0,63.0603
6735.0,93.3488
6736.0,93.6119
6751.0,76.1819
6752.0,70.6083
6767.0,98.4775
6768.0,88.1335
6783.0,87.2762
6784.0,86.3599
6799.0,90.4745
6800.0,91.4238
6815.0,94.7694
6816.0,84.8413
6831.0,83.8237
6832.0,79.4889
6847.0,73.245
6848.0,67.3021
6863.0,83.8838
6864.0,77.6522
6879.0,66.5281
6880.0,65.2195
6895.0,62.7301
6896.0,65.7053
6911.0,70.8072
6912.0,67.4003
6927.0,43.0604
6928.0,47.7843
6943.0,21.369
6944.0,24.1174
6959.0,34.1754
6960.0,30.3906
6975.0,55.16
6976.0,56.1891
6991.0,63.2635
6992.0,75.075
7007.0,99.2125
7008.0,93.6609
7023.0,82.4764
7024.0,77.6335
7039.0,76.7969
7040.0,92.0954
7055.0,90.8704
7056.0,92.5378
7071.0,35.7199
7072.0,39.6881
7087.0,64.9063
7088.0,79.4692
7103.0,59.8974
7104.0,60.3111
7119.0,38.3595
7120.0,37.2966
7135.0,49.3229
7136.0,59.4678
7151.0,77.2614
7152.0,71.9633
7167.0,86.2482
7168.0,85.0563
7183.0,57.9554
7184.0,57.9378
7199.0,50.7875
7200.0,45.8076
7215.0,19.7109
7216.0,19.1562
7231.0,44.1521
7232.0,50.5977
7247.0,29.1414
7248.0,32.2996
7263.0,41.5866
7264.0,41.8875
7279.0,58.6139
7280.0,61.1862
7295.0,64.0941
7296.0,65.8607
7311.0,79.4578
7312.0,63.8231
7327.0,91.75
7328.0,99.8922
7343.0,90.748
7344.0,89.4137
7359.0,43.6702
7360.0,42.2134
7375.0,63.6913
7376.0,89.5608
7391.0,76.1746
7392.0,60.3755
7407.0,81.23
7408.0,87.311
7423.0,76.6287
7424.0,81.8154
7439.0,48.1515
7440.0,56.2818
7455.0,71.3462
7456.0,60.7826
7471.0,69.3601
7472.0,55.4752
7487.0,33.1006
7488.0,36.3457
7503.0,40.519
7504.0,41.7604
7519.0,38.8869
7520.0,29.2703
7535.0,54.3028
7536.0,50.4814
7551.0,39.4936
7552.0,40.2751
7567.0,22.6568
7568.0,20.5657
7583.0,13.4132
7584.0,33.5089
7599.0,53.4571
7600.0,42.3821
7615.0,96.2435
7616.0,95.5546
7631.0,93.5881
7632.0,89.0788
7647.0,64.1421
7648.0,61.3624
7663.0,51.4183
7664.0,62.8114
7679.0,16.5153
7680.0,19.0091
7695.0,62.9654
7696.0,71.8642
7711.0,77.601
7712.0,70.9481
7727.0,63.017
7728.0,57.226
7743.0,52.1816
7744.0,42.9554
7759.0,57.4307
7760.0,46.0136
7775.0,54.7002
7776.0,54.5019
7791.0,27.8769
7792.0,40.1826
7807.0,39.1618
7808.0,39.9627
7823.0,46.4012
7824.0,50.3629
7839.0,58.4272
7840.0,54.4173
7855.0,61.5976
7856.0,52.7424
7871.0,40.0108
7872.0,48.8816
7887.0,75.5797
7888.0,70.8893
7903.0,90.7138
7904.0,84.3988
7919.0,98.4476
7920.0,98.1653
7935.0,79.5849
7936.0,71.8609
7951.0,82.344
7952.0,82.554
7967.0,86.4956
7968.0,90.9346
7983.0,81.0767
7984.0,77.5233
7999.0,82.7553
8000.0,82.6875
8015.0,61.509
8016.0,60.752
8031.0,68.1665
8032.0,68.7067
8047.0,55.288
8048.0,52.6819
8063.0,61.1547
8064.0,58.3001
8079.0,63.6976
8080.0,54.1991
8095.0,61.6788
8096.0,60.9135
8111.0,76.8569
8112.0,71.2959
8127.0,78.2755
8128.0,82.0958
8143.0,63.6323
8144.0,66.6687
8159.0,78.6649
8160.0,76.4499
8175.0,80.9284
8176.0,74.7399
8191.0,82.2614
8192.0,91.0844
8207.0,81.6683
8208.0,84.6839
8223.0,55.7731
8224.0,72.0482
8239.0,94.3807
8240.0,81.8011
8255.0,81.9364
8256.0,64.1175
8271.0,63.0531
8272.0,68.3522
8287.0,81.541
8288.0,74.3499
8303.0,58.6264
8304.0,62.5363
8319.0,61.7807
8320.0,55.929
8335.0,30.9544
8336.0,34.5709
8351.0,34.2514
8352.0,19.7908
8367.0,58.0621
8368.0,56.2169
8383.0,47.8588
8384.0,67.795
8399.0,30.8462
8400.0,36.5876
8415.0,30.4688
8416.0,32.2425
8431.0,97.3861
8432.0,99.7859
8447.0,81.7909
8448.0,82.1956
8463.0,99.9591
8464.0,94.0686
8479.0,66.1575
8480.0,87.7268
8495.0,39.8127
8496.0,16.115
8511.0,75.8573
8512.0,55.0455
8527.0,58.6532
8528.0,67.8234
8543.0,39.8118
8544.0,39.5551
8559.0,53.925
8560.0,44.837
8575.0,69.2019
8576.0,65.0092
8591.0,59.7256
8592.0,60.8347
8607.0,44.25
8608.0,42.414
8623.0,43.9392
8624.0,41.2413
8639.0,47.0962
8640.0,51.9217
8655.0,28.3623
8656.0,36.0199
8671.0,40.9474
8672.0,37.9252
8687.0,49.4762
8688.0,45.0702
8703.0,21.0492
8704.0,19.5798
8719.0,85.3585
8720.0,87.2394
8735.0,60.6088
8736.0,85.7493
8751.0,96.8517
8752.0,96.8886
8767.0,80.4214
8768.0,74.7733
8783.0,42.8574
8784.0,40.2323
8799.0,60.4353
8800.0,51.705
8815.0,64.1792
8816.0,61.8763
8831.0,59.1443
8832.0,49.9729
8847.0,94.3894
8848.0,84.7257
8863.0,91.7851
8864.0,84.062
8879.0,48.7645
8880.0,38.0844
8895.0,63.508
8896.0,60.6298
8911.0,41.9682
8912.0,16.1401
8927.0,42.8437
8928.0,45.4056
8943.0,54.0747
8944.0,63.4071
8959.0,35.0562
8960.0,25.9098
8975.0,60.1324
8976.0,51.901
8991.0,74.1468
8992.0,45.4935
9007.0,60.0272
9008.0,58.0734
9023.0,62.97
9024.0,66.5064
9039.0,98.8737
9040.0,97.2707
9055.0,79.2249
9056.0,70.2415
9071.0,82.9655
9072.0,83.9828
9087.0,66.4896
9088.0,67.7201
9103.0,72.618
9104.0,71.3329
9119.0,63.868
9120.0,55.2437
9135.0,34.7818
9136.0,42.6578
9151.0,40.7978
9152.0,36.7293
9167.0,48.9421
9168.0,55.5329
9183.0,42.4292
9184.0,34.7699
9199.0,20.4221
9200.0,22.1401
9215.0,17.1754
9216.0,18.6612
9231.0,40.7082
9232.0,34.2825
9247.0,43.1478
9248.0,41.5423
9263.0,43.4011
9264.0,45.3731
9279.0,50.9037
9280.0,51.8258
9295.0,74.1613
9296.0,68.5788
9311.0,69.9441
9312.0,81.5436
9327.0,62.5204
9328.0,55.4658
9343.0,65.1952
9344.0,64.9575
9359.0,75.5333
9360.0,71.7328
9375.0,57.0292
9376.0,55.6867
9391.0,62.9948
9392.0,60.5122
9407.0,97.9765
9408.0,99.1003
9423.0,63.5259
9424.0,55.5305
9439.0,59.7633
9440.0,71.4485
9455.0,73.0691
9456.0,63.9344
9471.0,70.9629
9472.0,68.1244
9487.0,80.7705
9488.0,78.7623
9503.0,48.5973
9504.0,50.9669
9519.0,48.567
9520.0,53.8253
9535.0,61.8898
9536.0,61.1921
9551.0,59.3249
9552.0,57.5206
9567.0,47.557
9568.0,44.5169
9583.0,58.8325
9584.0,59.3958
9599.0,95.086
9600.0,92.7986
9615.0,67.2681
9616.0,59.9351
9631.0,93.1326
9632.0,91.0203
9647.0,66.6732
9648.0,70.7197
9663.0,52.8598
9664.0,53.2096
9679.0,57.6025
9680.0,51.8603
9695.0,86.3642
9696.0,82.8444
9711.0,57.0414
9712.0,57.7038
9727.0,45.1277
9728.0,56.5397
9743.0,37.952
9744.0,36.2453
9759.0,26.9948
9760.0,25.1162
9775.0,20.6799
9776.0,26.0763
9791.0,34.2967
9792.0,43.491
9807.0,44.7749
9808.0,37.6243
9823.0,17.0296
9824.0,17.3558
9839.0,45.1918
9840.0,47.8153
9855.0,43.0421
9856.0,43.4268
9871.0,67.4897
9872.0,74.3012
9887.0,98.1521
9888.0,87.2952
9903.0,63.1867
9904.0,84.4403
9919.0,61.6569
9920.0,52.0986
9935.0,11.4329
9936.0,13.0538
9951.0,78.0512
9952.0,89.4554
9967.0,62.2301
9968.0,58.9823
9983.0,41.7535
9984.0,39.7113
9999.0,55.6093
10000.0,78.7215
10015.0,56.618
10016.0,57.7287
10031.0,58.7965
10032.0,60.6574
10047.0,44.4115
10048.0,46.7706
10063.0,53.6612
10064.0,51.9852
10079.0,38.1617
10080.0,30.5216
10095.0,43.2632
10096.0,45.5837
10111.0,27.0247
10112.0,31.7938
10127.0,31.7788
10128.0,39.3314
10143.0,69.8494
10144.0,60.4213
10159.0,55.412
10160.0,58.1021
10175.0,83.5118
10176.0,76.6691
10191.0,70.8893
10192.0,82.2413
10207.0,80.5565
10208.0,79.7864
10223.0,27.9617
10224.0,53.7337
10239.0,57.0847
10240.0,56.8471
10255.0,42.6958
10256.0,41.732
10271.0,43.4529
10272.0,54.6481
10287.0,72.9728
10288.0,99.2408
10303.0,59.124
10304.0,56.8454
10319.0,75.2002
10320.0,72.5862
10335.0,55.0167
10336.0,53.2478
10351.0,23.9854
10352.0,25.8076
10367.0,40.8903
10368.0,46.5247
10383.0,30.6791
10384.0,26.9142
10399.0,52.9759
10400.0,41.5371
10415.0,46.8127
10416.0,39.4318
10431.0,52.2591
10432.0,51.3189
10447.0,84.4361
10448.0,69.4376
10463.0,93.3518
10464.0,89.6148
10479.0,92.1748
10480.0,83.1289
10495.0,84.5833
10496.0,79.2066
10511.0,11.862
10512.0,13.6563
10527.0,85.5966
10528.0,70.6171
10543.0,58.5792
10544.0,52.7276
10559.0,61.2286
10560.0,72.9203
10575.0,89.9035
10576.0,76.8564
10591.0,29.9403
10592.0,25.2371
10607.0,18.8418
10608.0,45.9786
10623.0,32.6657
10624.0,32.2711
10639.0,20.7537
10640.0,44.6544
10655.0,48.8401
10656.0,49.646
10671.0,47.4862
10672.0,49.5811
10687.0,43.3816
10688.0,33.6343
10703.0,47.1038
10704.0,71.8557
10719.0,87.416
10720.0,66.4878
10735.0,83.8465
10736.0,85.3107
10751.0,39.013
10752.0,84.6031
10767.0,17.8907
10768.0,12.376
10783.0,66.2377
10784.0,62.7175
10799.0,86.5716
10800.0,94.0227
10815.0,68.8576
10816.0,86.5848
10831.0,89.1813
10832.0,88.739
10847.0,42.712
10848.0,42.9657
10863.0,63.5743
10864.0,58.4524
10879.0,68.4386
10880.0,63.9818
10895.0,40.3391
10896.0,39.7532
10911.0,17.8321
10912.0,13.114
10927.0,56.4722
10928.0,53.7901
10943.0,43.148
10944.0,35.8411
10959.0,25.7129
10960.0,44.8916
10975.0,31.6547
10976.0,28.6486
10991.0,11.257
10992.0,16.3069
11007.0,73.7173
11008.0,63.8865
11023.0,96.7651
11024.0,87.4186
11039.0,83.8495
11040.0,82.6456
11055.0,66.8139
11056.0,65.6912
11071.0,49.6813
11072.0,34.6708
11087.0,61.4754
11088.0,73.5151
11103.0,53.5853
11104.0,55.4633
11119.0,69.5079
11120.0,46.3808
11135.0,48.3909
11136.0,47.6365
11151.0,59.7061
11152.0,63.7426
11167.0,53.3259
11168.0,52.3579
11183.0,48.0661
11184.0,40.2771
11199.0,15.3574
11200.0,17.4902
11215.0,34.0495
11216.0,34.7656
11231.0,46.1562
11232.0,43.2356
11247.0,36.81
11248.0,34.6182
11263.0,34.9077
11264.0,24.9572
11279.0,17.6092
11280.0,13.6556
11295.0,76.546
11296.0,72.5664
11311.0,75.4892
11312.0,68.9443
11327.0,93.184
11328.0,83.6246
11343.0,79.7598
11344.0,76.3146
11359.0,64.3438
11360.0,55.3903
11375.0,59.0773
11376.0,49.6146
11391.0,62.3143
11392.0,75.5304
11407.0,60.0786
11408.0,57.0883
11423.0,48.6819
11424.0,46.6193
11439.0,47.3032
11440.0,46.3759
11455.0,44.945
11456.0,41.8639
11471.0,56.2615
11472.0,44.8387
11487.0,37.6308
11488.0,38.0933
11503.0,25.5997
11504.0,27.1521
11519.0,14.5984
11520.0,13.7941
11535.0,23.8551
11536.0,28.5123
11551.0,24.7457
11552.0,34.802
11567.0,21.2146
11568.0,27.4575
11583.0,73.4401
11584.0,73.4591
11599.0,75.9621
11600.0,70.3764
11615.0,69.4613
11616.0,63.1292
11631.0,74.4357
11632.0,65.8151
11647.0,49.5859
11648.0,53.8007
11663.0,62.0663
11664.0,60.3668
11679.0,69.4202
11680.0,71.3038
11695.0,87.643
11696.0,86.9234
11711.0,71.7124
11712.0,71.5652
11727.0,55.3101
11728.0,48.5857
11743.0,44.6902
11744.0,39.2881
11759.0,41.4834
11760.0,38.2056
11775.0,39.8901
11776.0,55.7815
11791.0,63.5313
11792.0,62.7666
11807.0,27.9777
11808.0,25.9904
11823.0,53.926
11824.0,58.7041
11839.0,56.479
11840.0,57.1033
11855.0,23.3737
11856.0,28.295
11871.0,84.7431
11872.0,88.4319
11887.0,97.4612
11888.0,93.6858
11903.0,77.669
11904.0,91.7657
11919.0,91.8964
11920.0,87.1345
11935.0,65.3674
11936.0,54.7737
11951.0,51.7509
11952.0,89.087
11967.0,65.8736
11968.0,64.2761
11983.0,47.8629
11984.0,62.8333
11999.0,85.0068
12000.0,88.3348
12015.0,52.837
12016.0,55.9765
12031.0,54.9742
12032.0,53.6173
12047.0,64.6767
12048.0,59.1596
12063.0,49.8789
12064.0,39.4726
12079.0,72.4647
12080.0,70.0744
12095.0,63.7964
12096.0,61.9853
12111.0,64.6737
12112.0,53.5023
12127.0,59.3147
12128.0,56.4977
12143.0,52.4885
12144.0,54.3674
12159.0,89.0483
12160.0,84.0818
12175.0,52.4994
12176.0,63.9241
12191.0,74.8374
12192.0,81.2956
12207.0,79.5447
12208.0,59.7556
12223.0,37.2832
12224.0,40.0373
12239.0,90.0093
12240.0,98.2017
12255.0,92.9454
12256.0,90.2274
12271.0,82.5358
12272.0,67.908
12287.0,65.1209
12288.0,72.5415
12303.0,42.3164
12304.0,42.5094
12319.0,20.6006
12320.0,21.4041
12335.0,28.9533
12336.0,20.8028
12351.0,16.1138
12352.0,14.7595
12367.0,29.1962
12368.0,30.2687
12383.0,42.6009
12384.0,41.4162
12399.0,54.4503
12400.0,53.4785
12415.0,24.0399
12416.0,18.3712
12431.0,61.5504
12432.0,72.6201
12447.0,71.428
12448.0,56.8441
12463.0,41.5861
12464.0,41.891
12479.0,82.8005
12480.0,80.0427
12495.0,93.6213
12496.0,96.923
12511.0,41.0556
12512.0,41.1172
12527.0,93.1291
12528.0,92.901
12543.0,90.2817
12544.0,77.2489
12559.0,58.5004
12560.0,57.205
12575.0,63.0664
12576.0,61.6488
12591.0,40.5342
12592.0,39.4282
12607.0,47.1409
12608.0,46.1016
12623.0,34.6162
12624.0,31.6203
12639.0,26.089
12640.0,27.5584
12655.0,31.3892
12656.0,34.397
12671.0,33.6867
12672.0,34.3961
12687.0,24.9984
12688.0,16.1635
12703.0,28.709
12704.0,34.1945
12719.0,29.868
12720.0,42.0088
12735.0,74.8699
12736.0,78.9861
12751.0,86.7086
12752.0,87.6382
12767.0,90.7023
12768.0,70.9298
12783.0,34.6488
12784.0,32.4398
12799.0,63.4915
12800.0,57.6226
12815.0,46.3613
12816.0,54.6632
12831.0,50.5188
12832.0,49.3712
12847.0,55.0849
12848.0,58.38
12863.0,41.5851
12864.0,37.6784
12879.0,62.3957
12880.0,64.15
12895.0,42.6123
12896.0,34.8747
12911.0,17.0083
12912.0,17.799
12927.0,46.1027
12928.0,41.3304
12943.0,30.1746
12944.0,25.8386
12959.0,33.0256
12960.0,33.2357
12975.0,29.8481
12976.0,29.6465
12991.0,18.674
12992.0,35.3716
13007.0,61.88
13008.0,43.7867
13023.0,70.5825
13024.0,52.702
13039.0,44.3249
13040.0,49.459
13055.0,93.1262
13056.0,91.8723
13071.0,19.0258
13072.0,19.1134
13087.0,57.9391
13088.0,59.1151
13103.0,58.7181
13104.0,63.6954
13119.0,33.0263
13120.0,51.0636
13135.0,41.9772
13136.0,39.6154
13151.0,38.1999
13152.0,41.7882
13167.0,42.0527
13168.0,65.7452
13183.0,22.3002
13184.0,17.995
13199.0,28.0093
13200.0,30.8511
13215.0,34.5816
13216.0,33.4003
13231.0,49.8589
13232.0,60.5748
13247.0,58.483
13248.0,46.9602
13263.0,43.5295
13264.0,46.4075
13279.0,38.4138
13280.0,36.5766
13295.0,85.4785
13296.0,91.0961
13311.0,97.833
13312.0,99.4663
13327.0,96.7514
13328.0,83.3778
13343.0,56.3757
13344.0,55.906
13359.0,51.9344
13360.0,84.2631
13375.0,62.2849
13376.0,61.2885
13391.0,69.9866
13392.0,55.4803
13407.0,81.2064
13408.0,96.0473
13423.0,69.9807
13424.0,72.7593
13439.0,59.592
13440.0,55.8297
13455.0,75.9945
13456.0,82.865
13471.0,55.9856
13472.0,54.5511
13487.0,85.6355
13488.0,84.2773
13503.0,44.2792
13504.0,55.142
13519.0,57.4136
13520.0,52.7136
13535.0,79.6434
13536.0,78.6543
13551.0,76.123
13552.0,78.8452
13567.0,77.2969
13568.0,81.4055
13583.0,73.325
13584.0,67.9756
13599.0,90.5265
13600.0,96.254
13615.0,66.4009
13616.0,49.0942
13631.0,82.1297
13632.0,81.4585
13647.0,65.0376
13648.0,61.3926
13663.0,54.4992
13664.0,53.6355
13679.0,66.4221
13680.0,71.0542
13695.0,72.2545
13696.0,77.6583
13711.0,49.743
13712.0,50.2576
13727.0,91.7373
13728.0,92.0554
13743.0,89.682
13744.0,88.8356
13759.0,94.0507
13760.0,92.6851
13775.0,92.9949
13776.0,92.307
13791.0,87.3138
13792.0,87.4637
13807.0,93.3933
13808.0,93.3272
13823.0,85.5604
13824.0,84.6191
13839.0,73.7086
13840.0,72.8519
13855.0,80.7262
13856.0,80.4346
13871.0,93.4965
13872.0,94.9253
13887.0,94.1028
13888.0,96.8955
13903.0,88.7637
13904.0,89.1415
13919.0,99.8929
13920.0,98.5239
13935.0,72.728
13936.0,68.7065
13951.0,95.9404
13952.0,98.4099
13967.0,74.2584
13968.0,68.7002
13983.0,62.5365
13984.0,62.4586
13999.0,64.049
14000.0,75.4027
14015.0,60.9518
14016.0,65.1156
14031.0,71.0168
14032.0,77.2471
14047.0,69.0526
14048.0,65.7681
14063.0,58.4839
14064.0,68.909
14079.0,54.2059
14080.0,54.0602
14095.0,74.6757
14096.0,74.295
14111.0,51.4778
14112.0,45.9223
14127.0,82.1842
14128.0,69.8805
14143.0,94.8661
14144.0,94.9163
14159.0,78.8587
14160.0,85.3674
14175.0,91.138
14176.0,85.3277
14191.0,98.633
14192.0,91.6323
14207.0,78.846
14208.0,76.7861
14223.0,89.3716
14224.0,78.3504
14239.0,76.1707
14240.0,76.4818
14255.0,57.4983
14256.0,56.2731
14271.0,52.8418
14272.0,86.7269
14287.0,75.4862
14288.0,76.3043
14303.0,76.0249
14304.0,78.0044
14319.0,49.78
14320.0,48.6445
14335.0,49.7168
14336.0,46.8818
14351.0,55.2043
14352.0,51.1628
14367.0,66.0293
14368.0,69.5241
14383.0,62.0368
14384.0,59.9298
14399.0,64.3959
14400.0,58.4352
14415.0,96.7672
14416.0,90.5554
14431.0,96.1438
14432.0,95.7843
14447.0,93.0539
14448.0,93.5412
14463.0,90.5615
14464.0,88.0905
14479.0,86.317
14480.0,88.0133
14495.0,68.3261
14496.0,94.8735
14511.0,97.7535
14512.0,94.9051
14527.0,57.2254
14528.0,64.0726
14543.0,76.7428
14544.0,77.101
14559.0,69.9211
14560.0,64.5839
14575.0,77.7139
14576.0,70.3381
14591.0,65.0882
14592.0,64.5519
14607.0,65.2787
14608.0,66.2211
14623.0,66.6292
14624.0,68.7629
14639.0,70.7158
14640.0,71.6764
14655.0,68.691
14656.0,66.221
14671.0,48.0675
14672.0,45.7932
14687.0,89.1815
14688.0,95.9159
14703.0,76.2367
14704.0,76.8041
14719.0,76.6878
14720.0,80.8958
14735.0,98.972
14736.0,98.5676
14751.0,79.8251
14752.0,78.4255
14767.0,97.4616
14768.0,99.9834
14783.0,90.4745
14784.0,80.9755
14799.0,67.0547
14800.0,75.9124
14815.0,76.3072
14816.0,58.8225
14831.0,48.3135
14832.0,44.6267
14847.0,60.6088
14848.0,58.9602
14863.0,44.1126
14864.0,45.7054
14879.0,38.8494
14880.0,38.3144
14895.0,45.9845
14896.0,55.0452
14911.0,79.663
14912.0,81.0317
14927.0,65.3751
14928.0,64.6299
14943.0,49.9774
14944.0,70.4834
14959.0,52.1085
14960.0,42.8068
14975.0,85.2896
14976.0,84.2841
14991.0,70.0418
14992.0,83.1389
15007.0,82.9164
15008.0,83.971
15023.0,88.8091
15024.0,88.894
15039.0,67.937
15040.0,66.1126
15055.0,62.9736
15056.0,65.0414
15071.0,39.9255
15072.0,38.7906
15087.0,54.2613
15088.0,71.1293
15103.0,56.4643
15104.0,48.7358
15119.0,54.1138
15120.0,55.4355
15135.0,54.4072
15136.0,47.9815
15151.0,43.6868
15152.0,43.3428
15167.0,24.0271
15168.0,16.5397
15183.0,20.5478
15184.0,28.1612
15199.0,25.43
15200.0,23.0809
15215.0,11.5305
15216.0,14.4857
15231.0,13.4631
15232.0,20.0623
15247.0,74.0986
15248.0,69.338
15263.0,72.1148
15264.0,72.0119
15279.0,92.2137
15280.0,91.7674
15295.0,73.554
15296.0,72.7407
15311.0,62.4674
15312.0,62.2626
15327.0,56.9797
15328.0,62.9089
15343.0,73.4285
15344.0,70.3451
15359.0,74.3381
15360.0,70.2696
15375.0,78.0421
15376.0,72.7504
15391.0,40.8258
15392.0,40.2748
15407.0,46.0244
15408.0,31.5059
15423.0,44.7092
15424.0,36.3443
15439.0,40.7726
15440.0,38.5119
15455.0,37.5024
15456.0,39.7149
15471.0,48.3972
15472.0,46.4387
15487.0,80.0199
15488.0,77.8826
15503.0,61.7558
15504.0,59.683
15519.0,36.9023
15520.0,40.5088
15535.0,89.2221
15536.0,93.2184
15551.0,67.7533
15552.0,63.8398
15567.0,76.5071
15568.0,74.7783
15583.0,80.1394
15584.0,74.029
15599.0,89.6491
15600.0,79.5565
15615.0,72.7642
15616.0,69.0265
15631.0,87.0825
15632.0,85.7215
15647.0,92.3422
15648.0,94.5235
15663.0,58.8168
15664.0,59.1333
15679.0,51.3867
15680.0,54.3007
15695.0,62.2808
15696.0,56.2462
15711.0,62.2324
15712.0,60.6963
15727.0,59.4348
15728.0,56.8204
15743.0,42.9593
15744.0,39.0933
15759.0,67.5566
15760.0,59.6815
15775.0,20.189
15776.0,20.0342
15791.0,56.24
15792.0,44.3299
15807.0,23.4635
15808.0,14.6122
15823.0,82.6572
15824.0,81.3705
15839.0,85.5074
15840.0,89.6735
15855.0,80.1906
15856.0,77.3204
15871.0,91.511
15872.0,92.5518
15887.0,65.552
15888.0,53.2194
15903.0,72.0909
15904.0,82.5755
15919.0,57.5363
15920.0,63.3452
15935.0,39.9804
15936.0,38.5163
15951.0,89.9083
15952.0,87.3953
15967.0,54.3131
15968.0,55.2567
15983.0,54.6671
15984.0,54.6671
15999.0,47.8623
16000.0,43.922
16015.0,60.5169
16016.0,63.1911
16031.0,28.601
16032.0,26.408
16047.0,29.0684
16048.0,24.6801
16063.0,15.0823
16064.0,12.4722
16079.0,69.9866
16080.0,64.3259
16095.0,66.5822
16096.0,73.7844
16111.0,75.8765
16112.0,77.443
16127.0,69.5684
16128.0,63.7306
16143.0,77.4344
16144.0,70.3903
16159.0,69.6141
16160.0,71.952
16175.0,45.0077
16176.0,43.2235
16191.0,47.5412
16192.0,41.1557
16207.0,87.5664
16208.0,76.914
16223.0,64.9964
16224.0,54.507
16239.0,55.2604
16240.0,77.5675
16255.0,36.4982
16256.0,45.3588
16271.0,32.6984
16272.0,41.6216
16287.0,34.4658
16288.0,21.0565
16303.0,14.4227
16304.0,11.6926
16319.0,36.3509
16320.0,39.9072
16335.0,46.4887
16336.0,41.8131
16351.0,41.3667
16352.0,34.6878
16367.0,27.5171
16368.0,29.7072
16383.0,31.1802
16384.0,23.0235
16399.0,57.7288
16400.0,52.6625
16415.0,64.3233
16416.0,64.1363
16431.0,50.2356
16432.0,44.6755
16447.0,83.768
16448.0,73.2265
16463.0,69.0355
16464.0,72.5789
16479.0,55.0544
16480.0,61.3249
16495.0,62.8782
16496.0,62.0246
16511.0,47.833
16512.0,52.6843
16527.0,63.8508
16528.0,62.3058
16543.0,59.0942
16544.0,62.1321
16559.0,74.7507
16560.0,70.0595
16575.0,52.0093
16576.0,52.3675
16591.0,67.3787
16592.0,56.603
16607.0,30.6942
16608.0,47.6046
16623.0,47.8724
16624.0,40.8
16639.0,34.9053
16640.0,14.1328
16655.0,18.8466
16656.0,23.8031
16671.0,54.9956
16672.0,68.4026
16687.0,93.6302
16688.0,88.8122
16703.0,24.4773
16704.0,32.7528
16719.0,88.5488
16720.0,89.9112
16735.0,92.7669
16736.0,93.2832
16751.0,92.3052
16752.0,91.5046
16767.0,96.4272
16768.0,93.9096
16783.0,85.5958
16784.0,78.3959
16799.0,75.1184
16800.0,59.0951
16815.0,69.5514
16816.0,67.0922
16831.0,58.3203
16832.0,57.6432
16847.0,58.0701
16848.0,57.0688
16863.0,31.5605
16864.0,38.0842
16879.0,49.5848
16880.0,58.4929
16895.0,45.0891
16896.0,44.0421
16911.0,45.5397
16912.0,36.281
16927.0,31.8063
16928.0,30.364
16943.0,63.7738
16944.0,15.0977
16959.0,92.3496
16960.0,86.3968
16975.0,96.4702
16976.0,94.7266
16991.0,54.7263
16992.0,55.2609
17007.0,90.8243
17008.0,94.3752
17023.0,70.9724
17024.0,59.3744
17039.0,88.6292
17040.0,67.2987
17055.0,66.5248
17056.0,65.5167
17071.0,85.2382
17072.0,74.5318
17087.0,88.4826
17088.0,80.1995
17103.0,61.4886
17104.0,53.6075
17119.0,25.8404
17120.0,35.2083
17135.0,38.6719
17136.0,30.4169
17151.0,43.7456
17152.0,36.3991
17167.0,53.8231
17168.0,38.3597
17183.0,78.0422
17184.0,64.3299
17199.0,46.2887
17200.0,51.9085
17215.0,29.2962
17216.0,48.5452
17231.0,44.4353
17232.0,14.4437
17247.0,67.8365
17248.0,76.9615
17263.0,97.3776
17264.0,97.9122
17279.0,76.7287
17280.0,65.6992
17295.0,89.7527
17296.0,88.2373
17311.0,85.8149
17312.0,84.2755
17327.0,45.8528
17328.0,44.7745
17343.0,46.9829
17344.0,50.8085
17359.0,68.3393
17360.0,65.8125
17375.0,63.5149
17376.0,58.0204
17391.0,69.3548
17392.0,70.1358
17407.0,57.6951
17408.0,52.916
17423.0,72.9372
17424.0,67.2532
17439.0,38.6238
17440.0,40.2848
17455.0,48.6664
17456.0,45.7551
17471.0,46.6486
17472.0,43.8516
17487.0,43.0515
17488.0,43.1527
17503.0,39.0378
17504.0,44.1069
17519.0,56.2244
17520.0,51.2176
17535.0,53.6785
17536.0,52.9899
17551.0,48.9943
17552.0,52.3433
17567.0,58.2773
17568.0,53.8472
17583.0,70.5631
17584.0,62.7868
17599.0,80.96
17600.0,76.9317
17615.0,64.9778
17616.0,63.6896
17631.0,74.6392
17632.0,68.5363
17647.0,76.0183
17648.0,73.3989
17663.0,55.8021
17664.0,57.3413
17679.0,75.5678
17680.0,73.2199
17695.0,68.0656
17696.0,68.5267
17711.0,79.803
17712.0,78.8038
17727.0,60.6025
17728.0,57.833
17743.0,66.7696
17744.0,68.3721
17759.0,63.2033
17760.0,63.9271
17775.0,75.8018
17776.0,72.3853
17791.0,54.4626
17792.0,50.714
17807.0,77.4738
17808.0,47.5551
17823.0,83.9258
17824.0,94.0997
17839.0,82.6831
17840.0,73.2656
17855.0,92.5924
17856.0,92.63
17871.0,99.6136
17872.0,99.6599
17887.0,91.386
17888.0,87.5654
17903.0,85.2678
17904.0,87.8454
17919.0,83.3703
17920.0,79.2396
17935.0,95.8831
17936.0,91.6557
17951.0,72.5862
17952.0,69.8972
17967.0,68.6476
17968.0,67.7971
17983.0,67.455
17984.0,76.3388
17999.0,62.0123
18000.0,59.1331
18015.0,74.2625
18016.0,75.2828
18031.0,63.7068
18032.0,63.0664
18047.0,78.3951
18048.0,76.0831
18063.0,80.6183
18064.0,82.2393
18079.0,77.1955
18080.0,78.0678
18095.0,68.1369
18096.0,65.05
18111.0,65.4582
18112.0,60.6684
18127.0,95.1568
18128.0,94.3601
18143.0,90.4685
18144.0,82.9397
18159.0,96.5726
18160.0,99.136
18175.0,74.8581
18176.0,68.7612
18191.0,49.8251
18192.0,56.4137
18207.0,84.0575
18208.0,81.711
18223.0,96.6905
18224.0,94.7816
18239.0,98.0606
18240.0,97.1917
18255.0,89.4547
18256.0,85.8146
18271.0,90.8474
18272.0,88.5923
18287.0,63.4786
18288.0,64.3953
18303.0,58.5822
18304.0,59.5265
18319.0,67.3011
18320.0,66.1465
18335.0,60.9781
18336.0,62.0857
18351.0,62.4828
18352.0,65.2884
18367.0,86.1634
18368.0,79.7714
18383.0,77.4843
18384.0,66.697
18399.0,81.3395
18400.0,78.8149
18415.0,69.8184
18416.0,70.9859
18431.0,75.5728
18432.0,62.642
18447.0,77.8809
18448.0,74.0071
18463.0,40.4943
18464.0,42.8514
18479.0,70.0198
18480.0,64.5603
18495.0,41.2391
18496.0,40.8791
18511.0,72.0378
18512.0,64.2871
18527.0,83.433
18528.0,84.5341
18543.0,63.1774
18544.0,64.2641
18559.0,66.3884
18560.0,63.9595
18575.0,46.793
18576.0,47.1642
18591.0,42.1012
18592.0,51.592
18607.0,17.1819
18608.0,12.4267
18623.0,6.8741
18624.0,10.323
18639.0,14.5866
18640.0,16.0371
18655.0,55.607
18656.0,9.66179
18671.0,63.0001
18672.0,55.1782
18687.0,64.6904
18688.0,69.2926
18703.0,84.9185
18704.0,93.8332
18719.0,73.0154
18720.0,67.8951
18735.0,82.9453
18736.0,80.9452
18751.0,99.7814
18752.0,96.4666
18767.0,67.7174
18768.0,67.904
18783.0,85.4635
18784.0,82.404
18799.0,76.696
18800.0,71.0327
18815.0,84.7963
18816.0,78.2868
18831.0,71.9783
18832.0,72.7972
18847.0,47.1593
18848.0,49.317
18863.0,56.4009
18864.0,55.6564
18879.0,76.5447
18880.0,83.3566
18895.0,57.4639
18896.0,54.1693
18911.0,49.0998
18912.0,62.1782
18927.0,19.3278
18928.0,23.5389
18943.0,70.4528
18944.0,31.3502
18959.0,83.7725
18960.0,80.6191
18975.0,71.7683
18976.0,66.4723
18991.0,87.5292
18992.0,86.4098
19007.0,89.6372
19008.0,94.7714
19023.0,94.5633
19024.0,93.9371
19039.0,66.7365
19040.0,65.0065
19055.0,75.9268
19056.0,72.9209
19071.0,80.0268
19072.0,75.7298
19087.0,56.9255
19088.0,47.4983
19103.0,82.6002
19104.0,78.2352
19119.0,53.9813
19120.0,52.345
19135.0,62.2263
19136.0,61.17
19151.0,40.2219
19152.0,42.5098
19167.0,38.1765
19168.0,50.349
19183.0,38.4021
19184.0,34.2496
19199.0,23.2787
19200.0,19.3347
19215.0,9.0457
19216.0,16.064
19231.0,48.1852
19232.0,9.27861
19247.0,80.5342
19248.0,81.8641
19263.0,81.5061
19264.0,82.0139
19279.0,67.7891
19280.0,79.1093
19295.0,90.7454
19296.0,89.1519
19311.0,81.9842
19312.0,86.9197
19327.0,86.5024
19328.0,75.8684
19343.0,37.5468
19344.0,53.461
19359.0,51.2666
19360.0,51.1792
19375.0,50.7025
19376.0,46.9358
19391.0,67.1821
19392.0,63.5311
19407.0,41.723
19408.0,40.4239
19423.0,41.8498
19424.0,42.0924
19439.0,50.1326
19440.0,48.7217
19455.0,70.1108
19456.0,73.9124
19471.0,48.1007
19472.0,48.7263
19487.0,44.7381
19488.0,43.4919
19503.0,52.6018
19504.0,54.4428
19519.0,58.9227
19520.0,56.8951
19535.0,87.9727
19536.0,98.2221
19551.0,67.6089
19552.0,69.0705
19567.0,93.9399
19568.0,95.1485
19583.0,83.0498
19584.0,80.1735
19599.0,52.967
19600.0,53.0583
19615.0,67.391
19616.0,73.216
19631.0,94.3911
19632.0,84.7115
19647.0,79.9135
19648.0,78.4627
19663.0,78.3553
19664.0,66.3423
19679.0,68.1343
19680.0,65.949
19695.0,72.654
19696.0,59.0481
19711.0,79.5944
19712.0,78.7298
19727.0,82.261
19728.0,78.3409
19743.0,74.5895
19744.0,77.1754
19759.0,56.0359
19760.0,59.5757
19775.0,79.9528
19776.0,82.8092
19791.0,58.938
19792.0,52.1154
19807.0,68.9183
19808.0,67.4049
19823.0,99.9101
19824.0,99.5521
19839.0,89.859
19840.0,82.9615
19855.0,93.9072
19856.0,90.6817
19871.0,97.3716
19872.0,94.4735
19887.0,92.4535
19888.0,91.6769
19903.0,74.0378
19904.0,72.5964
19919.0,70.7677
19920.0,71.7107
19935.0,76.5202
19936.0,87.969
19951.0,81.0998
19952.0,79.1522
19967.0,72.7803
19968.0,65.1408
19983.0,83.3828
19984.0,79.2379
19999.0,68.386
20000.0,70.4536
20015.0,59.3087
20016.0,60.4089
20031.0,58.7598
20032.0,61.4934
20047.0,38.5736
20048.0,47.8763
20063.0,81.1617
20064.0,77.1692
20079.0,51.7089
20080.0,47.6922
20095.0,47.1931
20096.0,55.0363
20111.0,70.6945
20112.0,68.0917
20127.0,86.7844
20128.0,85.4677
20143.0,56.4785
20144.0,59.6379
20159.0,89.1085
20160.0,93.673
20175.0,76.2956
20176.0,82.4749
20191.0,75.0304
20192.0,70.4102
20207.0,52.4988
20208.0,74.0242
20223.0,72.4792
20224.0,67.7398
20239.0,65.7007
20240.0,72.9857
20255.0,58.7129
20256.0,66.55
20271.0,82.9161
20272.0,83.0794
20287.0,80.3901
20288.0,81.983
20303.0,69.0608
20304.0,67.4588
20319.0,50.9127
20320.0,51.9123
20335.0,64.9609
20336.0,56.9656
20351.0,60.2725
20352.0,60.3163
20367.0,50.2243
20368.0,51.3647
20383.0,40.8082
20384.0,44.254
20399.0,74.114
20400.0,65.7439
20415.0,91.9075
20416.0,88.9094
20431.0,86.9014
20432.0,80.1426
20447.0,82.5286
20448.0,77.8698
20463.0,86.3806
20464.0,79.5088
20479.0,50.0286
20480.0,47.9031
20495.0,63.6153
20496.0,66.0975
20511.0,42.4654
20512.0,58.5326
20527.0,65.1212
20528.0,51.9052
20543.0,72.0031
20544.0,72.1529
20559.0,69.1882
20560.0,64.0684
20575.0,63.9626
20576.0,64.3232
20591.0,50.9204
20592.0,56.1125
20607.0,47.2601
20608.0,43.531
20623.0,59.1268
20624.0,54.3908
20639.0,42.3535
20640.0,47.7029
20655.0,43.6741
20656.0,40.4849
20671.0,19.2069
20672.0,21.505
20687.0,48.8244
20688.0,88.4118
20703.0,97.1403
20704.0,95.6052
20719.0,94.3926
20720.0,93.9898
20735.0,75.9015
20736.0,83.5344
20751.0,74.2541
20752.0,73.8388
20767.0,96.4862
20768.0,86.9014
20783.0,85.4482
20784.0,81.3171
20799.0,60.0887
20800.0,61.3197
20815.0,87.8775
20816.0,85.3374
20831.0,74.692
20832.0,74.5394
20847.0,66.0503
20848.0,61.6674
20863.0,38.5777
20864.0,38.3292
20879.0,15.7063
20880.0,18.6545
20895.0,45.1196
20896.0,33.4797
20911.0,20.3895
20912.0,25.9276
20927.0,47.0685
20928.0,41.9557
20943.0,25.2735
20944.0,14.5495
20959.0,67.2938
20960.0,46.7495
20975.0,57.8164
20976.0,50.5966
20991.0,91.6899
20992.0,90.0678
21007.0,66.7426
21008.0,68.8439
21023.0,93.2498
21024.0,93.5252
21039.0,62.7732
21040.0,72.4897
21055.0,69.8211
21056.0,60.6669
21071.0,68.6163
21072.0,72.4442
21087.0,51.6782
21088.0,51.9129
21103.0,58.1427
21104.0,56.4708
21119.0,60.2301
21120.0,56.3338
21135.0,48.0318
21136.0,51.7259
21151.0,50.3661
21152.0,50.7051
21167.0,38.1042
21168.0,24.414
21183.0,21.3746
21184.0,28.8991
21199.0,14.1196
21200.0,28.9059
21215.0,12.3204
21216.0,11.934
21231.0,20.7487
21232.0,37.0146
21247.0,46.8838
21248.0,56.6027
21263.0,78.118
21264.0,63.9174
21279.0,60.2817
21280.0,71.3622
21295.0,77.0024
21296.0,71.0773
21311.0,58.1831
21312.0,59.8072
21327.0,38.0824
21328.0,40.2662
21343.0,55.8522
21344.0,59.0262
21359.0,50.6351
21360.0,46.5931
21375.0,85.3097
21376.0,82.8313
21391.0,61.6348
21392.0,62.9161
21407.0,64.9801
21408.0,64.3511
21423.0,51.1434
21424.0,53.4399
21439.0,37.5708
21440.0,37.7612
21455.0,55.748
21456.0,52.2801
21471.0,39.3391
21472.0,40.1445
21487.0,39.0795
21488.0,51.4841
21503.0,20.2441
21504.0,15.4424
21519.0,33.266
21520.0,50.5991
21535.0,89.1854
21536.0,85.1956
21551.0,62.1002
21552.0,52.9644
21567.0,73.938
21568.0,77.01
21583.0,85.9503
21584.0,72.1429
21599.0,77.4838
21600.0,70.0185
21615.0,76.2832
21616.0,81.2761
21631.0,98.0469
21632.0,98.1357
21647.0,96.0905
21648.0,93.6311
21663.0,92.9328
21664.0,93.3522
21679.0,91.6571
21680.0,90.9209
21695.0,98.45
21696.0,97.9673
21711.0,99.803
21712.0,99.0879
21727.0,81.4725
21728.0,83.5594
21743.0,75.5825
21744.0,75.4777
21759.0,72.689
21760.0,73.2555
21775.0,69.7118
21776.0,72.1005
21791.0,88.3981
21792.0,85.456
21807.0,94.9505
21808.0,98.1178
21823.0,82.4593
21824.0,78.3259
21839.0,99.6385
21840.0,99.9955
21855.0,82.6642
21856.0,89.7725
21871.0,83.4369
21872.0,77.0529
21887.0,72.3936
21888.0,86.8011
21903.0,93.4
21904.0,87.0012
21919.0,78.2102
21920.0,77.326
21935.0,79.504
21936.0,81.0666
21951.0,62.0976
21952.0,62.3648
21967.0,56.6012
21968.0,60.7191
21983.0,78.8715
21984.0,81.2615
21999.0,42.66
22000.0,32.6574
22015.0,62.323
22016.0,58.9895
22031.0,59.8013
22032.0,62.302
22047.0,80.8786
22048.0,64.8129
22063.0,85.8595
22064.0,81.6684
22079.0,72.1959
22080.0,65.1449
22095.0,97.6502
22096.0,97.2291
22111.0,83.1697
22112.0,78.4045
22127.0,63.454
22128.0,62.1894
22143.0,59.4844
22144.0,57.9932
22159.0,66.3264
22160.0,67.0817
22175.0,86.4702
22176.0,81.6289
22191.0,86.9073
22192.0,85.5361
22207.0,73.0156
22208.0,68.3527
22223.0,75.7245
22224.0,67.747
22239.0,62.8532
22240.0,81.6012
22255.0,87.5354
22256.0,82.0226
22271.0,73.2492
22272.0,64.2032
22287.0,64.1069
22288.0,58.4158
22303.0,61.996
22304.0,67.4492
22319.0,59.5359
22320.0,57.5031
22335.0,67.2986
22336.0,68.4588
22351.0,79.2972
22352.0,81.2048
22367.0,64.2816
22368.0,69.0163
22383.0,93.6726
22384.0,96.0864
22399.0,99.5625
22400.0,98.3843
22415.0,89.6728
22416.0,87.9055
22431.0,75.2428
22432.0,85.1761
22447.0,91.3589
22448.0,84.6983
22463.0,70.1953
22464.0,66.7193
22479.0,81.457
22480.0,72.0064
22495.0,76.9559
22496.0,77.6688
22511.0,80.3048
22512.0,77.5681
22527.0,61.9214
22528.0,55.2329
22543.0,70.0538
22544.0,72.0098
22559.0,60.3027
22560.0,53.0035
22575.0,66.7378
22576.0,69.1657
22591.0,78.0742
22592.0,75.7456
22607.0,39.7827
22608.0,37.69
22623.0,87.7782
22624.0,96.4515
22639.0,90.1584
22640.0,84.914
22655.0,96.3638
22656.0,94.1986
22671.0,99.1286
22672.0,93.3455
22687.0,79.9154
22688.0,73.2985
22703.0,77.1334
22704.0,66.7459
22719.0,72.3211
22720.0,68.0285
22735.0,65.993
22736.0,70.1567
22751.0,81.3704
22752.0,80.8251
22767.0,50.3285
22768.0,44.9652
22783.0,56.4434
22784.0,59.4978
22799.0,79.7016
22800.0,81.1625
22815.0,59.5044
22816.0,52.602
22831.0,67.4615
22832.0,65.0201
22847.0,56.6351
22848.0,57.8523
22863.0,49.6344
22864.0,44.6116
22879.0,43.1145
22880.0,49.157
22895.0,41.6566
22896.0,48.5401
22911.0,77.408
22912.0,65.6614
22927.0,67.7289
22928.0,74.646
22943.0,82.9042
22944.0,82.6497
22959.0,89.7603
22960.0,84.4342
22975.0,68.8484
22976.0,68.796
22991.0,70.78
22992.0,75.3467
23007.0,69.863
23008.0,74.9144
23023.0,78.4725
23024.0,83.0202
23039.0,91.6895
23040.0,96.1192
23055.0,83.3816
23056.0,83.5774
23071.0,72.1203
23072.0,68.2002
23087.0,73.5671
23088.0,75.7004
23103.0,68.705
23104.0,66.5668
23119.0,72.7809
23120.0,80.9266
23135.0,56.3513
23136.0,57.9709
23151.0,79.3237
23152.0,72.8188
23167.0,89.7551
23168.0,94.1408
23183.0,95.4479
23184.0,91.074
23199.0,92.294
23200.0,96.0362
23215.0,87.8439
23216.0,91.0856
23231.0,81.1384
23232.0,82.56
23247.0,50.5832
23248.0,39.1581
23263.0,99.3669
23264.0,98.0066
23279.0,90.7069
23280.0,89.1258
23295.0,90.8641
23296.0,88.7801
23311.0,95.5225
23312.0,90.4397
23327.0,98.471
23328.0,98.4295
23343.0,70.1352
23344.0,72.9268
23359.0,83.8082
23360.0,78.9335
23375.0,67.0134
23376.0,64.4673
23391.0,74.0004
23392.0,71.8392
23407.0,74.971
23408.0,61.8621
23423.0,56.1264
23424.0,60.2156
23439.0,64.8316
23440.0,63.9084
23455.0,48.9679
23456.0,51.7761
23471.0,82.0389
23472.0,86.7416
23487.0,94.405
23488.0,90.0485
23503.0,87.4189
23504.0,80.3838
23519.0,59.8121
23520.0,55.626
23535.0,78.792
23536.0,77.5552
23551.0,79.2973
23552.0,70.6008
23567.0,90.1098
23568.0,90.2243
23583.0,89.7341
23584.0,92.5467
23599.0,84.0353
23600.0,81.4107
23615.0,66.504
23616.0,68.436
23631.0,83.3187
23632.0,77.4553
23647.0,96.249
23648.0,96.2473
23663.0,94.6653
23664.0,95.4026
23679.0,93.727
23680.0,94.3085
23695.0,91.5161
23696.0,90.5952
23711.0,77.4289
23712.0,79.1059
23727.0,68.8552
23728.0,61.6465
23743.0,71.3221
23744.0,81.722
23759.0,79.4958
23760.0,77.3326
23775.0,65.1396
23776.0,77.1995
23791.0,73.7592
23792.0,74.3911
23807.0,86.2925
23808.0,79.429
23823.0,74.1217
23824.0,75.9594
23839.0,88.4547
23840.0,87.8132
23855.0,76.2138
23856.0,83.9784
23871.0,87.3385
23872.0,89.28
23887.0,74.0229
23888.0,83.0445
23903.0,59.8357
23904.0,59.67
23919.0,70.1405
23920.0,77.3331
23935.0,58.2985
23936.0,51.3692
23951.0,46.4568
23952.0,51.501
23967.0,50.1845
23968.0,49.8855
23983.0,69.2394
23984.0,69.5074
23999.0,48.7288
24000.0,51.6885
24015.0,74.9414
24016.0,64.7691
24031.0,82.113
24032.0,81.2636
24047.0,87.9781
24048.0,86.8089
24063.0,82.1354
24064.0,78.635
24079.0,78.5903
24080.0,85.7851
24095.0,63.8797
24096.0,58.7309
24111.0,57.8188
24112.0,53.435
24127.0,51.0204
24128.0,47.0892
24143.0,75.6961
24144.0,78.4711
24159.0,60.5864
24160.0,62.6238
24175.0,91.4253
24176.0,96.856
24191.0,64.9595
24192.0,60.2947
24207.0,72.7114
24208.0,68.1366
24223.0,43.537
24224.0,44.775
24239.0,35.5394
24240.0,35.7407
24255.0,46.1992
24256.0,58.8076
24271.0,51.9748
24272.0,51.7186
24287.0,52.7699
24288.0,62.2952
24303.0,54.9363
24304.0,28.4872
24319.0,4.82e-05
24320.0,14.7028
24335.0,91.7984
24336.0,87.9079
24351.0,97.7914
24352.0,98.4984
24367.0,68.845
24368.0,59.0753
24383.0,59.2604
24384.0,38.0275
24399.0,58.0383
24400.0,51.1106
24415.0,39.9691
24416.0,37.1441
24431.0,38.0622
24432.0,37.3271
24447.0,21.4928
24448.0,21.8249
24463.0,30.2418
24464.0,24.5968
24479.0,21.2653
24480.0,22.6456
24495.0,38.8693
24496.0,40.1778
24511.0,54.0578
24512.0,52.8209
24527.0,35.2946
24528.0,30.8877
24543.0,25.9003
24544.0,19.8747
24559.0,8.60799
24560.0,8.8512
24575.0,12.6811
24576.0,12.6811
24591.0,7.42119
24592.0,12.6891
24607.0,63.153
24608.0,53.5798
24623.0,14.1896
24624.0,17.0633
24639.0,60.0279
24640.0,62.1467
24655.0,58.6686
24656.0,55.0368
24671.0,59.5357
24672.0,63.0143
24687.0,47.8775
24688.0,50.5678
24703.0,50.5526
24704.0,53.5452
24719.0,73.5795
24720.0,75.4057
24735.0,9.02782
24736.0,9.85358
24751.0,9.48808
24752.0,9.02369
24767.0,21.8958
24768.0,20.6708
24783.0,6.60255
24784.0,6.28019
24799.0,6.92378
24800.0,5.22627
24815.0,16.6311
24816.0,22.5745
24831.0,22.2825
24832.0,23.5555
24847.0,40.2938
24848.0,36.6184
24863.0,25.7831
24864.0,25.5759
24879.0,25.5788
24880.0,30.655
24895.0,43.8659
24896.0,35.2078
24911.0,38.0221
24912.0,40.265
24927.0,79.21
24928.0,76.2187
24943.0,57.1691
24944.0,53.0534
24959.0,14.7779
24960.0,13.3066
24975.0,57.6275
24976.0,63.568
24991.0,65.2817
24992.0,61.1326
25007.0,63.3243
25008.0,61.6591
25023.0,18.9195
25024.0,32.1388
25039.0,11.649
25040.0,12.1869
25055.0,37.1032
25056.0,25.7782
25071.0,20.3875
25072.0,25.1597
25087.0,7.34993
25088.0,7.10386
25103.0,8.33917
25104.0,10.5251
25119.0,10.5448
25120.0,13.0331
25135.0,15.4342
25136.0,7.22403
25151.0,11.3495
25152.0,11.1487
25167.0,11.7605
25168.0,11.4839
25183.0,46.9408
25184.0,19.8402
25199.0,34.6655
25200.0,28.3637
25215.0,22.5166
25216.0,7.18294
25231.0,18.4477
25232.0,21.8866
25247.0,26.5086
25248.0,20.2205
25263.0,45.176
25264.0,48.0574
25279.0,46.4345
25280.0,41.5192
25295.0,68.1802
25296.0,63.2609
25311.0,6.96578
25312.0,6.00571
25327.0,5.57522
25328.0,6.9526
25343.0,6.78231
25344.0,6.44853
25359.0,4.91374
25360.0,5.35415
25375.0,5.29754
25376.0,4.57412
25391.0,5.35659
25392.0,5.25722
25407.0,5.10212
25408.0,6.68184
25423.0,6.78569
25424.0,7.31773
25439.0,4.74721
25440.0,5.66263
25455.0,18.946
25456.0,30.3293
25471.0,6.35905
25472.0,4.14975
25487.0,4.15358
25488.0,4.99737
25503.0,5.10534
25504.0,7.72528
25519.0,29.137
25520.0,21.9896
25535.0,34.3707
25536.0,43.6025
25551.0,75.9527
25552.0,70.0714
25567.0,97.3155
25568.0,94.8347
25583.0,82.0639
25584.0,80.1378
25599.0,10.5747
25600.0,11.1483
25615.0,2.77542
25616.0,1.84624
25630.0,58.8799
