No,Iws
0.0,1.79
19.0,1.79
20.0,0.89
39.0,35.75
40.0,37.54
59.0,102.8
60.0,105.93
79.0,73.75
80.0,80.9
99.0,213.65
100.0,218.57
119.0,23.7
120.0,26.83
139.0,0.89
140.0,1.79
159.0,24.59
160.0,26.38
179.0,0.89
180.0,3.13
199.0,21.9
200.0,25.92
219.0,8.04
220.0,9.83
239.0,52.31
240.0,60.36
259.0,85.83
260.0,89.85
279.0,88.05
280.0,101.01
299.0,263.74
300.0,270.89
319.0,13.85
320.0,15.64
339.0,14.75
340.0,19.67
359.0,1.78
360.0,2.67
379.0,1.78
380.0,2.23
399.0,4.46
400.0,0.89
419.0,13.41
420.0,15.2
439.0,13.86
440.0,0.89
459.0,25.49
460.0,28.62
479.0,65.7
480.0,75.53
499.0,21.46
500.0,25.48
519.0,124.7
520.0,133.64
539.0,46.95
540.0,55.0
559.0,0.89
560.0,1.79
579.0,172.09
580.0,181.92
599.0,3.13
600.0,0.89
619.0,0.89
620.0,0.89
639.0,24.15
640.0,32.2
659.0,35.76
660.0,44.7
679.0,4.02
680.0,9.83
699.0,0.89
700.0,4.02
719.0,84.46
720.0,87.59
739.0,2.68
740.0,0.89
759.0,16.54
760.0,19.67
779.0,14.75
780.0,16.54
799.0,0.89
800.0,1.34
819.0,1.34
820.0,1.79
839.0,1.79
840.0,4.92
859.0,8.05
860.0,8.94
879.0,22.35
880.0,25.48
899.0,0.89
900.0,1.78
919.0,4.92
920.0,8.05
939.0,0.89
940.0,2.68
959.0,12.07
960.0,16.09
979.0,38.88
980.0,44.69
999.0,7.15
1000.0,4.02
1019.0,3.13
1020.0,3.13
1039.0,21.02
1040.0,24.15
1059.0,6.26
1060.0,10.28
1079.0,11.18
1080.0,4.02
1099.0,2.68
1100.0,0.89
1119.0,8.04
1120.0,12.06
1139.0,74.65
1140.0,86.72
1159.0,0.89
1160.0,1.78
1179.0,4.45
1180.0,4.9
1199.0,3.56
1200.0,4.45
1219.0,4.92
1220.0,1.79
1239.0,47.84
1240.0,51.86
1259.0,26.38
1260.0,31.3
1279.0,3.58
1280.0,0.89
1299.0,1.78
1300.0,1.79
1319.0,0.89
1320.0,1.78
1339.0,45.6
1340.0,47.39
1359.0,8.04
1360.0,12.06
1379.0,1.78
1380.0,2.67
1399.0,9.83
1400.0,13.85
1419.0,18.33
1420.0,20.12
1439.0,80.48
1440.0,82.27
1459.0,72.44
1460.0,0.89
1479.0,18.78
1480.0,20.57
1499.0,12.52
1500.0,14.31
1519.0,71.52
1520.0,81.35
1539.0,49.62
1540.0,55.43
1559.0,18.78
1560.0,21.91
1579.0,1.79
1580.0,0.89
1599.0,2.23
1600.0,1.79
1619.0,112.63
1620.0,119.78
1639.0,0.89
1640.0,1.78
1659.0,1.79
1660.0,0.89
1679.0,11.62
1680.0,16.54
1699.0,2.68
1700.0,0.89
1719.0,29.04
1720.0,33.96
1739.0,16.1
1740.0,20.12
1759.0,22.79
1760.0,26.81
1779.0,2.67
1780.0,0.89
1799.0,3.13
1800.0,3.13
1819.0,0.89
1820.0,0.89
1839.0,3.13
1840.0,3.13
1859.0,0.89
1860.0,1.79
1879.0,23.25
1880.0,35.32
1899.0,1.79
1900.0,3.58
1919.0,3.13
1920.0,1.79
1939.0,92.51
1940.0,97.43
1959.0,40.67
1960.0,46.48
1979.0,14.3
1980.0,19.22
1999.0,12.96
2000.0,21.01
2019.0,0.45
2020.0,0.9
2039.0,7.15
2040.0,10.28
2059.0,12.52
2060.0,17.44
2079.0,8.94
2080.0,13.86
2099.0,11.18
2100.0,14.31
2119.0,13.42
2120.0,14.31
2139.0,2.23
2140.0,0.89
2159.0,53.63
2160.0,63.46
2179.0,208.29
2180.0,211.42
2199.0,83.58
2200.0,92.52
2219.0,12.07
2220.0,16.99
2239.0,4.92
2240.0,1.79
2259.0,0.89
2260.0,1.78
2279.0,1.79
2280.0,0.89
2299.0,0.45
2300.0,3.13
2319.0,33.97
2320.0,42.91
2339.0,134.55
2340.0,138.57
2359.0,16.54
2360.0,22.35
2379.0,11.62
2380.0,5.81
2399.0,55.87
2400.0,59.89
2419.0,1.79
2420.0,3.58
2439.0,84.49
2440.0,98.35
2459.0,229.33
2460.0,239.16
2479.0,4.47
2480.0,3.13
2499.0,63.03
2500.0,66.16
2519.0,0.89
2520.0,1.34
2539.0,32.62
2540.0,38.43
2559.0,98.34
2560.0,101.47
2579.0,1.79
2580.0,2.68
2599.0,10.29
2600.0,4.92
2619.0,1.79
2620.0,3.58
2639.0,13.86
2640.0,16.99
2659.0,1.79
2660.0,4.92
2679.0,42.92
2680.0,0.89
2699.0,3.13
2700.0,7.15
2719.0,0.45
2720.0,1.79
2739.0,98.36
2740.0,101.49
2759.0,14.76
2760.0,4.02
2779.0,27.28
2780.0,34.43
2799.0,155.57
2800.0,164.51
2819.0,304.0
2820.0,315.18
2839.0,20.12
2840.0,28.17
2859.0,182.39
2860.0,187.31
2879.0,39.35
2880.0,0.89
2899.0,42.9
2900.0,48.71
2919.0,7.15
2920.0,16.09
2939.0,7.15
2940.0,8.94
2959.0,1.79
2960.0,0.89
2979.0,59.45
2980.0,63.47
2999.0,134.1
3000.0,143.04
3019.0,97.87
3020.0,4.92
3039.0,47.83
3040.0,57.66
3059.0,1.79
3060.0,4.92
3079.0,35.77
3080.0,47.84
3099.0,1.79
3100.0,3.58
3119.0,146.16
3120.0,154.21
3139.0,1.79
3140.0,2.68
3159.0,8.05
3160.0,12.97
3179.0,2.68
3180.0,4.47
3199.0,9.39
3200.0,12.52
3219.0,2.68
3220.0,4.47
3239.0,25.92
3240.0,27.71
3259.0,90.3
3260.0,93.43
3279.0,1.79
3280.0,3.13
3299.0,45.59
3300.0,48.72
3319.0,0.89
3320.0,1.79
3339.0,1.79
3340.0,0.89
3359.0,46.93
3360.0,50.06
3379.0,27.72
3380.0,29.51
3399.0,6.26
3400.0,12.07
3419.0,12.97
3420.0,0.89
3439.0,1.79
3440.0,9.84
3459.0,9.84
3460.0,13.86
3479.0,1.79
3480.0,1.79
3499.0,52.31
3500.0,57.23
3519.0,4.92
3520.0,8.05
3539.0,15.2
3540.0,1.79
3559.0,2.67
3560.0,3.56
3579.0,16.98
3580.0,24.13
3599.0,7.15
3600.0,8.94
3619.0,15.19
3620.0,0.89
3639.0,3.13
3640.0,3.13
3659.0,8.5
3660.0,0.89
3679.0,0.89
3680.0,1.78
3699.0,30.4
3700.0,0.89
3719.0,34.41
3720.0,36.2
3739.0,21.0
3740.0,22.79
3759.0,17.88
3760.0,21.9
3779.0,4.92
3780.0,3.13
3799.0,1.79
3800.0,3.58
3819.0,1.78
3820.0,2.67
3839.0,0.89
3840.0,1.79
3859.0,18.33
3860.0,20.12
3879.0,4.92
3880.0,6.71
3899.0,1.78
3900.0,3.57
3919.0,22.8
3920.0,25.93
3939.0,1.79
3940.0,4.92
3959.0,31.74
3960.0,34.87
3979.0,0.89
3980.0,1.79
3999.0,14.76
4000.0,19.68
4019.0,3.58
4020.0,1.79
4039.0,4.92
4040.0,8.05
4059.0,0.89
4060.0,0.89
4079.0,2.67
4080.0,3.56
4099.0,16.54
4100.0,21.46
4119.0,1.79
4120.0,4.02
4139.0,11.62
4140.0,13.41
4159.0,1.78
4160.0,2.67
4179.0,21.02
4180.0,22.81
4199.0,0.89
4200.0,1.79
4219.0,19.22
4220.0,22.35
4239.0,3.13
4240.0,6.26
4259.0,2.68
4260.0,1.79
4279.0,8.05
4280.0,9.84
4299.0,45.6
4300.0,0.45
4319.0,4.02
4320.0,7.15
4339.0,15.65
4340.0,17.44
4359.0,11.17
4360.0,3.13
4379.0,2.68
4380.0,4.47
4399.0,1.78
4400.0,2.67
4419.0,1.79
4420.0,0.89
4439.0,27.28
4440.0,0.89
4459.0,38.01
4460.0,39.8
4479.0,7.15
4480.0,12.96
4499.0,12.52
4500.0,15.65
4519.0,2.23
4520.0,1.79
4539.0,40.23
4540.0,1.79
4559.0,0.89
4560.0,1.79
4579.0,11.18
4580.0,14.31
4599.0,0.89
4600.0,1.79
4619.0,0.89
4620.0,1.79
4639.0,3.13
4640.0,6.26
4659.0,1.79
4660.0,2.68
4679.0,1.78
4680.0,2.67
4699.0,9.39
4700.0,11.18
4719.0,10.73
4720.0,14.75
4739.0,7.16
4740.0,8.95
4759.0,1.79
4760.0,0.89
4779.0,46.94
4780.0,48.73
4799.0,1.79
4800.0,0.45
4819.0,25.92
4820.0,29.05
4839.0,12.07
4840.0,16.09
4859.0,1.79
4860.0,1.79
4879.0,2.67
4880.0,3.12
4899.0,51.42
4900.0,53.21
4919.0,37.55
4920.0,41.57
4939.0,31.74
4940.0,34.87
4959.0,9.84
4960.0,12.97
4979.0,7.15
4980.0,11.17
4999.0,76.91
5000.0,80.04
5019.0,43.81
5020.0,45.6
5039.0,4.02
5040.0,8.94
5059.0,0.89
5060.0,1.78
5079.0,35.75
5080.0,41.56
5099.0,0.89
5100.0,2.68
5119.0,1.78
5120.0,2.67
5139.0,29.07
5140.0,30.86
5159.0,1.78
5160.0,0.89
5179.0,38.89
5180.0,42.91
5199.0,79.58
5200.0,85.39
5219.0,7.15
5220.0,3.13
5239.0,0.89
5240.0,1.79
5259.0,0.45
5260.0,1.34
5279.0,0.89
5280.0,1.79
5299.0,21.02
5300.0,0.89
5319.0,8.05
5320.0,11.18
5339.0,23.71
5340.0,27.73
5359.0,0.45
5360.0,1.79
5379.0,11.63
5380.0,13.42
5399.0,3.13
5400.0,6.26
5419.0,85.83
5420.0,90.75
5439.0,0.89
5440.0,1.79
5459.0,1.78
5460.0,3.57
5479.0,2.67
5480.0,3.13
5499.0,76.01
5500.0,79.14
5519.0,10.28
5520.0,14.3
5539.0,0.89
5540.0,0.89
5559.0,5.37
5560.0,9.39
5579.0,16.99
5580.0,21.91
5599.0,3.13
5600.0,4.92
5619.0,0.89
5620.0,1.78
5639.0,19.68
5640.0,22.81
5659.0,42.47
5660.0,47.39
5679.0,3.58
5680.0,5.37
5699.0,4.02
5700.0,4.02
5719.0,38.0
5720.0,41.13
5739.0,1.79
5740.0,3.58
5759.0,21.46
5760.0,23.25
5779.0,25.48
5780.0,28.61
5799.0,3.13
5800.0,6.26
5819.0,6.71
5820.0,9.84
5839.0,1.78
5840.0,3.13
5859.0,2.68
5860.0,5.81
5879.0,0.89
5880.0,0.89
5899.0,0.89
5900.0,1.34
5919.0,3.13
5920.0,6.26
5939.0,7.12
5940.0,8.91
5959.0,1.79
5960.0,0.89
5979.0,1.78
5980.0,0.89
5999.0,2.67
6000.0,3.12
6019.0,19.23
6020.0,0.89
6039.0,12.07
6040.0,16.99
6059.0,18.77
6060.0,23.69
6079.0,4.92
6080.0,6.71
6099.0,1.78
6100.0,2.67
6119.0,1.79
6120.0,0.89
6139.0,16.98
6140.0,21.0
6159.0,5.37
6160.0,9.39
6179.0,3.58
6180.0,7.6
6199.0,68.85
6200.0,70.64
6219.0,139.49
6220.0,142.62
6239.0,4.47
6240.0,7.6
6259.0,0.89
6260.0,1.78
6279.0,4.92
6280.0,8.05
6299.0,8.95
6300.0,10.74
6319.0,4.02
6320.0,3.13
6339.0,12.97
6340.0,16.1
6359.0,0.89
6360.0,0.89
6379.0,20.56
6380.0,24.58
6399.0,4.92
6400.0,8.94
6419.0,3.58
6420.0,6.71
6439.0,1.79
6440.0,0.89
6459.0,4.92
6460.0,8.05
6479.0,118.94
6480.0,123.86
6499.0,11.18
6500.0,12.07
6519.0,6.26
6520.0,10.28
6539.0,1.79
6540.0,0.89
6559.0,2.68
6560.0,1.79
6579.0,0.89
6580.0,1.79
6599.0,118.02
6600.0,122.04
6619.0,261.96
6620.0,269.11
6639.0,4.92
6640.0,8.05
6659.0,3.58
6660.0,0.89
6679.0,2.68
6680.0,4.47
6699.0,1.78
6700.0,0.89
6719.0,0.89
6720.0,0.89
6739.0,1.78
6740.0,0.89
6759.0,5.37
6760.0,0.89
6779.0,1.79
6780.0,3.58
6799.0,50.51
6800.0,3.13
6819.0,0.89
6820.0,1.34
6839.0,1.78
6840.0,2.67
6859.0,0.89
6860.0,0.89
6879.0,61.68
6880.0,69.73
6899.0,147.51
6900.0,4.92
6919.0,1.79
6920.0,5.81
6939.0,73.29
6940.0,76.42
6959.0,0.45
6960.0,0.89
6979.0,0.89
6980.0,1.79
6999.0,1.79
7000.0,0.89
7019.0,1.79
7020.0,0.89
7039.0,0.89
7040.0,0.89
7059.0,1.34
7060.0,0.89
7079.0,4.92
7080.0,6.71
7099.0,0.89
7100.0,1.78
7119.0,56.33
7120.0,61.25
7139.0,82.7
7140.0,90.75
7159.0,21.47
7160.0,1.79
7179.0,2.23
7180.0,0.89
7199.0,0.89
7200.0,3.13
7219.0,14.3
7220.0,17.43
7239.0,29.51
7240.0,32.64
7259.0,7.15
7260.0,8.94
7279.0,18.79
7280.0,21.92
7299.0,19.23
7300.0,22.36
7319.0,12.06
7320.0,1.79
7339.0,20.56
7340.0,24.58
7359.0,3.13
7360.0,3.13
7379.0,1.79
7380.0,1.79
7399.0,9.39
7400.0,12.52
7419.0,3.58
7420.0,5.37
7439.0,2.68
7440.0,3.57
7459.0,128.74
7460.0,133.66
7479.0,47.39
7480.0,55.44
7499.0,1.79
7500.0,1.79
7519.0,12.51
7520.0,14.3
7539.0,1.79
7540.0,0.89
7559.0,130.93
7560.0,132.72
7579.0,16.99
7580.0,25.93
7599.0,152.01
7600.0,155.14
7619.0,193.17
7620.0,194.96
7639.0,228.97
7640.0,230.76
7659.0,264.77
7660.0,266.56
7679.0,300.57
7680.0,302.36
7699.0,0.89
7700.0,1.78
7719.0,6.71
7720.0,7.6
7739.0,1.78
7740.0,1.79
7759.0,12.07
7760.0,15.2
7779.0,4.92
7780.0,6.71
7799.0,0.89
7800.0,1.79
7819.0,7.6
7820.0,0.89
7839.0,7.6
7840.0,0.89
7859.0,45.15
7860.0,56.33
7879.0,1.79
7880.0,1.79
7899.0,8.49
7900.0,0.89
7919.0,13.86
7920.0,27.72
7939.0,6.26
7940.0,8.05
7959.0,1.79
7960.0,3.58
7979.0,3.58
7980.0,6.71
7999.0,1.78
8000.0,2.67
8019.0,3.56
8020.0,4.01
8039.0,12.07
8040.0,15.2
8059.0,3.13
8060.0,4.02
8079.0,1.79
8080.0,1.79
8099.0,1.79
8100.0,1.79
8119.0,25.48
8120.0,28.61
8139.0,134.97
8140.0,147.93
8159.0,14.75
8160.0,17.88
8179.0,30.84
8180.0,35.76
8199.0,6.26
8200.0,11.18
8219.0,1.79
8220.0,3.58
8239.0,0.89
8240.0,5.81
8259.0,1.79
8260.0,3.58
8279.0,0.89
8280.0,0.89
8299.0,0.45
8300.0,1.34
8319.0,110.85
8320.0,115.77
8339.0,39.33
8340.0,45.14
8359.0,184.16
8360.0,191.31
8379.0,33.98
8380.0,39.79
8399.0,3.13
8400.0,7.15
8419.0,0.89
8420.0,0.89
8439.0,0.89
8440.0,1.78
8459.0,43.36
8460.0,50.51
8479.0,0.89
8480.0,1.78
8499.0,0.89
8500.0,1.78
8519.0,6.23
8520.0,7.12
8539.0,8.94
8540.0,13.86
8559.0,114.45
8560.0,3.13
8579.0,19.21
8580.0,23.23
8599.0,32.63
8600.0,0.89
8619.0,4.02
8620.0,8.94
8639.0,2.67
8640.0,3.13
8659.0,73.76
8660.0,86.72
8679.0,204.28
8680.0,208.3
8699.0,9.83
8700.0,19.66
8719.0,182.39
8720.0,190.44
8739.0,384.91
8740.0,392.96
8759.0,565.49
8760.0,570.41
8779.0,54.99
8780.0,58.12
8799.0,3.57
8800.0,4.46
8819.0,0.89
8820.0,0.89
8839.0,0.89
8840.0,1.79
8859.0,104.15
8860.0,113.09
8879.0,274.9
8880.0,282.95
8899.0,412.58
8900.0,417.5
8919.0,1.79
8920.0,4.92
8939.0,46.05
8940.0,54.99
8959.0,256.13
8960.0,260.15
8979.0,391.12
8980.0,398.27
8999.0,0.89
9000.0,1.78
9019.0,106.85
9020.0,0.89
9039.0,7.15
9040.0,10.28
9059.0,1.78
9060.0,2.67
9079.0,56.77
9080.0,63.92
9099.0,214.57
9100.0,224.4
9119.0,3.13
9120.0,6.26
9139.0,0.89
9140.0,1.78
9159.0,80.9
9160.0,88.95
9179.0,34.42
9180.0,42.47
9199.0,1.79
9200.0,1.79
9219.0,14.75
9220.0,3.13
9239.0,4.02
9240.0,1.79
9259.0,4.92
9260.0,3.13
9279.0,24.14
9280.0,32.19
9299.0,163.18
9300.0,172.12
9319.0,8.05
9320.0,11.18
9339.0,6.71
9340.0,9.84
9359.0,1.79
9360.0,3.58
9379.0,3.57
9380.0,0.89
9399.0,6.26
9400.0,9.39
9419.0,16.99
9420.0,24.14
9439.0,125.18
9440.0,128.31
9459.0,99.69
9460.0,104.61
9479.0,1.79
9480.0,4.92
9499.0,64.36
9500.0,68.38
9519.0,22.35
9520.0,28.16
9539.0,24.58
9540.0,28.6
9559.0,133.21
9560.0,3.13
9579.0,1.79
9580.0,4.92
9599.0,25.03
9600.0,25.92
9619.0,4.92
9620.0,6.71
9639.0,3.58
9640.0,4.02
9659.0,1.79
9660.0,1.79
9679.0,16.99
9680.0,20.12
9699.0,1.79
9700.0,0.89
9719.0,44.25
9720.0,47.38
9739.0,0.89
9740.0,0.89
9759.0,80.47
9760.0,91.65
9779.0,6.26
9780.0,8.05
9799.0,4.47
9800.0,6.26
9819.0,26.37
9820.0,28.16
9839.0,2.68
9840.0,3.57
9859.0,3.58
9860.0,4.47
9879.0,4.92
9880.0,0.89
9899.0,0.89
9900.0,3.13
9919.0,7.6
9920.0,9.39
9939.0,4.92
9940.0,6.71
9959.0,0.89
9960.0,0.89
9979.0,0.89
9980.0,1.78
9999.0,0.89
10000.0,1.79
10019.0,1.79
10020.0,0.89
10039.0,4.47
10040.0,7.6
10059.0,28.16
10060.0,32.18
10079.0,20.12
10080.0,21.91
10099.0,21.91
10100.0,25.93
10119.0,3.56
10120.0,4.45
10139.0,25.03
10140.0,32.18
10159.0,12.97
10160.0,16.99
10179.0,6.26
10180.0,8.05
10199.0,108.63
10200.0,115.78
10219.0,50.51
10220.0,55.43
10239.0,172.09
10240.0,179.24
10259.0,0.89
10260.0,1.79
10279.0,58.11
10280.0,61.24
10299.0,21.46
10300.0,31.29
10319.0,27.72
10320.0,30.85
10339.0,104.16
10340.0,108.18
10359.0,3.13
10360.0,4.92
10379.0,6.71
10380.0,12.52
10399.0,0.89
10400.0,1.78
10419.0,4.92
10420.0,0.89
10439.0,0.89
10440.0,1.78
10459.0,16.54
10460.0,0.89
10479.0,48.72
10480.0,57.66
10499.0,62.14
10500.0,71.97
10519.0,233.8
10520.0,242.74
10539.0,1.79
10540.0,4.02
10559.0,1.78
10560.0,0.89
10579.0,1.79
10580.0,2.68
10599.0,50.07
10600.0,63.03
10619.0,5.37
10620.0,7.16
10639.0,1.79
10640.0,0.89
10659.0,3.13
10660.0,6.26
10679.0,150.64
10680.0,159.58
10699.0,79.13
10700.0,80.92
10719.0,5.81
10720.0,9.83
10739.0,126.5
10740.0,134.55
10759.0,11.17
10760.0,16.98
10779.0,1.79
10780.0,1.79
10799.0,27.72
10800.0,32.64
10819.0,7.6
10820.0,10.73
10839.0,5.37
10840.0,7.16
10859.0,1.79
10860.0,1.79
10879.0,0.89
10880.0,1.78
10899.0,0.89
10900.0,0.89
10919.0,6.26
10920.0,10.28
10939.0,3.13
10940.0,7.15
10959.0,13.42
10960.0,15.21
10979.0,29.05
10980.0,32.18
10999.0,5.35
11000.0,7.14
11019.0,60.78
11020.0,62.57
11039.0,77.34
11040.0,80.47
11059.0,52.3
11060.0,54.09
11079.0,72.86
11080.0,84.04
11099.0,14.3
11100.0,21.45
11119.0,0.89
11120.0,1.79
11139.0,52.31
11140.0,59.46
11159.0,53.18
11160.0,56.31
11179.0,22.8
11180.0,27.72
11199.0,16.09
11200.0,23.24
11219.0,1.79
11220.0,5.81
11239.0,3.58
11240.0,6.71
11259.0,4.92
11260.0,10.73
11279.0,17.88
11280.0,19.67
11299.0,57.22
11300.0,63.03
11319.0,117.1
11320.0,130.06
11339.0,8.05
11340.0,15.2
11359.0,1.79
11360.0,3.58
11379.0,0.89
11380.0,1.78
11399.0,3.58
11400.0,5.37
11419.0,49.17
11420.0,50.96
11439.0,16.1
11440.0,5.81
11459.0,14.75
11460.0,4.92
11479.0,107.73
11480.0,115.78
11499.0,2.67
11500.0,3.56
11519.0,37.55
11520.0,40.68
11539.0,28.16
11540.0,0.89
11559.0,4.02
11560.0,11.17
11579.0,1.79
11580.0,3.58
11599.0,1.79
11600.0,1.79
11619.0,3.58
11620.0,6.71
11639.0,132.31
11640.0,139.46
11659.0,3.13
11660.0,7.15
11679.0,83.15
11680.0,94.33
11699.0,1.79
11700.0,1.79
11719.0,48.73
11720.0,51.86
11739.0,3.12
11740.0,1.79
11759.0,0.89
11760.0,1.78
11779.0,89.85
11780.0,0.89
11799.0,4.02
11800.0,7.15
11819.0,13.4
11820.0,17.42
11839.0,10.73
11840.0,14.75
11859.0,0.89
11860.0,1.78
11879.0,42.47
11880.0,45.6
11899.0,66.6
11900.0,77.78
11919.0,224.84
11920.0,233.78
11939.0,46.04
11940.0,59.9
11959.0,4.02
11960.0,7.15
11979.0,0.89
11980.0,1.78
11999.0,31.3
12000.0,33.09
12019.0,40.67
12020.0,44.69
12039.0,25.04
12040.0,28.17
12059.0,3.13
12060.0,6.26
12079.0,104.59
12080.0,110.4
12099.0,11.18
12100.0,19.23
12119.0,14.31
12120.0,16.1
12139.0,8.05
12140.0,15.2
12159.0,29.95
12160.0,39.78
12179.0,3.13
12180.0,6.26
12199.0,86.27
12200.0,88.06
12219.0,171.66
12220.0,174.79
12239.0,4.92
12240.0,8.05
12259.0,1.79
12260.0,0.45
12279.0,11.17
12280.0,15.19
12299.0,12.97
12300.0,16.1
12319.0,6.26
12320.0,9.39
12339.0,8.5
12340.0,1.79
12359.0,8.04
12360.0,0.89
12379.0,137.24
12380.0,142.16
12399.0,5.81
12400.0,3.13
12419.0,3.58
12420.0,1.79
12439.0,28.16
12440.0,8.94
12459.0,0.89
12460.0,0.45
12479.0,1.79
12480.0,3.58
12499.0,49.17
12500.0,53.19
12519.0,3.13
12520.0,6.26
12539.0,0.89
12540.0,3.13
12559.0,1.78
12560.0,3.13
12579.0,1.79
12580.0,0.89
12599.0,36.66
12600.0,38.45
12619.0,7.15
12620.0,12.96
12639.0,5.81
12640.0,12.96
12659.0,15.2
12660.0,18.33
12679.0,1.79
12680.0,3.58
12699.0,0.89
12700.0,1.78
12719.0,12.07
12720.0,1.79
12739.0,5.81
12740.0,4.02
12759.0,11.18
12760.0,14.31
12779.0,4.46
12780.0,6.25
12799.0,0.45
12800.0,1.34
12819.0,44.26
12820.0,0.89
12839.0,33.96
12840.0,34.85
12859.0,25.93
12860.0,27.72
12879.0,23.69
12880.0,29.5
12899.0,11.18
12900.0,0.89
12919.0,9.84
12920.0,12.97
12939.0,5.81
12940.0,10.73
12959.0,3.13
12960.0,4.92
12979.0,1.79
12980.0,0.89
12999.0,0.89
13000.0,1.79
13019.0,4.02
13020.0,1.79
13039.0,1.79
13040.0,0.89
13059.0,1.78
13060.0,2.23
13079.0,3.13
13080.0,6.26
13099.0,1.79
13100.0,3.58
13119.0,1.79
13120.0,0.89
13139.0,5.81
13140.0,0.89
13159.0,8.94
13160.0,12.96
13179.0,0.89
13180.0,0.89
13199.0,29.05
13200.0,33.07
13219.0,7.16
13220.0,0.89
13239.0,9.84
13240.0,13.86
13259.0,24.14
13260.0,29.95
13279.0,0.89
13280.0,1.78
13299.0,0.89
13300.0,0.89
13319.0,23.24
13320.0,0.89
13339.0,20.12
13340.0,21.01
13359.0,12.96
13360.0,16.98
13379.0,16.1
13380.0,1.79
13399.0,31.3
13400.0,33.09
13419.0,1.78
13420.0,0.89
13439.0,16.99
13440.0,18.78
13459.0,25.93
13460.0,27.72
13479.0,9.39
13480.0,12.52
13499.0,0.89
13500.0,2.68
13519.0,14.76
13520.0,16.55
13539.0,1.79
13540.0,0.89
13559.0,1.78
13560.0,2.67
13579.0,21.46
13580.0,0.89
13599.0,8.04
13600.0,13.85
13619.0,63.04
13620.0,64.83
13639.0,2.67
13640.0,1.79
13659.0,21.02
13660.0,22.81
13679.0,4.92
13680.0,0.89
13699.0,3.58
13700.0,4.47
13719.0,4.92
13720.0,8.94
13739.0,3.58
13740.0,6.71
13759.0,53.19
13760.0,54.98
13779.0,1.79
13780.0,0.89
13799.0,30.4
13800.0,1.79
13819.0,10.73
13820.0,13.86
13839.0,6.26
13840.0,1.79
13859.0,3.58
13860.0,5.37
13879.0,3.58
13880.0,0.89
13899.0,72.86
13900.0,0.89
13919.0,46.94
13920.0,50.07
13939.0,23.69
13940.0,25.48
13959.0,17.44
13960.0,21.46
13979.0,16.09
13980.0,20.11
13999.0,0.89
14000.0,1.79
14019.0,1.79
14020.0,0.89
14039.0,18.34
14040.0,20.13
14059.0,17.88
14060.0,0.89
14079.0,4.92
14080.0,6.71
14099.0,1.78
14100.0,1.79
14119.0,0.89
14120.0,0.89
14139.0,9.84
14140.0,11.63
14159.0,56.8
14160.0,58.59
14179.0,3.13
14180.0,6.26
14199.0,0.89
14200.0,1.79
14219.0,30.39
14220.0,4.02
14239.0,0.89
14240.0,1.78
14259.0,0.89
14260.0,0.89
14279.0,40.24
14280.0,43.37
14299.0,30.39
14300.0,34.41
14319.0,9.84
14320.0,13.86
14339.0,1.79
14340.0,1.79
14359.0,1.79
14360.0,0.89
14379.0,2.67
14380.0,0.89
14399.0,6.71
14400.0,8.5
14419.0,21.91
14420.0,1.79
14439.0,6.71
14440.0,10.73
14459.0,13.85
14460.0,16.98
14479.0,1.79
14480.0,3.58
14499.0,1.34
14500.0,1.79
14519.0,2.67
14520.0,0.89
14539.0,19.68
14540.0,21.47
14559.0,1.79
14560.0,4.92
14579.0,1.79
14580.0,2.68
14599.0,17.88
14600.0,21.01
14619.0,0.89
14620.0,1.78
14639.0,22.35
14640.0,0.89
14659.0,39.78
14660.0,42.91
14679.0,1.79
14680.0,3.58
14699.0,5.37
14700.0,10.29
14719.0,0.89
14720.0,1.79
14739.0,47.85
14740.0,49.64
14759.0,1.79
14760.0,2.68
14779.0,0.89
14780.0,0.89
14799.0,4.92
14800.0,1.79
14819.0,31.74
14820.0,34.87
14839.0,1.79
14840.0,3.58
14859.0,0.89
14860.0,1.78
14879.0,32.2
14880.0,33.99
14899.0,31.31
14900.0,33.1
14919.0,15.2
14920.0,1.79
14939.0,1.79
14940.0,1.79
14959.0,2.67
14960.0,4.02
14979.0,3.13
14980.0,3.13
14999.0,3.13
15000.0,4.92
15019.0,12.07
15020.0,16.09
15039.0,1.79
15040.0,3.13
15059.0,28.61
15060.0,30.4
15079.0,14.76
15080.0,18.78
15099.0,8.05
15100.0,12.07
15119.0,0.89
15120.0,1.79
15139.0,0.89
15140.0,3.13
15159.0,8.05
15160.0,12.07
15179.0,2.67
15180.0,1.79
15199.0,2.67
15200.0,0.89
15219.0,0.89
15220.0,0.89
15239.0,0.89
15240.0,1.79
15259.0,0.89
15260.0,0.89
15279.0,90.75
15280.0,95.67
15299.0,3.13
15300.0,3.13
15319.0,8.95
15320.0,10.74
15339.0,3.13
15340.0,1.79
15359.0,1.79
15360.0,0.89
15379.0,21.9
15380.0,23.69
15399.0,6.26
15400.0,10.28
15419.0,1.79
15420.0,4.92
15439.0,1.78
15440.0,4.02
15459.0,1.78
15460.0,0.89
15479.0,1.78
15480.0,2.67
15499.0,0.89
15500.0,1.78
15519.0,5.81
15520.0,8.94
15539.0,1.79
15540.0,3.58
15559.0,0.89
15560.0,2.68
15579.0,3.57
15580.0,4.46
15599.0,5.37
15600.0,7.16
15619.0,3.13
15620.0,3.13
15639.0,69.74
15640.0,73.76
15659.0,71.52
15660.0,80.46
15679.0,0.89
15680.0,3.13
15699.0,0.89
15700.0,3.13
15719.0,0.89
15720.0,2.68
15739.0,0.89
15740.0,1.34
15759.0,12.52
15760.0,15.65
15779.0,3.58
15780.0,5.37
15799.0,1.79
15800.0,3.58
15819.0,0.89
15820.0,2.68
15839.0,0.89
15840.0,0.89
15859.0,27.72
15860.0,31.74
15879.0,1.79
15880.0,4.92
15899.0,2.68
15900.0,1.79
15919.0,0.89
15920.0,0.89
15939.0,2.23
15940.0,0.89
15959.0,2.67
15960.0,3.12
15979.0,0.89
15980.0,1.78
15999.0,11.63
16000.0,16.55
16019.0,2.67
16020.0,1.79
16039.0,0.89
16040.0,1.78
16059.0,0.89
16060.0,0.89
16079.0,31.28
16080.0,34.41
16099.0,0.89
16100.0,1.34
16119.0,1.79
16120.0,0.89
16139.0,0.89
16140.0,1.79
16159.0,54.09
16160.0,55.88
16179.0,0.89
16180.0,1.79
16199.0,4.02
16200.0,0.89
16219.0,9.84
16220.0,0.89
16239.0,3.13
16240.0,1.79
16259.0,5.81
16260.0,8.94
16279.0,16.1
16280.0,20.12
16299.0,2.68
16300.0,0.89
16319.0,5.34
16320.0,1.79
16339.0,3.13
16340.0,4.02
16359.0,1.79
16360.0,3.58
16379.0,1.79
16380.0,3.58
16399.0,1.79
16400.0,3.58
16419.0,6.26
16420.0,8.05
16439.0,9.84
16440.0,11.63
16459.0,13.42
16460.0,17.44
16479.0,1.79
16480.0,6.71
16499.0,77.8
16500.0,88.98
16519.0,5.37
16520.0,8.5
16539.0,3.58
16540.0,6.71
16559.0,1.79
16560.0,0.89
16579.0,80.46
16580.0,98.34
16599.0,261.04
16600.0,266.85
16619.0,0.89
16620.0,2.68
16639.0,20.11
16640.0,21.9
16659.0,5.81
16660.0,7.6
16679.0,1.79
16680.0,3.58
16699.0,0.89
16700.0,0.89
16719.0,14.75
16720.0,19.67
16739.0,6.71
16740.0,8.5
16759.0,7.6
16760.0,4.02
16779.0,0.45
16780.0,1.79
16799.0,2.68
16800.0,4.47
16819.0,0.89
16820.0,0.89
16839.0,3.58
16840.0,0.89
16859.0,2.67
16860.0,3.56
16879.0,1.79
16880.0,0.45
16899.0,6.26
16900.0,8.05
16919.0,0.89
16920.0,1.78
16939.0,84.94
16940.0,93.88
16959.0,50.95
16960.0,60.78
16979.0,8.94
16980.0,17.88
16999.0,136.34
17000.0,140.36
17019.0,2.67
17020.0,3.56
17039.0,1.79
17040.0,2.68
17059.0,12.97
17060.0,16.1
17079.0,3.56
17080.0,0.89
17099.0,107.75
17100.0,114.9
17119.0,9.84
17120.0,13.86
17139.0,177.47
17140.0,184.62
17159.0,0.89
17160.0,1.78
17179.0,0.45
17180.0,1.34
17199.0,1.79
17200.0,1.79
17219.0,12.07
17220.0,1.79
17239.0,19.23
17240.0,23.25
17259.0,0.89
17260.0,4.02
17279.0,3.13
17280.0,3.13
17299.0,1.79
17300.0,3.58
17319.0,32.19
17320.0,38.0
17339.0,4.92
17340.0,9.84
17359.0,12.52
17360.0,0.89
17379.0,0.45
17380.0,1.79
17399.0,6.24
17400.0,0.89
17419.0,0.89
17420.0,0.89
17439.0,9.83
17440.0,11.62
17459.0,21.91
17460.0,25.93
17479.0,2.23
17480.0,0.89
17499.0,15.2
17500.0,18.33
17519.0,0.89
17520.0,0.89
17539.0,2.68
17540.0,0.89
17559.0,29.06
17560.0,40.24
17579.0,202.51
17580.0,211.45
17599.0,1.79
17600.0,4.92
17619.0,3.12
17620.0,3.13
17639.0,1.79
17640.0,4.92
17659.0,27.28
17660.0,29.07
17679.0,3.58
17680.0,5.37
17699.0,3.58
17700.0,0.89
17719.0,11.17
17720.0,12.96
17739.0,1.79
17740.0,3.58
17759.0,3.13
17760.0,7.15
17779.0,28.16
17780.0,31.29
17799.0,6.26
17800.0,8.05
17819.0,45.6
17820.0,47.39
17839.0,3.58
17840.0,6.71
17859.0,5.81
17860.0,7.6
17879.0,0.89
17880.0,0.89
17899.0,2.68
17900.0,0.89
17919.0,2.67
17920.0,0.89
17939.0,24.59
17940.0,0.89
17959.0,8.49
17960.0,11.62
17979.0,12.96
17980.0,17.88
17999.0,125.61
18000.0,131.42
18019.0,1.79
18020.0,5.81
18039.0,22.8
18040.0,4.92
18059.0,8.05
18060.0,16.1
18079.0,33.08
18080.0,37.1
18099.0,0.45
18100.0,1.79
18119.0,0.89
18120.0,1.79
18139.0,1.34
18140.0,2.23
18159.0,6.26
18160.0,9.39
18179.0,1.78
18180.0,1.79
18199.0,14.3
18200.0,3.13
18219.0,24.14
18220.0,25.93
18239.0,7.14
18240.0,0.45
18259.0,61.24
18260.0,65.26
18279.0,14.3
18280.0,16.09
18299.0,62.58
18300.0,69.73
18319.0,20.12
18320.0,24.14
18339.0,3.13
18340.0,6.26
18359.0,2.68
18360.0,4.47
18379.0,13.85
18380.0,14.74
18399.0,137.23
18400.0,153.32
18419.0,21.45
18420.0,30.39
18439.0,136.34
18440.0,1.79
18459.0,0.9
18460.0,0.89
18479.0,17.44
18480.0,28.62
18499.0,27.72
18500.0,32.64
18519.0,7.15
18520.0,8.94
18539.0,1.79
18540.0,1.79
18559.0,9.39
18560.0,11.18
18579.0,7.15
18580.0,11.17
18599.0,3.13
18600.0,4.92
18619.0,1.79
18620.0,1.79
18639.0,88.07
18640.0,95.22
18659.0,223.97
18660.0,235.15
18679.0,16.09
18680.0,21.01
18699.0,1.79
18700.0,0.89
18719.0,2.67
18720.0,3.56
18739.0,8.94
18740.0,10.73
18759.0,6.71
18760.0,9.84
18779.0,3.13
18780.0,1.79
18799.0,14.76
18800.0,19.68
18819.0,32.19
18820.0,33.98
18839.0,12.97
18840.0,17.89
18859.0,3.13
18860.0,6.26
18879.0,5.37
18880.0,3.13
18899.0,11.62
18900.0,13.41
18919.0,1.34
18920.0,0.89
18939.0,0.89
18940.0,0.89
18959.0,0.89
18960.0,1.79
18979.0,1.78
18980.0,0.89
18999.0,3.58
19000.0,0.89
19019.0,29.5
19020.0,32.63
19039.0,0.89
19040.0,0.89
19059.0,0.45
19060.0,1.79
19079.0,8.94
19080.0,14.75
19099.0,170.78
19100.0,174.8
19119.0,58.56
19120.0,68.39
19139.0,4.92
19140.0,8.94
19159.0,0.89
19160.0,0.89
19179.0,0.45
19180.0,1.79
19199.0,158.24
19200.0,165.39
19219.0,9.84
19220.0,12.97
19239.0,7.15
19240.0,11.17
19259.0,1.79
19260.0,3.13
19279.0,27.72
19280.0,31.74
19299.0,0.89
19300.0,0.89
19319.0,8.05
19320.0,11.18
19339.0,14.76
19340.0,16.55
19359.0,33.08
19360.0,38.0
19379.0,48.73
19380.0,0.89
19399.0,1.78
19400.0,2.67
19419.0,0.89
19420.0,1.34
19439.0,38.44
19440.0,42.46
19459.0,1.79
19460.0,3.13
19479.0,8.04
19480.0,12.06
19499.0,25.93
19500.0,38.0
19519.0,51.85
19520.0,57.66
19539.0,3.58
19540.0,5.37
19559.0,0.89
19560.0,1.79
19579.0,11.17
19580.0,0.89
19599.0,52.76
19600.0,58.57
19619.0,10.73
19620.0,15.65
19639.0,1.78
19640.0,4.92
19659.0,181.04
19660.0,190.87
19679.0,3.13
19680.0,7.15
19699.0,21.01
19700.0,24.14
19719.0,35.76
19720.0,42.91
19739.0,1.79
19740.0,3.58
19759.0,4.02
19760.0,1.79
19779.0,10.29
19780.0,0.89
19799.0,8.94
19800.0,12.07
19819.0,163.16
19820.0,171.21
19839.0,4.02
19840.0,4.02
19859.0,4.47
19860.0,6.26
19879.0,33.53
19880.0,41.58
19899.0,22.36
19900.0,25.49
19919.0,62.6
19920.0,64.39
19939.0,92.1
19940.0,5.81
19959.0,63.48
19960.0,71.53
19979.0,58.57
19980.0,64.38
19999.0,4.01
20000.0,1.79
20019.0,0.89
20020.0,1.34
20039.0,76.44
20040.0,81.36
20059.0,25.49
20060.0,30.41
20079.0,7.6
20080.0,12.52
20099.0,1.79
20100.0,5.81
20119.0,84.49
20120.0,87.62
20139.0,1.79
20140.0,0.89
20159.0,1.79
20160.0,3.58
20179.0,48.27
20180.0,0.89
20199.0,0.89
20200.0,1.78
20219.0,1.78
20220.0,1.79
20239.0,11.63
20240.0,13.42
20259.0,1.79
20260.0,3.58
20279.0,70.18
20280.0,74.2
20299.0,196.22
20300.0,198.01
20319.0,8.05
20320.0,12.07
20339.0,33.08
20340.0,49.17
20359.0,1.78
20360.0,3.13
20379.0,1.79
20380.0,0.89
20399.0,27.27
20400.0,30.4
20419.0,0.89
20420.0,1.78
20439.0,26.38
20440.0,31.3
20459.0,1.79
20460.0,3.13
20479.0,8.94
20480.0,12.07
20499.0,0.89
20500.0,0.89
20519.0,1.79
20520.0,0.89
20539.0,18.33
20540.0,22.35
20559.0,19.22
20560.0,23.24
20579.0,4.02
20580.0,8.04
20599.0,3.58
20600.0,5.37
20619.0,0.89
20620.0,1.78
20639.0,0.89
20640.0,0.45
20659.0,23.7
20660.0,25.49
20679.0,4.92
20680.0,8.05
20699.0,3.58
20700.0,1.79
20719.0,67.03
20720.0,71.05
20739.0,1.78
20740.0,2.67
20759.0,69.71
20760.0,73.73
20779.0,99.25
20780.0,100.14
20799.0,117.99
20800.0,127.82
20819.0,3.13
20820.0,7.15
20839.0,1.78
20840.0,1.79
20859.0,1.79
20860.0,3.58
20879.0,9.84
20880.0,14.76
20899.0,35.77
20900.0,0.45
20919.0,0.89
20920.0,3.13
20939.0,4.02
20940.0,7.15
20959.0,3.13
20960.0,7.15
20979.0,1.79
20980.0,3.13
20999.0,0.89
21000.0,1.78
21019.0,9.83
21020.0,15.64
21039.0,20.13
21040.0,27.28
21059.0,14.75
21060.0,19.67
21079.0,1.79
21080.0,4.92
21099.0,8.95
21100.0,12.08
21119.0,12.06
21120.0,15.19
21139.0,1.79
21140.0,0.89
21159.0,18.78
21160.0,23.7
21179.0,5.37
21180.0,1.79
21199.0,1.79
21200.0,3.58
21219.0,65.74
21220.0,66.63
21239.0,2.23
21240.0,3.12
21259.0,34.42
21260.0,37.55
21279.0,3.13
21280.0,7.15
21299.0,1.79
21300.0,3.58
21319.0,1.79
21320.0,0.89
21339.0,8.94
21340.0,1.79
21359.0,49.61
21360.0,51.4
21379.0,0.89
21380.0,3.13
21399.0,8.05
21400.0,16.1
21419.0,4.92
21420.0,8.05
21439.0,9.39
21440.0,13.41
21459.0,0.89
21460.0,0.89
21479.0,22.35
21480.0,27.27
21499.0,3.13
21500.0,6.26
21519.0,4.92
21520.0,8.05
21539.0,0.89
21540.0,2.68
21559.0,1.79
21560.0,1.79
21579.0,8.5
21580.0,10.29
21599.0,18.77
21600.0,20.56
21619.0,25.04
21620.0,26.83
21639.0,7.15
21640.0,12.07
21659.0,6.71
21660.0,8.5
21679.0,0.89
21680.0,3.13
21699.0,2.68
21700.0,1.79
21719.0,0.89
21720.0,1.79
21739.0,8.05
21740.0,0.89
21759.0,19.22
21760.0,22.35
21779.0,8.5
21780.0,10.29
21799.0,1.79
21800.0,3.58
21819.0,29.96
21820.0,31.75
21839.0,0.89
21840.0,2.68
21859.0,8.95
21860.0,10.74
21879.0,2.67
21880.0,3.13
21899.0,18.34
21900.0,21.47
21919.0,1.34
21920.0,1.79
21939.0,4.92
21940.0,5.81
21959.0,25.49
21960.0,28.62
21979.0,22.8
21980.0,26.82
21999.0,6.71
22000.0,10.73
22019.0,0.89
22020.0,1.78
22039.0,0.89
22040.0,1.78
22059.0,3.56
22060.0,0.89
22079.0,26.38
22080.0,29.51
22099.0,25.93
22100.0,29.95
22119.0,10.28
22120.0,16.09
22139.0,0.89
22140.0,3.13
22159.0,10.29
22160.0,3.13
22179.0,1.79
22180.0,3.58
22199.0,0.89
22200.0,1.78
22219.0,9.84
22220.0,11.63
22239.0,4.47
22240.0,1.79
22259.0,1.79
22260.0,4.92
22279.0,15.65
22280.0,18.78
22299.0,83.15
22300.0,84.94
22319.0,30.86
22320.0,32.65
22339.0,29.98
22340.0,0.89
22359.0,16.1
22360.0,19.23
22379.0,62.17
22380.0,63.96
22399.0,3.13
22400.0,3.13
22419.0,3.13
22420.0,7.15
22439.0,28.61
22440.0,30.4
22459.0,6.26
22460.0,8.05
22479.0,27.28
22480.0,29.07
22499.0,12.07
22500.0,16.09
22519.0,3.57
22520.0,0.89
22539.0,1.79
22540.0,3.58
22559.0,4.92
22560.0,8.94
22579.0,0.89
22580.0,0.89
22599.0,0.89
22600.0,1.79
22619.0,4.92
22620.0,8.05
22639.0,4.91
22640.0,9.83
22659.0,3.13
22660.0,7.15
22679.0,4.47
22680.0,7.6
22699.0,21.91
22700.0,25.93
22719.0,6.26
22720.0,9.39
22739.0,1.79
22740.0,1.79
22759.0,1.79
22760.0,0.89
22779.0,1.78
22780.0,0.89
22799.0,1.79
22800.0,4.92
22819.0,0.89
22820.0,1.79
22839.0,1.79
22840.0,5.81
22859.0,1.79
22860.0,0.89
22879.0,1.79
22880.0,1.79
22899.0,39.79
22900.0,41.58
22919.0,0.89
22920.0,1.78
22939.0,15.65
22940.0,0.89
22959.0,26.82
22960.0,31.74
22979.0,3.58
22980.0,3.13
22999.0,0.89
23000.0,1.78
23019.0,54.09
23020.0,58.11
23039.0,51.41
23040.0,55.43
23059.0,0.89
23060.0,1.78
23079.0,1.79
23080.0,5.81
23099.0,0.89
23100.0,1.79
23119.0,30.41
23120.0,33.54
23139.0,1.79
23140.0,3.58
23159.0,1.79
23160.0,3.58
23179.0,25.93
23180.0,27.72
23199.0,15.19
23200.0,19.21
23219.0,4.45
23220.0,1.79
23239.0,4.45
23240.0,1.79
23259.0,1.79
23260.0,3.58
23279.0,30.86
23280.0,32.65
23299.0,7.15
23300.0,8.94
23319.0,3.13
23320.0,6.26
23339.0,3.56
23340.0,1.79
23359.0,0.89
23360.0,1.79
23379.0,5.37
23380.0,0.89
23399.0,1.79
23400.0,4.92
23419.0,4.92
23420.0,8.05
23439.0,33.07
23440.0,42.01
23459.0,29.06
23460.0,33.08
23479.0,0.89
23480.0,1.79
23499.0,1.79
23500.0,2.68
23519.0,1.78
23520.0,3.13
23539.0,0.89
23540.0,1.79
23559.0,3.13
23560.0,6.26
23579.0,2.67
23580.0,3.56
23599.0,1.79
23600.0,3.58
23619.0,1.79
23620.0,3.58
23639.0,3.13
23640.0,0.89
23659.0,25.48
23660.0,27.27
23679.0,4.02
23680.0,8.04
23699.0,1.79
23700.0,3.58
23719.0,17.43
23720.0,21.45
23739.0,0.89
23740.0,0.89
23759.0,0.89
23760.0,0.89
23779.0,5.81
23780.0,10.73
23799.0,3.13
23800.0,6.26
23819.0,1.79
23820.0,3.13
23839.0,1.79
23840.0,3.13
23859.0,0.89
23860.0,0.89
23879.0,37.56
23880.0,0.89
23899.0,10.29
23900.0,0.89
23919.0,3.13
23920.0,6.26
23939.0,0.89
23940.0,3.13
23959.0,20.56
23960.0,22.35
23979.0,3.13
23980.0,1.79
23999.0,1.78
24000.0,0.89
24019.0,10.28
24020.0,15.2
24039.0,192.68
24040.0,204.75
24059.0,7.15
24060.0,11.17
24079.0,11.18
24080.0,14.31
24099.0,0.89
24100.0,1.79
24119.0,0.89
24120.0,0.89
24139.0,0.89
24140.0,0.89
24159.0,3.13
24160.0,4.92
24179.0,9.83
24180.0,17.88
24199.0,7.15
24200.0,10.28
24219.0,3.58
24220.0,4.47
24239.0,0.89
24240.0,0.89
24259.0,0.89
24260.0,0.89
24279.0,5.37
24280.0,9.39
24299.0,20.11
24300.0,31.29
24319.0,3.12
24320.0,1.79
24339.0,1.78
24340.0,2.67
24359.0,1.79
24360.0,0.89
24379.0,17.8
24380.0,18.69
24399.0,35.6
24400.0,36.49
24419.0,53.4
24420.0,54.29
24439.0,71.2
24440.0,72.09
24459.0,0.89
24460.0,1.34
24479.0,113.57
24480.0,117.59
24499.0,12.96
24500.0,16.98
24519.0,0.89
24520.0,1.79
24539.0,1.79
24540.0,0.89
24559.0,12.97
24560.0,16.1
24579.0,0.89
24580.0,1.78
24599.0,3.58
24600.0,6.71
24619.0,0.89
24620.0,0.89
24639.0,7.15
24640.0,10.28
24659.0,1.78
24660.0,4.91
24679.0,1.78
24680.0,3.13
24699.0,1.79
24700.0,0.89
24719.0,12.52
24720.0,15.65
24739.0,53.64
24740.0,60.79
24759.0,11.17
24760.0,15.19
24779.0,1.79
24780.0,0.89
24799.0,3.12
24800.0,1.79
24819.0,1.78
24820.0,1.79
24839.0,1.79
24840.0,2.68
24859.0,0.89
24860.0,2.68
24879.0,6.71
24880.0,0.89
24899.0,12.06
24900.0,13.85
24919.0,138.14
24920.0,139.93
24939.0,299.08
24940.0,308.91
24959.0,446.58
24960.0,450.6
24979.0,3.58
24980.0,0.89
24999.0,52.76
25000.0,58.57
25019.0,0.89
25020.0,1.78
25039.0,0.89
25040.0,1.34
25059.0,0.89
25060.0,1.78
25079.0,54.98
25080.0,63.92
25099.0,248.07
25100.0,255.22
25119.0,36.2
25120.0,45.14
25139.0,181.91
25140.0,190.85
25159.0,11.17
25160.0,15.19
25179.0,1.34
25180.0,0.89
25199.0,0.89
25200.0,1.78
25219.0,35.75
25220.0,40.67
25239.0,1.79
25240.0,3.58
25259.0,1.78
25260.0,2.67
25279.0,4.02
25280.0,0.89
25299.0,4.47
25300.0,5.36
25319.0,0.89
25320.0,1.78
25339.0,1.78
25340.0,0.89
25359.0,21.91
25360.0,29.96
25379.0,9.39
25380.0,12.52
25399.0,0.89
25400.0,1.79
25419.0,4.47
25420.0,6.26
25439.0,9.83
25440.0,12.96
25459.0,7.15
25460.0,11.17
25479.0,3.58
25480.0,0.89
25499.0,130.09
25500.0,139.03
25519.0,1.78
25520.0,1.79
25539.0,12.07
25540.0,16.99
25559.0,2.67
25560.0,1.79
25579.0,31.75
25580.0,33.54
25599.0,1.79
25600.0,3.58
25619.0,51.86
25620.0,59.01
25639.0,2.67
25640.0,0.89
25659.0,4.02
25660.0,11.17
25679.0,0.89
25680.0,1.78
25699.0,0.89
25700.0,0.45
25719.0,8.94
25720.0,16.09
25739.0,161.81
25740.0,167.62
25759.0,305.29
25760.0,309.31
25779.0,12.52
25780.0,15.65
25799.0,1.79
25800.0,2.68
25819.0,7.15
25820.0,8.94
25839.0,46.51
25840.0,0.89
25859.0,15.66
25860.0,18.79
25879.0,80.49
25880.0,85.41
25899.0,7.15
25900.0,0.89
25919.0,3.58
25920.0,0.89
25939.0,0.89
25940.0,0.89
25959.0,93.88
25960.0,99.69
25979.0,3.13
25980.0,6.26
25999.0,3.57
26000.0,4.46
26019.0,19.68
26020.0,21.47
26039.0,0.89
26040.0,0.89
26059.0,41.57
26060.0,46.49
26079.0,17.88
26080.0,26.82
26099.0,192.66
26100.0,199.81
26119.0,5.81
26120.0,7.6
26139.0,70.62
26140.0,79.56
26159.0,0.89
26160.0,0.89
26179.0,1.78
26180.0,0.89
26199.0,2.67
26200.0,0.89
26219.0,34.86
26220.0,36.65
26239.0,42.46
26240.0,49.61
26259.0,26.37
26260.0,32.18
26279.0,0.89
26280.0,1.78
26299.0,0.89
26300.0,0.89
26319.0,63.04
26320.0,71.09
26339.0,223.09
26340.0,234.27
26359.0,9.84
26360.0,1.79
26379.0,20.13
26380.0,23.26
26399.0,1.79
26400.0,2.68
26419.0,1.79
26420.0,4.92
26439.0,3.13
26440.0,6.26
26459.0,0.89
26460.0,3.13
26479.0,6.71
26480.0,1.79
26499.0,11.17
26500.0,14.3
26519.0,0.89
26520.0,0.89
26539.0,10.73
26540.0,12.52
26559.0,2.67
26560.0,3.56
26579.0,0.89
26580.0,1.79
26599.0,6.26
26600.0,9.39
26619.0,4.92
26620.0,9.84
26639.0,34.86
26640.0,37.99
26659.0,0.89
26660.0,1.34
26679.0,6.26
26680.0,8.05
26699.0,20.11
26700.0,23.24
26719.0,2.68
26720.0,4.47
26739.0,0.89
26740.0,0.45
26759.0,9.39
26760.0,12.52
26779.0,1.78
26780.0,0.89
26799.0,14.31
26800.0,0.89
26819.0,3.13
26820.0,1.79
26839.0,0.89
26840.0,0.89
26859.0,33.97
26860.0,39.78
26879.0,0.45
26880.0,3.13
26899.0,0.89
26900.0,1.78
26919.0,3.58
26920.0,3.13
26939.0,0.89
26940.0,1.79
26959.0,0.89
26960.0,1.79
26979.0,0.9
26980.0,1.79
26999.0,23.71
27000.0,25.5
27019.0,0.89
27020.0,4.02
27039.0,1.79
27040.0,0.89
27059.0,7.15
27060.0,12.07
27079.0,14.31
27080.0,18.33
27099.0,1.79
27100.0,0.89
27119.0,12.97
27120.0,16.1
27139.0,6.7
27140.0,9.83
27159.0,1.79
27160.0,1.79
27179.0,0.89
27180.0,5.81
27199.0,4.92
27200.0,4.02
27219.0,3.13
27220.0,4.92
27239.0,3.58
27240.0,5.37
27259.0,1.79
27260.0,3.58
27279.0,49.64
27280.0,3.13
27299.0,0.89
27300.0,1.78
27319.0,0.89
27320.0,1.79
27339.0,1.78
27340.0,0.89
27359.0,1.79
27360.0,5.81
27379.0,3.56
27380.0,3.13
27399.0,13.86
27400.0,19.67
27419.0,1.79
27420.0,0.89
27439.0,0.89
27440.0,4.91
27459.0,18.33
27460.0,4.02
27479.0,27.71
27480.0,34.86
27499.0,30.85
27500.0,32.64
27519.0,2.68
27520.0,3.13
27539.0,1.79
27540.0,3.58
27559.0,23.69
27560.0,28.61
27579.0,0.89
27580.0,2.68
27599.0,3.58
27600.0,0.89
27619.0,0.89
27620.0,1.78
27639.0,3.13
27640.0,6.26
27659.0,50.08
27660.0,53.21
27679.0,4.91
27680.0,9.83
27699.0,10.73
27700.0,12.52
27719.0,134.99
27720.0,148.85
27739.0,1.79
27740.0,6.71
27759.0,5.37
27760.0,7.16
27779.0,16.98
27780.0,0.89
27799.0,1.78
27800.0,4.02
27819.0,0.89
27820.0,2.68
27839.0,1.78
27840.0,3.13
27859.0,7.13
27860.0,8.02
27879.0,3.13
27880.0,1.79
27899.0,4.92
27900.0,8.94
27919.0,4.92
27920.0,8.05
27939.0,0.89
27940.0,0.89
27959.0,60.36
27960.0,62.15
27979.0,36.67
27980.0,37.56
27999.0,8.94
28000.0,0.89
28019.0,17.88
28020.0,21.9
28039.0,0.89
28040.0,0.89
28059.0,0.89
28060.0,2.68
28079.0,1.79
28080.0,4.92
28099.0,25.92
28100.0,29.05
28119.0,6.71
28120.0,9.84
28139.0,4.92
28140.0,8.94
28159.0,12.51
28160.0,1.79
28179.0,0.89
28180.0,1.79
28199.0,32.18
28200.0,35.31
28219.0,11.18
28220.0,1.79
28239.0,25.48
28240.0,31.29
28259.0,1.79
28260.0,1.79
28279.0,1.79
28280.0,6.71
28299.0,16.09
28300.0,19.22
28319.0,22.36
28320.0,25.49
28339.0,0.89
28340.0,1.79
28359.0,16.09
28360.0,25.03
28379.0,0.89
28380.0,4.92
28399.0,1.79
28400.0,3.13
28419.0,0.45
28420.0,0.9
28439.0,51.41
28440.0,53.2
28459.0,3.13
28460.0,4.92
28479.0,8.05
28480.0,5.81
28499.0,3.58
28500.0,4.02
28519.0,1.79
28520.0,3.58
28539.0,76.45
28540.0,79.58
28559.0,45.59
28560.0,49.61
28579.0,93.88
28580.0,98.8
28599.0,1.79
28600.0,3.13
28619.0,66.6
28620.0,71.52
28639.0,45.59
28640.0,56.77
28659.0,247.21
28660.0,251.23
28679.0,51.85
28680.0,56.77
28699.0,194.45
28700.0,197.58
28719.0,305.76
28720.0,313.81
28739.0,3.58
28740.0,0.89
28759.0,3.58
28760.0,1.79
28779.0,1.79
28780.0,3.13
28799.0,49.17
28800.0,52.3
28819.0,47.38
28820.0,52.3
28839.0,4.47
28840.0,6.26
28859.0,27.27
28860.0,31.29
28879.0,11.17
28880.0,16.98
28899.0,15.65
28900.0,18.78
28919.0,48.71
28920.0,51.84
28939.0,27.27
28940.0,31.29
28959.0,25.48
28960.0,31.29
28979.0,3.13
28980.0,7.15
28999.0,29.95
29000.0,31.74
29019.0,2.68
29020.0,4.47
29039.0,25.92
29040.0,31.73
29059.0,170.74
29060.0,173.87
29079.0,12.96
29080.0,16.98
29099.0,11.17
29100.0,14.3
29119.0,0.89
29120.0,1.79
29139.0,0.89
29140.0,1.79
29159.0,106.4
29160.0,110.42
29179.0,0.89
29180.0,1.78
29199.0,3.13
29200.0,7.15
29219.0,3.13
29220.0,4.92
29239.0,1.79
29240.0,3.58
29259.0,39.78
29260.0,42.91
29279.0,59.44
29280.0,61.23
29299.0,22.34
29300.0,25.47
29319.0,8.04
29320.0,12.96
29339.0,1.79
29340.0,4.92
29359.0,0.89
29360.0,3.13
29379.0,5.37
29380.0,7.16
29399.0,0.89
29400.0,3.13
29419.0,1.79
29420.0,5.81
29439.0,33.97
29440.0,42.02
29459.0,1.79
29460.0,1.79
29479.0,7.16
29480.0,8.95
29499.0,12.97
29500.0,20.12
29519.0,3.58
29520.0,0.89
29539.0,26.82
29540.0,29.95
29559.0,12.97
29560.0,16.99
29579.0,10.29
29580.0,0.89
29599.0,3.13
29600.0,7.15
29619.0,12.07
29620.0,15.2
29639.0,4.02
29640.0,0.89
29659.0,74.66
29660.0,78.68
29679.0,13.86
29680.0,0.89
29699.0,7.6
29700.0,11.62
29719.0,3.58
29720.0,1.79
29739.0,3.57
29740.0,5.36
29759.0,1.78
29760.0,0.89
29779.0,25.03
29780.0,28.16
29799.0,12.07
29800.0,16.09
29819.0,1.79
29820.0,1.79
29839.0,1.79
29840.0,1.79
29859.0,36.65
29860.0,45.59
29879.0,27.72
29880.0,0.89
29899.0,55.88
29900.0,63.03
29919.0,35.31
29920.0,41.12
29939.0,1.79
29940.0,1.79
29959.0,7.15
29960.0,10.28
29979.0,1.34
29980.0,1.79
29999.0,0.89
30000.0,1.79
30019.0,3.13
30020.0,1.79
30039.0,17.89
30040.0,19.68
30059.0,1.79
30060.0,0.89
30079.0,6.71
30080.0,11.63
30099.0,0.89
30100.0,1.78
30119.0,0.89
30120.0,0.89
30139.0,61.69
30140.0,65.71
30159.0,6.25
30160.0,4.02
30179.0,6.26
30180.0,9.39
30199.0,0.89
30200.0,1.79
30219.0,0.89
30220.0,0.89
30239.0,11.17
30240.0,14.3
30259.0,80.03
30260.0,84.95
30279.0,1.79
30280.0,3.58
30299.0,20.57
30300.0,22.36
30319.0,6.71
30320.0,4.02
30339.0,0.89
30340.0,1.79
30359.0,4.92
30360.0,6.71
30379.0,4.47
30380.0,7.6
30399.0,3.58
30400.0,6.71
30419.0,3.13
30420.0,6.26
30439.0,1.78
30440.0,1.79
30459.0,3.56
30460.0,4.45
30479.0,30.39
30480.0,33.52
30499.0,37.54
30500.0,5.81
30519.0,3.13
30520.0,4.92
30539.0,6.71
30540.0,8.5
30559.0,3.13
30560.0,6.26
30579.0,0.89
30580.0,0.89
30599.0,1.79
30600.0,3.13
30619.0,3.58
30620.0,0.89
30639.0,26.82
30640.0,28.61
30659.0,0.89
30660.0,0.89
30679.0,32.63
30680.0,34.42
30699.0,1.79
30700.0,2.68
30719.0,0.89
30720.0,3.13
30739.0,4.02
30740.0,3.13
30759.0,3.13
30760.0,6.26
30779.0,3.13
30780.0,8.94
30799.0,0.45
30800.0,3.13
30819.0,1.78
30820.0,1.79
30839.0,0.89
30840.0,1.79
30859.0,0.89
30860.0,1.78
30879.0,15.2
30880.0,20.12
30899.0,63.93
30900.0,1.79
30919.0,0.89
30920.0,1.79
30939.0,0.89
30940.0,0.89
30959.0,36.22
30960.0,38.01
30979.0,14.75
30980.0,3.13
30999.0,42.02
31000.0,45.15
31019.0,24.58
31020.0,30.39
31039.0,1.79
31040.0,0.89
31059.0,51.4
31060.0,53.19
31079.0,1.78
31080.0,3.13
31099.0,16.99
31100.0,18.78
31119.0,1.79
31120.0,2.68
31139.0,1.79
31140.0,1.79
31159.0,3.58
31160.0,5.37
31179.0,4.02
31180.0,8.04
31199.0,36.66
31200.0,38.45
31219.0,42.46
31220.0,44.25
31239.0,7.15
31240.0,12.07
31259.0,6.26
31260.0,8.05
31279.0,4.47
31280.0,0.89
31299.0,0.89
31300.0,3.13
31319.0,0.89
31320.0,1.79
31339.0,4.47
31340.0,6.26
31359.0,3.13
31360.0,6.26
31379.0,1.79
31380.0,3.58
31399.0,1.79
31400.0,1.79
31419.0,1.79
31420.0,0.89
31439.0,3.13
31440.0,1.79
31459.0,29.51
31460.0,32.64
31479.0,13.42
31480.0,16.55
31499.0,3.58
31500.0,1.79
31519.0,0.89
31520.0,1.78
31539.0,3.13
31540.0,0.89
31559.0,51.85
31560.0,53.64
31579.0,22.8
31580.0,0.89
31599.0,1.79
31600.0,3.13
31619.0,2.67
31620.0,1.79
31639.0,3.58
31640.0,5.37
31659.0,16.99
31660.0,18.78
31679.0,2.68
31680.0,3.57
31699.0,21.01
31700.0,21.9
31719.0,15.2
31720.0,20.12
31739.0,1.79
31740.0,3.58
31759.0,1.78
31760.0,1.79
31779.0,0.45
31780.0,1.79
31799.0,1.79
31800.0,0.89
31819.0,4.02
31820.0,7.15
31839.0,1.79
31840.0,0.89
31859.0,7.16
31860.0,10.29
31879.0,0.89
31880.0,1.78
31899.0,0.89
31900.0,0.89
31919.0,0.45
31920.0,1.79
31939.0,1.78
31940.0,2.67
31959.0,6.26
31960.0,3.13
31979.0,1.78
31980.0,1.79
31999.0,10.28
32000.0,4.02
32019.0,60.81
32020.0,63.94
32039.0,32.18
32040.0,36.2
32059.0,7.12
32060.0,1.79
32079.0,98.79
32080.0,109.97
32099.0,27.72
32100.0,31.74
32119.0,11.63
32120.0,15.65
32139.0,1.79
32140.0,0.89
32159.0,1.79
32160.0,0.89
32179.0,12.08
32180.0,12.97
32199.0,3.58
32200.0,3.13
32219.0,1.79
32220.0,4.92
32239.0,34.42
32240.0,3.13
32259.0,2.67
32260.0,0.89
32279.0,1.78
32280.0,1.79
32299.0,0.89
32300.0,1.79
32319.0,0.89
32320.0,1.78
32339.0,1.79
32340.0,3.58
32359.0,2.23
32360.0,1.79
32379.0,1.79
32380.0,0.89
32399.0,38.01
32400.0,38.9
32419.0,1.79
32420.0,4.92
32439.0,29.08
32440.0,0.89
32459.0,1.79
32460.0,1.79
32479.0,4.02
32480.0,7.15
32499.0,2.67
32500.0,3.56
32519.0,0.89
32520.0,0.89
32539.0,1.79
32540.0,0.89
32559.0,3.13
32560.0,4.92
32579.0,0.89
32580.0,1.78
32599.0,21.45
32600.0,24.58
32619.0,0.89
32620.0,0.89
32639.0,0.89
32640.0,3.13
32659.0,0.89
32660.0,0.89
32679.0,75.09
32680.0,80.01
32699.0,18.32
32700.0,21.45
32719.0,0.89
32720.0,1.79
32739.0,3.58
32740.0,6.71
32759.0,0.89
32760.0,1.78
32779.0,19.23
32780.0,21.02
32799.0,3.13
32800.0,4.92
32819.0,21.46
32820.0,24.59
32839.0,2.68
32840.0,3.57
32859.0,2.67
32860.0,0.89
32879.0,0.89
32880.0,1.79
32899.0,15.19
32900.0,0.89
32919.0,22.34
32920.0,24.13
32939.0,0.89
32940.0,1.79
32959.0,0.89
32960.0,0.89
32979.0,1.79
32980.0,2.68
32999.0,0.89
33000.0,2.68
33019.0,1.79
33020.0,3.58
33039.0,17.43
33040.0,20.56
33059.0,0.89
33060.0,1.79
33079.0,0.89
33080.0,3.13
33099.0,0.89
33100.0,1.79
33119.0,0.89
33120.0,1.78
33139.0,3.56
33140.0,4.45
33159.0,1.79
33160.0,3.58
33179.0,32.18
33180.0,39.33
33199.0,1.79
33200.0,3.58
33219.0,0.89
33220.0,4.02
33239.0,0.89
33240.0,0.89
33259.0,29.06
33260.0,29.95
33279.0,9.84
33280.0,10.73
33299.0,42.47
33300.0,50.52
33319.0,3.13
33320.0,4.92
33339.0,4.46
33340.0,4.91
33359.0,0.89
33360.0,0.89
33379.0,7.6
33380.0,0.89
33399.0,58.57
33400.0,65.72
33419.0,10.73
33420.0,17.88
33439.0,101.03
33440.0,105.95
33459.0,14.31
33460.0,17.44
33479.0,0.89
33480.0,1.78
33499.0,1.34
33500.0,0.89
33519.0,1.79
33520.0,3.58
33539.0,9.84
33540.0,12.97
33559.0,0.89
33560.0,1.79
33579.0,1.79
33580.0,3.58
33599.0,0.89
33600.0,0.89
33619.0,0.89
33620.0,1.78
33639.0,9.84
33640.0,12.97
33659.0,35.76
33660.0,43.81
33679.0,0.89
33680.0,1.79
33699.0,0.89
33700.0,0.89
33719.0,1.79
33720.0,0.89
33739.0,87.18
33740.0,98.36
33759.0,19.67
33760.0,23.69
33779.0,0.89
33780.0,1.79
33799.0,2.68
33800.0,6.7
33819.0,102.35
33820.0,110.4
33839.0,0.89
33840.0,1.79
33859.0,27.27
33860.0,0.89
33879.0,4.92
33880.0,0.89
33899.0,0.89
33900.0,0.89
33919.0,25.49
33920.0,1.79
33939.0,1.78
33940.0,0.89
33959.0,0.89
33960.0,1.78
33979.0,170.75
33980.0,178.8
33999.0,67.05
34000.0,75.1
34019.0,201.18
34020.0,209.23
34039.0,1.79
34040.0,4.02
34059.0,5.37
34060.0,9.39
34079.0,0.89
34080.0,0.89
34099.0,5.81
34100.0,0.89
34119.0,6.26
34120.0,3.13
34139.0,3.13
34140.0,6.26
34159.0,7.6
34160.0,11.62
34179.0,67.06
34180.0,72.87
34199.0,3.12
34200.0,4.01
34219.0,64.36
34220.0,73.3
34239.0,257.92
34240.0,265.97
34259.0,403.2
34260.0,413.03
34279.0,13.86
34280.0,0.89
34299.0,8.94
34300.0,12.96
34319.0,0.89
34320.0,0.89
34339.0,13.41
34340.0,15.2
34359.0,2.67
34360.0,1.79
34379.0,1.79
34380.0,4.92
34399.0,1.79
34400.0,4.92
34419.0,1.79
34420.0,7.6
34439.0,0.89
34440.0,1.78
34459.0,1.78
34460.0,1.79
34479.0,8.5
34480.0,0.89
34499.0,3.58
34500.0,5.37
34519.0,147.07
34520.0,154.22
34539.0,3.13
34540.0,4.92
34559.0,132.32
34560.0,142.15
34579.0,0.89
34580.0,1.79
34599.0,97.0
34600.0,105.94
34619.0,3.12
34620.0,4.91
34639.0,7.15
34640.0,8.94
34659.0,4.92
34660.0,9.84
34679.0,0.89
34680.0,0.89
34699.0,0.89
34700.0,1.78
34719.0,9.39
34720.0,12.52
34739.0,18.32
34740.0,23.24
34759.0,12.07
34760.0,4.02
34779.0,3.13
34780.0,6.26
34799.0,5.81
34800.0,6.7
34819.0,8.5
34820.0,10.29
34839.0,1.79
34840.0,3.58
34859.0,8.94
34860.0,13.86
34879.0,0.89
34880.0,1.79
34899.0,7.16
34900.0,8.95
34919.0,130.99
34920.0,143.06
34939.0,314.71
34940.0,322.76
34959.0,428.25
34960.0,0.89
34979.0,77.77
34980.0,84.92
34999.0,0.89
35000.0,1.78
35019.0,25.93
35020.0,29.95
35039.0,4.92
35040.0,0.89
35059.0,114.87
35060.0,119.79
35079.0,71.08
35080.0,76.89
35099.0,0.89
35100.0,1.78
35119.0,3.13
35120.0,7.15
35139.0,1.79
35140.0,0.45
35159.0,1.79
35160.0,3.58
35179.0,0.89
35180.0,1.78
35199.0,27.72
35200.0,29.51
35219.0,4.02
35220.0,8.94
35239.0,6.71
35240.0,4.02
35259.0,6.71
35260.0,9.84
35279.0,0.89
35280.0,0.89
35299.0,12.06
35300.0,0.89
35319.0,1.79
35320.0,4.02
35339.0,1.79
35340.0,0.89
35359.0,1.79
35360.0,0.89
35379.0,11.63
35380.0,15.65
35399.0,4.46
35400.0,5.35
35419.0,8.94
35420.0,0.89
35439.0,3.58
35440.0,5.37
35459.0,0.89
35460.0,1.79
35479.0,6.71
35480.0,3.13
35499.0,24.58
35500.0,0.89
35519.0,46.04
35520.0,50.06
35539.0,258.37
35540.0,265.52
35559.0,4.02
35560.0,8.94
35579.0,4.92
35580.0,0.89
35599.0,2.68
35600.0,4.47
35619.0,11.18
35620.0,12.97
35639.0,4.02
35640.0,1.79
35659.0,0.89
35660.0,4.02
35679.0,38.9
35680.0,42.92
35699.0,19.68
35700.0,22.81
35719.0,1.79
35720.0,0.89
35739.0,0.89
35740.0,1.34
35759.0,0.89
35760.0,1.78
35779.0,21.46
35780.0,26.38
35799.0,1.79
35800.0,3.58
35819.0,0.89
35820.0,0.89
35839.0,7.15
35840.0,12.96
35859.0,0.89
35860.0,8.05
35879.0,4.92
35880.0,6.71
35899.0,0.89
35900.0,1.78
35919.0,7.15
35920.0,8.94
35939.0,5.37
35940.0,0.89
35959.0,30.4
35960.0,32.19
35979.0,72.0
35980.0,0.89
35999.0,50.51
36000.0,55.43
36019.0,12.07
36020.0,16.09
36039.0,5.37
36040.0,8.5
36059.0,0.89
36060.0,1.78
36079.0,20.57
36080.0,24.59
36099.0,37.55
36100.0,40.68
36119.0,6.26
36120.0,7.15
36139.0,2.68
36140.0,0.89
36159.0,8.95
36160.0,0.89
36179.0,1.79
36180.0,0.89
36199.0,0.89
36200.0,0.89
36219.0,0.89
36220.0,1.79
36239.0,2.68
36240.0,1.79
36259.0,12.96
36260.0,16.98
36279.0,20.12
36280.0,23.25
36299.0,8.5
36300.0,0.89
36319.0,14.3
36320.0,16.09
36339.0,17.89
36340.0,19.68
36359.0,4.45
36360.0,0.89
36379.0,1.79
36380.0,3.58
36399.0,3.58
36400.0,1.79
36419.0,0.89
36420.0,1.78
36439.0,64.83
36440.0,67.96
36459.0,8.05
36460.0,9.84
36479.0,3.58
36480.0,5.37
36499.0,8.04
36500.0,12.06
36519.0,7.15
36520.0,10.28
36539.0,2.67
36540.0,1.79
36559.0,4.92
36560.0,8.05
36579.0,119.36
36580.0,0.89
36599.0,12.97
36600.0,16.99
36619.0,4.92
36620.0,9.84
36639.0,1.79
36640.0,3.58
36659.0,2.68
36660.0,4.47
36679.0,0.89
36680.0,1.79
36699.0,50.98
36700.0,0.89
36719.0,0.89
36720.0,1.34
36739.0,10.28
36740.0,17.43
36759.0,3.58
36760.0,3.13
36779.0,3.13
36780.0,1.79
36799.0,60.8
36800.0,63.93
36819.0,0.89
36820.0,1.79
36839.0,27.72
36840.0,30.85
36859.0,28.15
36860.0,31.28
36879.0,54.09
36880.0,63.92
36899.0,8.94
36900.0,13.86
36919.0,3.57
36920.0,0.89
36939.0,45.14
36940.0,50.06
36959.0,0.89
36960.0,4.02
36979.0,22.79
36980.0,25.92
36999.0,11.62
37000.0,17.43
37019.0,1.79
37020.0,4.92
37039.0,0.89
37040.0,0.89
37059.0,0.89
37060.0,1.78
37079.0,0.89
37080.0,1.78
37099.0,15.64
37100.0,16.53
37119.0,25.02
37120.0,0.89
37139.0,12.96
37140.0,4.02
37159.0,11.62
37160.0,14.75
37179.0,0.45
37180.0,1.79
37199.0,25.03
37200.0,28.16
37219.0,4.92
37220.0,8.94
37239.0,4.92
37240.0,10.73
37259.0,16.1
37260.0,21.02
37279.0,5.81
37280.0,12.96
37299.0,19.22
37300.0,21.01
37319.0,8.04
37320.0,1.79
37339.0,15.2
37340.0,20.12
37359.0,21.45
37360.0,27.26
37379.0,3.56
37380.0,1.79
37399.0,0.89
37400.0,0.89
37419.0,50.07
37420.0,51.86
37439.0,24.59
37440.0,27.72
37459.0,13.41
37460.0,0.89
37479.0,3.13
37480.0,4.92
37499.0,2.68
37500.0,3.13
37519.0,0.89
37520.0,1.79
37539.0,1.79
37540.0,0.89
37559.0,27.27
37560.0,0.89
37579.0,54.53
37580.0,58.55
37599.0,4.46
37600.0,1.79
37619.0,6.26
37620.0,9.39
37639.0,0.89
37640.0,1.78
37659.0,2.67
37660.0,3.56
37679.0,1.79
37680.0,0.89
37699.0,17.88
37700.0,21.9
37719.0,8.94
37720.0,14.75
37739.0,1.79
37740.0,3.58
37759.0,72.87
37760.0,76.0
37779.0,21.91
37780.0,22.8
37799.0,6.26
37800.0,8.05
37819.0,14.75
37820.0,21.9
37839.0,1.79
37840.0,3.58
37859.0,12.96
37860.0,17.88
37879.0,7.15
37880.0,11.17
37899.0,8.05
37900.0,0.89
37919.0,36.66
37920.0,38.45
37939.0,29.95
37940.0,33.08
37959.0,23.7
37960.0,30.85
37979.0,175.67
37980.0,180.59
37999.0,1.78
38000.0,2.67
38019.0,149.31
38020.0,155.12
38039.0,3.13
38040.0,0.89
38059.0,20.56
38060.0,22.35
38079.0,7.15
38080.0,10.28
38099.0,21.01
38100.0,25.03
38119.0,0.89
38120.0,1.78
38139.0,0.89
38140.0,0.89
38159.0,67.96
38160.0,71.09
38179.0,4.92
38180.0,6.71
38199.0,23.7
38200.0,26.83
38219.0,6.71
38220.0,12.52
38239.0,1.78
38240.0,1.79
38259.0,114.88
38260.0,126.95
38279.0,0.89
38280.0,1.78
38299.0,33.07
38300.0,38.88
38319.0,4.92
38320.0,3.13
38339.0,1.79
38340.0,4.02
38359.0,0.89
38360.0,0.89
38379.0,8.94
38380.0,3.13
38399.0,1.78
38400.0,2.67
38419.0,12.07
38420.0,16.99
38439.0,6.26
38440.0,10.28
38459.0,4.92
38460.0,9.84
38479.0,0.89
38480.0,1.79
38499.0,1.79
38500.0,4.92
38519.0,19.68
38520.0,21.47
38539.0,114.91
38540.0,0.89
38559.0,39.79
38560.0,48.73
38579.0,57.66
38580.0,67.49
38599.0,1.78
38600.0,2.67
38619.0,2.67
38620.0,3.12
38639.0,3.13
38640.0,0.89
38659.0,44.69
38660.0,47.82
38679.0,3.13
38680.0,6.26
38699.0,31.75
38700.0,3.13
38719.0,1.79
38720.0,3.13
38739.0,22.35
38740.0,26.37
38759.0,38.0
38760.0,39.79
38779.0,26.37
38780.0,29.5
38799.0,3.13
38800.0,4.92
38819.0,0.89
38820.0,11.18
38839.0,10.73
38840.0,15.65
38859.0,1.78
38860.0,2.67
38879.0,1.79
38880.0,4.92
38899.0,11.17
38900.0,14.3
38919.0,1.79
38920.0,3.13
38939.0,1.79
38940.0,4.92
38959.0,13.86
38960.0,3.13
38979.0,0.89
38980.0,1.78
38999.0,1.79
39000.0,2.68
39019.0,11.18
39020.0,12.97
39039.0,16.1
39040.0,17.89
39059.0,1.79
39060.0,4.92
39079.0,0.89
39080.0,3.13
39099.0,1.78
39100.0,2.23
39119.0,0.89
39120.0,0.89
39139.0,45.58
39140.0,47.37
39159.0,3.13
39160.0,1.79
39179.0,3.58
39180.0,1.79
39199.0,6.26
39200.0,8.05
39219.0,12.07
39220.0,15.2
39239.0,12.52
39240.0,14.31
39259.0,29.04
39260.0,30.83
39279.0,27.73
39280.0,33.54
39299.0,5.35
39300.0,7.14
39319.0,3.58
39320.0,5.37
39339.0,12.07
39340.0,15.2
39359.0,0.89
39360.0,1.79
39379.0,26.37
39380.0,28.16
39399.0,12.07
39400.0,16.99
39419.0,9.84
39420.0,12.97
39439.0,2.68
39440.0,0.89
39459.0,9.83
39460.0,0.89
39479.0,2.67
39480.0,1.79
39499.0,21.0
39500.0,22.79
39519.0,21.47
39520.0,4.02
39539.0,46.95
39540.0,50.08
39559.0,6.71
39560.0,9.84
39579.0,1.79
39580.0,0.89
39599.0,2.67
39600.0,0.89
39619.0,7.15
39620.0,8.94
39639.0,11.62
39640.0,16.54
39659.0,0.89
39660.0,3.13
39679.0,21.0
39680.0,25.02
39699.0,3.13
39700.0,6.26
39719.0,2.67
39720.0,1.79
39739.0,20.56
39740.0,0.89
39759.0,24.14
39760.0,29.06
39779.0,1.79
39780.0,0.89
39799.0,2.23
39800.0,3.12
39819.0,0.89
39820.0,2.68
39839.0,1.78
39840.0,3.57
39859.0,25.02
39860.0,28.15
39879.0,35.77
39880.0,41.58
39899.0,31.73
39900.0,3.13
39919.0,12.96
39920.0,14.75
39939.0,26.37
39940.0,0.45
39959.0,0.89
39960.0,0.89
39979.0,9.84
39980.0,11.63
39999.0,10.28
40000.0,13.41
40019.0,1.79
40020.0,1.79
40039.0,1.78
40040.0,1.79
40059.0,58.13
40060.0,61.26
40079.0,59.45
40080.0,62.58
40099.0,141.24
40100.0,146.16
40119.0,13.42
40120.0,16.55
40139.0,10.74
40140.0,13.87
40159.0,1.79
40160.0,3.58
40179.0,8.49
40180.0,10.28
40199.0,0.89
40200.0,2.68
40219.0,1.78
40220.0,1.79
40239.0,3.13
40240.0,4.92
40259.0,1.78
40260.0,2.67
40279.0,12.96
40280.0,16.09
40299.0,0.89
40300.0,0.89
40319.0,31.29
40320.0,34.42
40339.0,37.56
40340.0,39.35
40359.0,13.41
40360.0,18.33
40379.0,1.78
40380.0,3.13
40399.0,23.7
40400.0,27.72
40419.0,3.58
40420.0,5.37
40439.0,7.15
40440.0,5.81
40459.0,0.89
40460.0,1.78
40479.0,13.86
40480.0,19.67
40499.0,1.79
40500.0,0.89
40519.0,0.45
40520.0,1.79
40539.0,11.18
40540.0,16.1
40559.0,0.89
40560.0,0.89
40579.0,28.16
40580.0,31.29
40599.0,11.17
40600.0,16.09
40619.0,1.79
40620.0,4.92
40639.0,0.89
40640.0,1.78
40659.0,0.89
40660.0,1.78
40679.0,0.89
40680.0,2.68
40699.0,14.31
40700.0,16.1
40719.0,6.7
40720.0,8.49
40739.0,4.02
40740.0,4.02
40759.0,13.86
40760.0,15.65
40779.0,1.79
40780.0,2.68
40799.0,5.37
40800.0,6.26
40819.0,4.47
40820.0,7.15
40839.0,0.89
40840.0,1.78
40859.0,1.79
40860.0,3.58
40879.0,0.89
40880.0,1.78
40899.0,0.89
40900.0,0.89
40919.0,4.92
40920.0,0.89
40939.0,3.13
40940.0,3.13
40959.0,0.89
40960.0,4.92
40979.0,1.79
40980.0,1.79
40999.0,4.47
41000.0,6.26
41019.0,3.58
41020.0,5.37
41039.0,33.98
41040.0,35.77
41059.0,27.72
41060.0,0.89
41079.0,1.79
41080.0,1.79
41099.0,0.89
41100.0,1.79
41119.0,0.89
41120.0,1.78
41139.0,1.78
41140.0,2.67
41159.0,4.92
41160.0,6.71
41179.0,10.29
41180.0,12.08
41199.0,22.8
41200.0,27.72
41219.0,12.96
41220.0,17.88
41239.0,18.32
41240.0,22.34
41259.0,0.89
41260.0,1.79
41279.0,11.63
41280.0,13.42
41299.0,11.63
41300.0,14.76
41319.0,6.26
41320.0,8.05
41339.0,1.79
41340.0,4.92
41359.0,0.45
41360.0,1.79
41379.0,0.89
41380.0,1.78
41399.0,29.97
41400.0,33.1
41419.0,1.79
41420.0,4.02
41439.0,1.78
41440.0,2.23
41459.0,1.79
41460.0,1.79
41479.0,1.34
41480.0,0.89
41499.0,0.89
41500.0,1.79
41519.0,4.92
41520.0,1.79
41539.0,1.78
41540.0,2.23
41559.0,12.52
41560.0,15.65
41579.0,14.3
41580.0,21.45
41599.0,33.1
41600.0,0.89
41619.0,1.79
41620.0,2.68
41639.0,1.79
41640.0,4.92
41659.0,7.16
41660.0,0.89
41679.0,3.58
41680.0,5.37
41699.0,2.68
41700.0,0.89
41719.0,3.13
41720.0,4.92
41739.0,3.13
41740.0,0.89
41759.0,0.89
41760.0,2.68
41779.0,1.34
41780.0,0.89
41799.0,4.92
41800.0,0.89
41819.0,1.79
41820.0,0.89
41839.0,0.89
41840.0,0.89
41859.0,1.78
41860.0,1.79
41879.0,49.61
41880.0,55.42
41899.0,26.83
41900.0,29.96
41919.0,2.68
41920.0,1.79
41939.0,1.78
41940.0,3.57
41959.0,0.89
41960.0,1.79
41979.0,1.78
41980.0,2.67
41999.0,1.79
42000.0,0.89
42019.0,1.79
42020.0,3.58
42039.0,3.13
42040.0,6.26
42059.0,3.58
42060.0,6.71
42079.0,0.89
42080.0,0.89
42099.0,16.09
42100.0,19.22
42119.0,0.89
42120.0,0.89
42139.0,3.58
42140.0,0.89
42159.0,1.79
42160.0,3.58
42179.0,0.89
42180.0,1.78
42199.0,7.16
42200.0,10.29
42219.0,10.73
42220.0,1.79
42239.0,11.17
42240.0,15.19
42259.0,27.71
42260.0,30.84
42279.0,3.13
42280.0,1.79
42299.0,0.89
42300.0,1.78
42319.0,0.9
42320.0,1.35
42339.0,0.89
42340.0,0.89
42359.0,6.71
42360.0,1.79
42379.0,61.24
42380.0,65.26
42399.0,210.08
42400.0,218.13
42419.0,1.79
42420.0,3.58
42439.0,2.68
42440.0,0.89
42459.0,4.02
42460.0,0.89
42479.0,1.79
42480.0,4.02
42499.0,1.78
42500.0,2.67
42519.0,1.79
42520.0,0.89
42539.0,17.44
42540.0,1.79
42559.0,12.52
42560.0,16.54
42579.0,3.58
42580.0,5.37
42599.0,2.67
42600.0,3.12
42619.0,106.85
42620.0,108.64
42639.0,279.85
42640.0,284.77
42659.0,4.92
42660.0,9.84
42679.0,17.89
42680.0,21.02
42699.0,0.89
42700.0,0.89
42719.0,0.89
42720.0,1.78
42739.0,66.16
42740.0,73.31
42759.0,28.62
42760.0,33.54
42779.0,0.89
42780.0,2.68
42799.0,0.89
42800.0,0.89
42819.0,0.89
42820.0,0.89
42839.0,1.34
42840.0,1.79
42859.0,3.13
42860.0,1.79
42879.0,3.13
42880.0,6.26
42899.0,0.89
42900.0,2.68
42919.0,23.7
42920.0,3.13
42939.0,0.89
42940.0,1.78
42959.0,7.16
42960.0,8.95
42979.0,4.46
42980.0,5.35
42999.0,14.75
43000.0,17.88
43019.0,0.89
43020.0,1.78
43039.0,0.89
43040.0,1.78
43059.0,3.58
43060.0,6.71
43079.0,179.27
43080.0,190.45
43099.0,372.39
43100.0,376.41
43119.0,1.79
43120.0,5.81
43139.0,46.04
43140.0,51.85
43159.0,4.02
43160.0,8.94
43179.0,44.7
43180.0,3.13
43199.0,3.58
43200.0,0.45
43219.0,10.74
43220.0,13.87
43239.0,36.21
43240.0,43.36
43259.0,0.89
43260.0,2.68
43279.0,4.45
43280.0,0.89
43299.0,2.67
43300.0,0.89
43319.0,116.22
43320.0,124.27
43339.0,10.73
43340.0,4.92
43359.0,126.05
43360.0,131.86
43379.0,1.79
43380.0,0.89
43399.0,10.29
43400.0,15.21
43419.0,1.79
43420.0,0.89
43439.0,175.69
43440.0,179.71
43459.0,298.14
43460.0,303.06
43479.0,7.6
43480.0,9.39
43499.0,1.79
43500.0,1.79
43519.0,22.35
43520.0,30.4
43539.0,200.26
43540.0,207.41
43559.0,312.01
43560.0,321.84
43579.0,4.92
43580.0,8.05
43599.0,7.15
43600.0,10.28
43619.0,19.23
43620.0,21.02
43639.0,27.26
43640.0,29.05
43659.0,88.51
43660.0,91.64
43679.0,2.68
43680.0,4.47
43699.0,0.89
43700.0,1.79
43719.0,3.13
43720.0,6.26
43739.0,7.15
43740.0,1.79
43759.0,4.92
43760.0,0.89
43779.0,10.73
43780.0,15.65
43799.0,38.88
43800.0,51.84
43819.0,231.97
43820.0,237.78
43823.0,249.85
