date,ncumul_conf
0.0,1.0
15.0,5.0
16.0,5.0
31.0,5.0
32.0,5.0
47.0,5.0
48.0,5.0
63.0,2.0
64.0,7.0
79.0,2.0
80.0,4.0
95.0,16.0
96.0,7.0
111.0,12.0
112.0,1.0
127.0,25.0
128.0,
143.0,15.0
144.0,29.0
159.0,1.0
160.0,30.0
175.0,5.0
176.0,10.0
191.0,6.0
192.0,11.0
207.0,1.0
208.0,31.0
223.0,101.0
224.0,5.0
239.0,55.0
240.0,4.0
255.0,39.0
256.0,1.0
271.0,8.0
272.0,56.0
287.0,100.0
288.0,218.0
303.0,104.0
304.0,7.0
319.0,2.0
320.0,20.0
335.0,26.0
336.0,50.0
351.0,194.0
352.0,85.0
367.0,96.0
368.0,33.0
383.0,12.0
384.0,51.0
399.0,226.0
400.0,38.0
415.0,7.0
416.0,711.0
431.0,482.0
432.0,44.0
447.0,216.0
448.0,36.0
463.0,360.0
464.0,225.0
479.0,245.0
480.0,1162.0
495.0,290.0
496.0,34.0
511.0,686.0
512.0,458.0
527.0,27.0
528.0,129.0
543.0,299.0
544.0,48.0
559.0,501.0
560.0,256.0
575.0,131.0
576.0,40.0
591.0,556.0
592.0,423.0
607.0,37.0
608.0,173.0
623.0,59.0
624.0,396.0
639.0,350.0
640.0,1720.0
655.0,64.0
656.0,2816.0
671.0,132.0
672.0,402.0
687.0,2091.0
688.0,114.0
703.0,146.0
704.0,185.0
719.0,61.0
720.0,669.0
735.0,51.0
736.0,227.0
751.0,444.0
752.0,79.0
767.0,138.0
768.0,754.0
783.0,215.0
784.0,4257.0
799.0,715.0
800.0,671.0
815.0,258.0
816.0,736.0
831.0,596.0
832.0,50.0
847.0,21.0
848.0,495.0
863.0,4245.0
864.0,60.0
879.0,759.0
880.0,64.0
895.0,1406.0
896.0,2659.0
911.0,645.0
912.0,213.0
927.0,24.0
928.0,526.0
943.0,4526.0
944.0,62.0
959.0,91.0
960.0,743.0
975.0,168.0
976.0,861.0
991.0,663.0
992.0,251.0
1007.0,2981.0
1008.0,77.0
1023.0,321.0
1024.0,916.0
1039.0,178.0
1040.0,599.0
1055.0,894.0
1056.0,303.0
1071.0,1694.0
1072.0,80.0
1087.0,78.0
1088.0,840.0
1103.0,79.0
1104.0,1580.0
1119.0,706.0
1120.0,266.0
1135.0,599.0
1136.0,82.0
1151.0,4913.0
1152.0,66.0
1167.0,778.0
1168.0,185.0
1183.0,63.0
1184.0,927.0
1199.0,5090.0
1200.0,1765.0
1215.0,114.0
1216.0,78.0
1231.0,1027.0
1232.0,1668.0
1247.0,791.0
1248.0,188.0
1263.0,928.0
1264.0,282.0
1279.0,5173.0
1280.0,1796.0
1295.0,117.0
1296.0,88.0
1311.0,376.0
1312.0,1070.0
1327.0,800.0
1328.0,189.0
1343.0,938.0
1344.0,72.0
1359.0,1812.0
1360.0,82.0
1375.0,3368.0
1376.0,864.0
1391.0,3169.0
1392.0,185.0
1407.0,664.0
1408.0,676.0
1423.0,94.0
1424.0,295.0
1439.0,1847.0
1440.0,82.0
1455.0,85.0
1456.0,3430.0
1471.0,1112.0
1472.0,1771.0
1487.0,192.0
1488.0,687.0
1503.0,952.0
1504.0,303.0
1519.0,1860.0
1520.0,82.0
1535.0,89.0
1536.0,875.0
1551.0,1133.0
1552.0,1789.0
1567.0,691.0
1568.0,113.0
1583.0,958.0
1584.0,305.0
1599.0,82.0
1600.0,5191.0
1615.0,91.0
1616.0,877.0
1631.0,1807.0
1632.0,3245.0
1647.0,693.0
1648.0,704.0
1663.0,965.0
1664.0,305.0
1679.0,82.0
1680.0,5209.0
1695.0,878.0
1696.0,1126.0
1711.0,3260.0
1712.0,193.0
1727.0,786.0
1728.0,5375.0
1743.0,879.0
1744.0,1134.0
1759.0,3268.0
1760.0,193.0
1775.0,716.0
1776.0,118.0
1791.0,376.0
1792.0,25.0
1807.0,82.0
1808.0,5237.0
1823.0,823.0
1824.0,195.0
1839.0,971.0
1840.0,78.0
1855.0,5410.0
1856.0,1899.0
1871.0,3542.0
1872.0,880.0
1887.0,1183.0
1888.0,
1903.0,789.0
1904.0,78.0
1919.0,880.0
1920.0,1152.0
1935.0,1849.0
1936.0,3285.0
1951.0,123.0
1952.0,790.0
1967.0,128.0
1968.0,3557.0
1983.0,1196.0
1984.0,1856.0
1999.0,197.0
2000.0,723.0
2015.0,379.0
2016.0,128.0
2031.0,1198.0
2032.0,1862.0
2047.0,724.0
2048.0,123.0
2063.0,93.0
2064.0,880.0
2079.0,3305.0
2080.0,202.0
2095.0,1909.0
2096.0,82.0
2111.0,99.0
2112.0,881.0
2127.0,202.0
2128.0,79.0
2143.0,5442.0
2144.0,1914.0
2159.0,3578.0
2160.0,93.0
2175.0,99.0
2176.0,1868.0
2191.0,726.0
2192.0,123.0
2207.0,25.0
2208.0,100.0
2223.0,5285.0
2224.0,307.0
2239.0,791.0
2240.0,79.0
2255.0,1164.0
2256.0,827.0
2271.0,307.0
2272.0,384.0
2287.0,1213.0
2288.0,1874.0
2303.0,
2304.0,729.0
2319.0,384.0
2320.0,979.0
2335.0,5293.0
2336.0,446.0
2351.0,199.0
2352.0,
2367.0,100.0
2368.0,307.0
2383.0,82.0
2384.0,5298.0
2399.0,80.0
2400.0,5464.0
2415.0,199.0
2416.0,
2431.0,307.0
2432.0,385.0
2447.0,5299.0
2448.0,446.0
2463.0,
2464.0,735.0
2479.0,25.0
2480.0,128.0
2495.0,3317.0
2496.0,207.0
2511.0,5480.0
2512.0,1943.0
2527.0,888.0
2528.0,1184.0
2543.0,983.0
2544.0,308.0
2559.0,448.0
2560.0,1229.0
2575.0,802.0
2576.0,5484.0
2591.0,889.0
2592.0,1187.0
2607.0,3321.0
2608.0,214.0
2623.0,1953.0
2624.0,82.0
2639.0,200.0
2640.0,723.0
2655.0,386.0
2656.0,128.0
2671.0,1236.0
2672.0,25.0
2687.0,726.0
2688.0,742.0
2703.0,3670.0
2704.0,891.0
2719.0,215.0
2720.0,985.0
2735.0,82.0
2736.0,5317.0
2751.0,830.0
2752.0,202.0
2767.0,83.0
2768.0,985.0
2783.0,82.0
2784.0,5322.0
2799.0,830.0
2800.0,204.0
2815.0,83.0
2816.0,317.0
2831.0,82.0
2832.0,5327.0
2847.0,900.0
2848.0,1220.0
2863.0,221.0
2864.0,985.0
2879.0,82.0
2880.0,5328.0
2895.0,124.0
2896.0,837.0
2911.0,328.0
2912.0,396.0
2927.0,83.0
2928.0,459.0
2943.0,836.0
2944.0,220.0
2959.0,227.0
2960.0,103.0
2975.0,5621.0
2976.0,2028.0
2991.0,909.0
2992.0,1249.0
3007.0,233.0
3008.0,988.0
3023.0,5637.0
3024.0,2034.0
3039.0,751.0
3040.0,124.0
3055.0,405.0
3056.0,3933.0
3071.0,1345.0
3072.0,25.0
3087.0,752.0
3088.0,124.0
3103.0,130.0
3104.0,3977.0
3119.0,1360.0
3120.0,25.0
3135.0,754.0
3136.0,125.0
3151.0,411.0
3152.0,105.0
3167.0,5384.0
3168.0,87.0
3183.0,846.0
3184.0,250.0
3199.0,1006.0
3200.0,362.0
3215.0,5390.0
3216.0,87.0
3231.0,905.0
3232.0,5743.0
3247.0,106.0
3248.0,131.0
3263.0,493.0
3264.0,1417.0
3279.0,252.0
3280.0,788.0
3295.0,257.0
3296.0,1016.0
3311.0,2065.0
3312.0,85.0
3327.0,111.0
3328.0,943.0
3343.0,25.0
3344.0,2032.0
3359.0,766.0
3360.0,128.0
3375.0,944.0
3376.0,1302.0
3391.0,259.0
3392.0,375.0
3407.0,5489.0
3408.0,89.0
3423.0,949.0
3424.0,1310.0
3439.0,3413.0
3440.0,265.0
3455.0,955.0
3456.0,5855.0
3471.0,138.0
3472.0,4296.0
3487.0,509.0
3488.0,1511.0
3503.0,253.0
3504.0,819.0
3519.0,1034.0
3520.0,106.0
3535.0,970.0
3536.0,107.0
3551.0,253.0
3552.0,
3567.0,455.0
3568.0,4363.0
3583.0,1538.0
3584.0,25.0
3599.0,831.0
3600.0,775.0
3615.0,108.0
3616.0,114.0
3631.0,88.0
3632.0,5848.0
3647.0,965.0
3648.0,1347.0
3663.0,2109.0
3664.0,3431.0
3679.0,782.0
3680.0,129.0
3695.0,403.0
3696.0,468.0
3711.0,2112.0
3712.0,88.0
3727.0,785.0
3728.0,129.0
3743.0,978.0
3744.0,1365.0
3759.0,2149.0
3760.0,3442.0
3775.0,789.0
3776.0,129.0
3791.0,473.0
3792.0,142.0
3807.0,6076.0
3808.0,94.0
3823.0,985.0
3824.0,1378.0
3839.0,3446.0
3840.0,296.0
3855.0,130.0
3856.0,1054.0
3871.0,482.0
3872.0,145.0
3887.0,88.0
3888.0,6175.0
3903.0,131.0
3904.0,1064.0
3919.0,1394.0
3920.0,944.0
3935.0,3453.0
3936.0,302.0
3951.0,131.0
3952.0,1087.0
3967.0,113.0
3968.0,147.0
3983.0,95.0
3984.0,573.0
3999.0,946.0
4000.0,255.0
4015.0,309.0
4016.0,431.0
4031.0,2191.0
4032.0,91.0
4047.0,5025.0
4048.0,123.0
4063.0,1806.0
4064.0,2304.0
4079.0,6364.0
4080.0,2201.0
4095.0,965.0
4096.0,829.0
4111.0,535.0
4112.0,1144.0
4127.0,97.0
4128.0,6520.0
4143.0,1031.0
4144.0,1456.0
4159.0,2350.0
4160.0,3486.0
4175.0,842.0
4176.0,131.0
4191.0,553.0
4192.0,156.0
4207.0,101.0
4208.0,643.0
4223.0,1524.0
4224.0,979.0
4239.0,1179.0
4240.0,460.0
4255.0,101.0
4256.0,1949.0
4271.0,1210.0
4272.0,6770.0
4287.0,130.0
4288.0,5570.0
4303.0,2450.0
4304.0,3519.0
4319.0,1012.0
4320.0,858.0
4335.0,570.0
4336.0,25.0
4351.0,6812.0
4352.0,666.0
4367.0,1078.0
4368.0,1643.0
4383.0,1205.0
4384.0,484.0
4399.0,878.0
4400.0,133.0
4415.0,1085.0
4416.0,1689.0
4431.0,344.0
4432.0,485.0
4447.0,6967.0
4448.0,702.0
4463.0,1003.0
4464.0,265.0
4479.0,1219.0
4480.0,584.0
4495.0,7069.0
4496.0,713.0
4511.0,1009.0
4512.0,268.0
4527.0,167.0
4528.0,590.0
4543.0,2391.0
4544.0,107.0
4559.0,1832.0
4560.0,
4575.0,500.0
4576.0,1237.0
4591.0,7221.0
4592.0,2227.0
4607.0,927.0
4608.0,138.0
4623.0,25.0
4624.0,1340.0
4639.0,2262.0
4640.0,2733.0
4655.0,1082.0
4656.0,947.0
4671.0,614.0
4672.0,175.0
4687.0,108.0
4688.0,739.0
4703.0,1042.0
4704.0,283.0
4719.0,177.0
4720.0,1265.0
4735.0,177.0
4736.0,8701.0
4751.0,1049.0
4752.0,284.0
4767.0,1272.0
4768.0,641.0
4783.0,755.0
4784.0,2373.0
4799.0,286.0
4800.0,1119.0
4815.0,536.0
4816.0,663.0
4831.0,7685.0
4832.0,109.0
4847.0,1056.0
4848.0,289.0
4863.0,1282.0
4864.0,544.0
4879.0,9526.0
4880.0,2548.0
4895.0,158.0
4896.0,7299.0
4911.0,7854.0
4912.0,110.0
4927.0,141.0
4928.0,1541.0
4943.0,2300.0
4944.0,1065.0
4959.0,551.0
4960.0,185.0
4975.0,1583.0
4976.0,9898.0
4991.0,33.0
4992.0,7481.0
5007.0,821.0
5008.0,2560.0
5023.0,303.0
5024.0,1180.0
5039.0,188.0
5040.0,1299.0
5055.0,2628.0
5056.0,117.0
5071.0,7667.0
5072.0,141.0
5087.0,119.0
5088.0,2593.0
5103.0,193.0
5104.0,10264.0
5119.0,313.0
5120.0,1201.0
5135.0,570.0
5136.0,193.0
5151.0,10423.0
5152.0,2666.0
5167.0,7854.0
5168.0,142.0
5183.0,2632.0
5184.0,3580.0
5199.0,326.0
5200.0,1229.0
5215.0,593.0
5216.0,207.0
5231.0,2739.0
5232.0,120.0
5247.0,8218.0
5248.0,185.0
5263.0,124.0
5264.0,2688.0
5279.0,1785.0
5280.0,212.0
5295.0,1129.0
5296.0,344.0
5311.0,642.0
5312.0,213.0
5327.0,11168.0
5328.0,2868.0
5343.0,8718.0
5344.0,151.0
5359.0,2812.0
5360.0,4080.0
5375.0,1365.0
5376.0,1375.0
5391.0,866.0
5392.0,196.0
5407.0,139.0
5408.0,9208.0
5423.0,1302.0
5424.0,2907.0
5439.0,4436.0
5440.0,619.0
5455.0,12107.0
5456.0,3362.0
5471.0,1550.0
5472.0,1596.0
5487.0,249.0
5488.0,926.0
5503.0,170.0
5504.0,9942.0
5519.0,184.0
5520.0,1466.0
5535.0,5307.0
5536.0,4054.0
5551.0,1851.0
5552.0,240.0
5567.0,1104.0
5568.0,104.0
5583.0,3642.0
5584.0,5939.0
5599.0,797.0
5600.0,2042.0
5615.0,1590.0
5616.0,1268.0
5631.0,11317.0
5632.0,221.0
5647.0,276.0
5648.0,3655.0
5663.0,280.0
5664.0,148.0
5679.0,252.0
5680.0,12304.0
5695.0,309.0
5696.0,1602.0
5711.0,1075.0
5712.0,1845.0
5727.0,319.0
5728.0,4739.0
5743.0,197.0
5744.0,430.0
5759.0,282.0
5760.0,1596.0
5775.0,1869.0
5776.0,1246.0
5791.0,2165.0
5792.0,1981.0
5807.0,9431.0
5808.0,402.0
5823.0,1476.0
5824.0,3573.0
5839.0,2212.0
5840.0,531.0
5855.0,566.0
5856.0,22107.0
5871.0,344.0
5872.0,2651.0
5887.0,6672.0
5888.0,12731.0
5903.0,4473.0
5904.0,4657.0
5919.0,640.0
5920.0,303.0
5935.0,20951.0
5936.0,414.0
5951.0,9932.0
5952.0,
5967.0,7660.0
5968.0,1776.0
5983.0,27526.0
5984.0,14337.0
5999.0,2604.0
6000.0,2223.0
6015.0,3384.0
6016.0,2723.0
6031.0,9436.0
6032.0,30496.0
6047.0,365.0
6048.0,851.0
6063.0,468.0
6064.0,3066.0
6079.0,604.0
6080.0,2967.0
6095.0,2062.0
6096.0,3684.0
6111.0,629.0
6112.0,10681.0
6127.0,401.0
6128.0,987.0
6143.0,788.0
6144.0,27916.0
6159.0,6793.0
6160.0,7144.0
6175.0,4254.0
6176.0,29968.0
6191.0,588.0
6192.0,3813.0
6207.0,3444.0
6208.0,3026.0
6223.0,3363.0
6224.0,3982.0
6239.0,12263.0
6240.0,11194.0
6255.0,1102.0
6256.0,32166.0
6271.0,31514.0
6272.0,633.0
6287.0,752.0
6288.0,3727.0
6303.0,2506.0
6304.0,4190.0
6319.0,758.0
6320.0,13038.0
6335.0,4723.0
6336.0,18092.0
6351.0,12672.0
6352.0,22925.0
6367.0,13648.0
6368.0,12610.0
6383.0,35451.0
6384.0,1219.0
6399.0,33474.0
6400.0,748.0
6415.0,814.0
6416.0,4080.0
6431.0,2766.0
6432.0,1419.0
6447.0,822.0
6448.0,14685.0
6463.0,490.0
6464.0,38061.0
6479.0,1109.0
6480.0,34377.0
6495.0,19461.0
6496.0,
6511.0,25637.0
6512.0,2943.0
6527.0,14129.0
6528.0,45999.0
6543.0,4519.0
6544.0,3544.0
6559.0,4709.0
6560.0,1588.0
6575.0,16043.0
6576.0,14465.0
6591.0,1456.0
6592.0,40977.0
6607.0,35424.0
6608.0,909.0
6623.0,911.0
6624.0,4790.0
6639.0,3186.0
6640.0,4889.0
6655.0,902.0
6656.0,17020.0
6671.0,526.0
6672.0,43214.0
6687.0,22388.0
6688.0,1253.0
6703.0,10392.0
6704.0,9714.0
6719.0,5368.0
6720.0,44361.0
6735.0,1003.0
6736.0,927.0
6751.0,5322.0
6752.0,3778.0
6767.0,3400.0
6768.0,5157.0
6783.0,18600.0
6784.0,16222.0
6799.0,1705.0
6800.0,46449.0
6815.0,1047.0
6816.0,963.0
6831.0,3834.0
6832.0,11378.0
6847.0,5406.0
6848.0,2078.0
6863.0,2124.0
6864.0,17034.0
6879.0,
6880.0,5757.0
6895.0,3673.0
6896.0,5464.0
6911.0,23433.0
6912.0,1404.0
6927.0,8060.0
6928.0,21487.0
6943.0,7353.0
6944.0,20119.0
6959.0,10480.0
6960.0,1073.0
6975.0,2257.0
6976.0,8493.0
6991.0,23774.0
6992.0,1466.0
7007.0,8608.0
7008.0,21815.0
7023.0,7968.0
7024.0,21508.0
7039.0,13063.0
7040.0,10633.0
7055.0,8977.0
7056.0,6622.0
7071.0,1566.0
7072.0,38064.0
7087.0,10748.0
7088.0,1158.0
7103.0,9306.0
7104.0,1998.0
7119.0,24266.0
7120.0,1600.0
7135.0,9293.0
7136.0,1600.0
7151.0,8743.0
7152.0,23495.0
7167.0,14156.0
7168.0,10907.0
7183.0,6474.0
7184.0,10058.0
7199.0,53779.0
7200.0,24538.0
7215.0,2116.0
7216.0,9677.0
7231.0,1241.0
7232.0,24755.0
7247.0,24600.0
7248.0,2691.0
7263.0,22649.0
7264.0,1396.0
7279.0,25239.0
7280.0,39215.0
7295.0,11165.0
7296.0,1300.0
7311.0,10866.0
7312.0,2213.0
7327.0,24926.0
7328.0,1858.0
7343.0,10379.0
7344.0,22959.0
7359.0,26746.0
7360.0,40573.0
7375.0,11300.0
7376.0,1339.0
7391.0,7735.0
7392.0,65387.0
7407.0,39855.0
7408.0,1324.0
7423.0,16029.0
7424.0,11388.0
7439.0,66213.0
7440.0,10735.0
7455.0,1331.0
7456.0,10288.0
7471.0,4411.0
7472.0,16462.0
7487.0,7480.0
7488.0,2960.0
7503.0,56602.0
7504.0,25628.0
7519.0,23449.0
7520.0,1588.0
7535.0,28840.0
7536.0,43131.0
7551.0,11729.0
7552.0,1466.0
7567.0,70055.0
7568.0,11178.0
7583.0,29219.0
7584.0,43599.0
7599.0,3046.0
7600.0,23989.0
7615.0,1635.0
7616.0,8438.0
7631.0,5066.0
7632.0,7913.0
7647.0,28938.0
7648.0,24370.0
7663.0,726.0
7664.0,8382.0
7679.0,41212.0
7680.0,1455.0
7695.0,8685.0
7696.0,4733.0
7711.0,5260.0
7712.0,8138.0
7727.0,29657.0
7728.0,25020.0
7743.0,748.0
7744.0,74459.0
7759.0,2340.0
7760.0,41557.0
7775.0,1604.0
7776.0,29746.0
7791.0,24347.0
7792.0,1823.0
7807.0,31400.0
7808.0,46457.0
7823.0,12437.0
7824.0,1627.0
7839.0,13255.0
7840.0,8785.0
7855.0,27551.0
7856.0,2375.0
7871.0,12056.0
7872.0,24620.0
7887.0,11892.0
7888.0,32121.0
7903.0,19347.0
7904.0,12589.0
7919.0,3309.0
7920.0,13490.0
7935.0,60700.0
7936.0,27846.0
7951.0,19496.0
7952.0,12644.0
7967.0,784.0
7968.0,77955.0
7983.0,1618.0
7984.0,1622.0
7999.0,9399.0
8000.0,5054.0
8015.0,5682.0
8016.0,8700.0
8031.0,31330.0
8032.0,26269.0
8047.0,2822.0
8048.0,79045.0
8063.0,1658.0
8064.0,1648.0
8079.0,9560.0
8080.0,5119.0
8095.0,5789.0
8096.0,8828.0
8111.0,31669.0
8112.0,3409.0
8127.0,
8128.0,9616.0
8143.0,8910.0
8144.0,13910.0
8159.0,2455.0
8160.0,43467.0
8175.0,25471.0
8176.0,2032.0
8191.0,33992.0
8192.0,49353.0
8207.0,13024.0
8208.0,1826.0
8223.0,14059.0
8224.0,9239.0
8239.0,29206.0
8240.0,2484.0
8255.0,12746.0
8256.0,25729.0
8271.0,12620.0
8272.0,34429.0
8287.0,13125.0
8288.0,1853.0
8303.0,12802.0
8304.0,25843.0
8319.0,50025.0
8320.0,6014.0
8335.0,26818.0
8336.0,63735.0
8351.0,82484.0
8352.0,
8367.0,1743.0
8368.0,1704.0
8383.0,10095.0
8384.0,5362.0
8399.0,6084.0
8400.0,9149.0
8415.0,32930.0
8416.0,26963.0
8431.0,845.0
8432.0,83357.0
8447.0,44883.0
8448.0,1765.0
8463.0,10224.0
8464.0,5395.0
8479.0,14425.0
8480.0,9491.0
8495.0,2526.0
8496.0,45014.0
8511.0,13375.0
8512.0,1911.0
8527.0,14474.0
8528.0,9534.0
8543.0,30260.0
8544.0,2532.0
8559.0,13219.0
8560.0,26566.0
8575.0,13032.0
8576.0,35554.0
8591.0,21234.0
8592.0,13533.0
8607.0,9308.0
8608.0,14567.0
8623.0,65661.0
8624.0,30457.0
8639.0,13314.0
8640.0,26704.0
8655.0,51603.0
8656.0,6327.0
8671.0,27408.0
8672.0,65867.0
8687.0,10420.0
8688.0,5491.0
8703.0,6349.0
8704.0,9382.0
8719.0,33650.0
8720.0,27449.0
8735.0,858.0
8736.0,85587.0
8751.0,46086.0
8752.0,1832.0
8767.0,2169.0
8768.0,10483.0
8783.0,52041.0
8784.0,6383.0
8799.0,1968.0
8800.0,33795.0
8815.0,9703.0
8816.0,861.0
8831.0,2546.0
8832.0,46335.0
8847.0,1971.0
8848.0,33836.0
8863.0,13565.0
8864.0,27032.0
8879.0,13395.0
8880.0,36297.0
8895.0,21621.0
8896.0,14046.0
8911.0,3600.0
8912.0,14946.0
8927.0,67505.0
8928.0,31125.0
8943.0,
8944.0,13652.0
8959.0,1789.0
8960.0,13494.0
8975.0,5609.0
8976.0,21735.0
8991.0,9526.0
8992.0,3618.0
9007.0,27973.0
9008.0,67935.0
9023.0,21775.0
9024.0,14213.0
9039.0,
9040.0,13760.0
9055.0,1806.0
9056.0,13625.0
9071.0,5668.0
9072.0,21860.0
9087.0,3628.0
9088.0,9589.0
9103.0,28139.0
9104.0,68598.0
9119.0,87786.0
9120.0,
9135.0,1896.0
9136.0,1816.0
9151.0,10797.0
9152.0,5703.0
9167.0,6563.0
9168.0,3652.0
9183.0,3659.0
9184.0,28298.0
9199.0,10832.0
9200.0,5720.0
9215.0,15293.0
9216.0,9967.0
9231.0,2594.0
9232.0,47795.0
9247.0,27801.0
9248.0,2232.0
9263.0,37432.0
9264.0,53674.0
9279.0,14505.0
9280.0,2043.0
9295.0,15432.0
9296.0,10009.0
9311.0,32052.0
9312.0,2601.0
9327.0,14201.0
9328.0,27972.0
9343.0,14042.0
9344.0,37774.0
9359.0,14599.0
9360.0,2057.0
9375.0,14254.0
9376.0,28045.0
9391.0,54102.0
9392.0,6730.0
9407.0,28876.0
9408.0,70434.0
9423.0,90115.0
9424.0,
9439.0,1953.0
9440.0,1885.0
9455.0,11117.0
9456.0,5796.0
9471.0,6810.0
9472.0,3742.0
9487.0,29122.0
9488.0,71080.0
9503.0,1909.0
9504.0,
9519.0,1964.0
9520.0,14334.0
9535.0,22969.0
9536.0,14805.0
9551.0,91593.0
9552.0,14637.0
9567.0,38907.0
9568.0,54861.0
9583.0,35609.0
9584.0,29388.0
9599.0,91974.0
9600.0,
9615.0,1985.0
9616.0,1959.0
9631.0,11297.0
9632.0,5871.0
9647.0,7004.0
9648.0,3809.0
9663.0,35962.0
9664.0,29699.0
9679.0,909.0
9680.0,93101.0
9695.0,50157.0
9696.0,2005.0
9711.0,11386.0
9712.0,5911.0
9727.0,16133.0
9728.0,10521.0
9743.0,2664.0
9744.0,50369.0
9759.0,15111.0
9760.0,2171.0
9775.0,16194.0
9776.0,10568.0
9791.0,33484.0
9792.0,2670.0
9807.0,15181.0
9808.0,29036.0
9823.0,14929.0
9824.0,40403.0
9839.0,23909.0
9840.0,15226.0
9855.0,16339.0
9856.0,2110.0
9871.0,74128.0
9872.0,33738.0
9887.0,24009.0
9888.0,15279.0
9903.0,96173.0
9904.0,15343.0
9919.0,40875.0
9920.0,56963.0
9935.0,3983.0
9936.0,30594.0
9951.0,29301.0
9952.0,2322.0
9967.0,57322.0
9968.0,7356.0
9983.0,15399.0
9984.0,2245.0
9999.0,10871.0
10000.0,932.0
10015.0,52001.0
10016.0,2093.0
10031.0,2345.0
10032.0,11971.0
10047.0,7464.0
10048.0,10319.0
10063.0,37481.0
10064.0,4062.0
10079.0,
10080.0,12043.0
10095.0,10387.0
10096.0,16800.0
10111.0,34662.0
10112.0,2768.0
10127.0,29699.0
10128.0,2396.0
10143.0,58665.0
10144.0,7555.0
10159.0,15714.0
10160.0,2312.0
10175.0,11146.0
10176.0,946.0
10191.0,35040.0
10192.0,2790.0
10207.0,16075.0
10208.0,29912.0
10223.0,42893.0
10224.0,59217.0
10239.0,15861.0
10240.0,2339.0
10255.0,16172.0
10256.0,30024.0
10271.0,59436.0
10272.0,7700.0
10287.0,31472.0
10288.0,77816.0
10303.0,102462.0
10304.0,
10319.0,2189.0
10320.0,2600.0
10335.0,12467.0
10336.0,6264.0
10351.0,7775.0
10352.0,4233.0
10367.0,38844.0
10368.0,31703.0
10383.0,962.0
10384.0,103878.0
10399.0,54404.0
10400.0,2214.0
10415.0,12612.0
10416.0,6331.0
10431.0,17430.0
10432.0,11705.0
10447.0,2885.0
10448.0,54597.0
10463.0,16253.0
10464.0,2419.0
10479.0,11771.0
10480.0,974.0
10495.0,36156.0
10496.0,2908.0
10511.0,30675.0
10512.0,2562.0
10527.0,44723.0
10528.0,61311.0
10543.0,16408.0
10544.0,2450.0
10559.0,17674.0
10560.0,11935.0
10575.0,80054.0
10576.0,36421.0
10591.0,30871.0
10592.0,
10607.0,7997.0
10608.0,11180.0
10623.0,80281.0
10624.0,36492.0
10639.0,6460.0
10640.0,26804.0
10655.0,4374.0
10656.0,11218.0
10671.0,16888.0
10672.0,32328.0
10687.0,107530.0
10688.0,
10703.0,56005.0
10704.0,2313.0
10719.0,13006.0
10720.0,6507.0
10735.0,8079.0
10736.0,4411.0
10751.0,40347.0
10752.0,17074.0
10767.0,1031.0
10768.0,108180.0
10783.0,56402.0
10784.0,45881.0
10799.0,40418.0
10800.0,4449.0
10815.0,31299.0
10816.0,2654.0
10831.0,46071.0
10832.0,62963.0
10847.0,16888.0
10848.0,2555.0
10863.0,18182.0
10864.0,12453.0
10879.0,81801.0
10880.0,37153.0
10895.0,31464.0
10896.0,
10911.0,8183.0
10912.0,11515.0
10927.0,32771.0
10928.0,81979.0
10943.0,
10944.0,13169.0
10959.0,11550.0
10960.0,18316.0
10975.0,37275.0
10976.0,2990.0
10991.0,27797.0
10992.0,17068.0
11007.0,11580.0
11008.0,18399.0
11023.0,82426.0
11024.0,37377.0
11039.0,17861.0
11040.0,31758.0
11055.0,3167.0
11056.0,46889.0
11071.0,28038.0
11072.0,17172.0
11087.0,11670.0
11088.0,18494.0
11103.0,82803.0
11104.0,37498.0
11119.0,31882.0
11120.0,13298.0
11135.0,11738.0
11136.0,18564.0
11151.0,3000.0
11152.0,57614.0
11167.0,2644.0
11168.0,41624.0
11183.0,17983.0
11184.0,31968.0
11199.0,3209.0
11200.0,47203.0
11215.0,28302.0
11216.0,17267.0
11231.0,11818.0
11232.0,18642.0
11247.0,33013.0
11248.0,83375.0
11263.0,18031.0
11264.0,32101.0
11279.0,3221.0
11280.0,47343.0
11295.0,17309.0
11296.0,2684.0
11311.0,18044.0
11312.0,32154.0
11327.0,65003.0
11328.0,8347.0
11343.0,17778.0
11344.0,33056.0
11359.0,111449.0
11360.0,
11375.0,3016.0
11376.0,58050.0
11391.0,2768.0
11392.0,13431.0
11407.0,8361.0
11408.0,4728.0
11423.0,2698.0
11424.0,42356.0
11439.0,18116.0
11440.0,32304.0
11455.0,47539.0
11456.0,8371.0
11471.0,2706.0
11472.0,42436.0
11487.0,32336.0
11488.0,
11503.0,12075.0
11504.0,18826.0
11519.0,33132.0
11520.0,83986.0
11535.0,65384.0
11536.0,18144.0
11551.0,2551.0
11552.0,3250.0
11567.0,7073.0
11568.0,28768.0
11583.0,12123.0
11584.0,18874.0
11599.0,17865.0
11600.0,33161.0
11615.0,
11616.0,65497.0
11631.0,58303.0
11632.0,2571.0
11647.0,7095.0
11648.0,28824.0
11663.0,112254.0
11664.0,65513.0
11679.0,58317.0
11680.0,47721.0
11695.0,42693.0
11696.0,17886.0
11711.0,112316.0
11712.0,
11727.0,3026.0
11728.0,58360.0
11743.0,13563.0
11744.0,7106.0
11759.0,4787.0
11760.0,12221.0
11775.0,42735.0
11776.0,17908.0
11791.0,112437.0
11792.0,65587.0
11807.0,58396.0
11808.0,2591.0
11823.0,7111.0
11824.0,28864.0
11839.0,65599.0
11840.0,18201.0
11855.0,8437.0
11856.0,12270.0
11871.0,33220.0
11872.0,84266.0
11887.0,18210.0
11888.0,32561.0
11903.0,3262.0
11904.0,47811.0
11919.0,17466.0
11920.0,2737.0
11935.0,12950.0
11936.0,1236.0
11951.0,84293.0
11952.0,38086.0
11967.0,32578.0
11968.0,2806.0
11983.0,47830.0
11984.0,8445.0
11999.0,2737.0
12000.0,42807.0
12015.0,
12016.0,13615.0
12031.0,12963.0
12032.0,112615.0
12047.0,3034.0
12048.0,58470.0
12063.0,13620.0
12064.0,7119.0
12079.0,12329.0
12080.0,18977.0
12095.0,33246.0
12096.0,38114.0
12111.0,18235.0
12112.0,32594.0
12127.0,47869.0
12128.0,8474.0
12143.0,2735.0
12144.0,42853.0
12159.0,65730.0
12160.0,18243.0
12175.0,8484.0
12176.0,12354.0
12191.0,85419.0
12192.0,38144.0
12207.0,28974.0
12208.0,17501.0
12223.0,12987.0
12224.0,1238.0
12239.0,3049.0
12240.0,58579.0
12255.0,13677.0
12256.0,7132.0
12271.0,12377.0
12272.0,19014.0
12287.0,17999.0
12288.0,33328.0
12303.0,18280.0
12304.0,32640.0
12319.0,47995.0
12320.0,8547.0
12335.0,2744.0
12336.0,43001.0
12351.0,13705.0
12352.0,7142.0
12367.0,113190.0
12368.0,65921.0
12383.0,2609.0
12384.0,3266.0
12399.0,29101.0
12400.0,17525.0
12415.0,13035.0
12416.0,1238.0
12431.0,3061.0
12432.0,58855.0
12447.0,2840.0
12448.0,13743.0
12463.0,12468.0
12464.0,19060.0
12479.0,33492.0
12480.0,38356.0
12495.0,32703.0
12496.0,
12511.0,13116.0
12512.0,113985.0
12527.0,59205.0
12528.0,48202.0
12543.0,43258.0
12544.0,18083.0
12559.0,66245.0
12560.0,18456.0
12575.0,3271.0
12576.0,48276.0
12591.0,17594.0
12592.0,2771.0
12607.0,1238.0
12608.0,114561.0
12623.0,38500.0
12624.0,3073.0
12639.0,13846.0
12640.0,7165.0
12655.0,12576.0
12656.0,19140.0
12671.0,38536.0
12672.0,3075.0
12687.0,17635.0
12688.0,2777.0
12703.0,32822.0
12704.0,2900.0
12719.0,48493.0
12720.0,8739.0
12735.0,4886.0
12736.0,18206.0
12751.0,18657.0
12752.0,32867.0
12767.0,3279.0
12768.0,48579.0
12783.0,17706.0
12784.0,2791.0
12799.0,1245.0
12800.0,115782.0
12815.0,3085.0
12816.0,60535.0
12831.0,7210.0
12832.0,29730.0
12847.0,18775.0
12848.0,32942.0
12863.0,12690.0
12864.0,19277.0
12879.0,33932.0
12880.0,38717.0
12895.0,14029.0
12896.0,7246.0
12911.0,12724.0
12912.0,19330.0
12927.0,18378.0
12928.0,33980.0
12943.0,33065.0
12944.0,2960.0
12959.0,49115.0
12960.0,8846.0
12975.0,43949.0
12976.0,4956.0
12991.0,19044.0
12992.0,33142.0
13007.0,19492.0
13008.0,13729.0
13023.0,3102.0
13024.0,61463.0
13039.0,2825.0
13040.0,44317.0
13055.0,117423.0
13056.0,68298.0
13071.0,61765.0
13072.0,2706.0
13087.0,30315.0
13088.0,17941.0
13103.0,13892.0
13104.0,1255.0
13119.0,34307.0
13120.0,39140.0
13135.0,3040.0
13136.0,14335.0
13151.0,8981.0
13152.0,12969.0
13167.0,5082.0
13168.0,39260.0
13183.0,30673.0
13184.0,18081.0
13199.0,19867.0
13200.0,33578.0
13215.0,3344.0
13216.0,50904.0
13231.0,2885.0
13232.0,45883.0
13247.0,120469.0
13248.0,70341.0
13263.0,63010.0
13264.0,2776.0
13279.0,7512.0
13280.0,31183.0
13295.0,20779.0
13296.0,14470.0
13311.0,34757.0
13312.0,39750.0
13327.0,
13328.0,14697.0
13343.0,122449.0
13344.0,71173.0
13359.0,52414.0
13360.0,9267.0
13375.0,5354.0
13376.0,19761.0
13391.0,20686.0
13392.0,34197.0
13407.0,3392.0
13408.0,53024.0
13423.0,2935.0
13424.0,47338.0
13439.0,124381.0
13440.0,
13455.0,3257.0
13456.0,64174.0
13471.0,7679.0
13472.0,32234.0
13487.0,21597.0
13488.0,15025.0
13503.0,3263.0
13504.0,64457.0
13519.0,2965.0
13520.0,47885.0
13535.0,3355.0
13536.0,15227.0
13551.0,9466.0
13552.0,13681.0
13567.0,5601.0
13568.0,20736.0
13583.0,21359.0
13584.0,34743.0
13599.0,3451.0
13600.0,55093.0
13615.0,18877.0
13616.0,3016.0
13631.0,1442.0
13632.0,128249.0
13647.0,3314.0
13648.0,65195.0
13663.0,33314.0
13664.0,18953.0
13679.0,34979.0
13680.0,
13695.0,22525.0
13696.0,15452.0
13711.0,41172.0
13712.0,3343.0
13727.0,15779.0
13728.0,7953.0
13743.0,14124.0
13744.0,22972.0
13759.0,21717.0
13760.0,35568.0
13775.0,21973.0
13776.0,35331.0
13791.0,3566.0
13792.0,56934.0
13807.0,3119.0
13808.0,50956.0
13823.0,132783.0
13824.0,76877.0
13839.0,9944.0
13840.0,14422.0
13855.0,94016.0
13856.0,41674.0
13871.0,34657.0
13872.0,19326.0
13887.0,15796.0
13888.0,1599.0
13903.0,41864.0
13904.0,3394.0
13919.0,16122.0
13920.0,8071.0
13935.0,14654.0
13936.0,24004.0
13951.0,6020.0
13952.0,22382.0
13967.0,22369.0
13968.0,35970.0
13983.0,3701.0
13984.0,58091.0
13999.0,3191.0
14000.0,52321.0
14015.0,16226.0
14016.0,8115.0
14031.0,136325.0
14032.0,78588.0
14047.0,66586.0
14048.0,3314.0
14063.0,19562.0
14064.0,3215.0
14079.0,1676.0
14080.0,136787.0
14095.0,3436.0
14096.0,66738.0
14111.0,8140.0
14112.0,35882.0
14127.0,24591.0
14128.0,16034.0
14143.0,35952.0
14144.0,42420.0
14159.0,
14160.0,16379.0
14175.0,137943.0
14176.0,79409.0
14191.0,58846.0
14192.0,10279.0
14207.0,6135.0
14208.0,22691.0
14223.0,22692.0
14224.0,36518.0
14239.0,59059.0
14240.0,10319.0
14255.0,53623.0
14256.0,6151.0
14271.0,
14272.0,79958.0
14287.0,67175.0
14288.0,3457.0
14303.0,36577.0
14304.0,19841.0
14319.0,16144.0
14320.0,1728.0
14335.0,67268.0
14336.0,59331.0
14351.0,53948.0
14352.0,6186.0
14367.0,16605.0
14368.0,8227.0
14383.0,15533.0
14384.0,25140.0
14399.0,22833.0
14400.0,36124.0
14415.0,36796.0
14416.0,4089.0
14431.0,59568.0
14432.0,10460.0
14447.0,3313.0
14448.0,54353.0
14463.0,140374.0
14464.0,80686.0
14479.0,67527.0
14480.0,3620.0
14495.0,37202.0
14496.0,19988.0
14511.0,36921.0
14512.0,
14527.0,25373.0
14528.0,16229.0
14543.0,43025.0
14544.0,3464.0
14559.0,16836.0
14560.0,8270.0
14575.0,15771.0
14576.0,25472.0
14591.0,22957.0
14592.0,36267.0
14607.0,23033.0
14608.0,37067.0
14623.0,4014.0
14624.0,59984.0
14639.0,3407.0
14640.0,55087.0
14655.0,141439.0
14656.0,81290.0
14671.0,10568.0
14672.0,15952.0
14687.0,97221.0
14688.0,43217.0
14703.0,37808.0
14704.0,20156.0
14719.0,16313.0
14720.0,141787.0
14735.0,3510.0
14736.0,68168.0
14751.0,8303.0
14752.0,37977.0
14767.0,25767.0
14768.0,16355.0
14783.0,23070.0
14784.0,36410.0
14799.0,4168.0
14800.0,17146.0
14815.0,10709.0
14816.0,16181.0
14831.0,6337.0
14832.0,43474.0
14847.0,38222.0
14848.0,20256.0
14863.0,23395.0
14864.0,37593.0
14879.0,4105.0
14880.0,60732.0
14895.0,56876.0
14896.0,6374.0
14911.0,82772.0
14912.0,23514.0
14927.0,3898.0
14928.0,4119.0
14943.0,38546.0
14944.0,20326.0
14959.0,16551.0
14960.0,1903.0
14975.0,43785.0
14976.0,3565.0
14991.0,8358.0
14992.0,38729.0
15007.0,23710.0
15008.0,37881.0
15023.0,16791.0
15024.0,26464.0
15039.0,43896.0
15040.0,3594.0
15055.0,20446.0
15056.0,3712.0
15071.0,1916.0
15072.0,145325.0
15087.0,3618.0
15088.0,69363.0
15103.0,17993.0
15104.0,8391.0
15119.0,17090.0
15120.0,27033.0
15135.0,23739.0
15136.0,36801.0
15151.0,38206.0
15152.0,
15167.0,16965.0
15168.0,147176.0
15183.0,69649.0
15184.0,62623.0
15199.0,60101.0
15200.0,6658.0
15215.0,86831.0
15216.0,24572.0
15231.0,4136.0
15232.0,4295.0
15247.0,20685.0
15248.0,4016.0
15263.0,148907.0
15264.0,
15279.0,3764.0
15280.0,70126.0
15295.0,8501.0
15296.0,40590.0
15311.0,28503.0
15312.0,17451.0
15327.0,3798.0
15328.0,70342.0
15343.0,4209.0
15344.0,62289.0
15359.0,4533.0
15360.0,19356.0
15375.0,18633.0
15376.0,29150.0
15391.0,7036.0
15392.0,24739.0
15407.0,25852.0
15408.0,39175.0
15423.0,4495.0
15424.0,65367.0
15439.0,21081.0
15440.0,4450.0
15455.0,154761.0
15456.0,18074.0
15471.0,4089.0
15472.0,71327.0
15487.0,42554.0
15488.0,21218.0
15503.0,39883.0
15504.0,20574.0
15519.0,18548.0
15520.0,157043.0
15535.0,4242.0
15536.0,72084.0
15551.0,8857.0
15552.0,43525.0
15567.0,31840.0
15568.0,18793.0
15583.0,38125.0
15584.0,46706.0
15599.0,40828.0
15600.0,4906.0
15615.0,68707.0
15616.0,12775.0
15631.0,70184.0
15632.0,7775.0
15647.0,99881.0
15648.0,28162.0
15663.0,33306.0
15664.0,19761.0
15679.0,74170.0
15680.0,70016.0
15695.0,71990.0
15696.0,7964.0
15711.0,29171.0
15712.0,42082.0
15727.0,71201.0
15728.0,13377.0
15743.0,73611.0
15744.0,8155.0
15759.0,
15760.0,105443.0
15775.0,76503.0
15776.0,5142.0
15791.0,47453.0
15792.0,22491.0
15807.0,21024.0
15808.0,2538.0
15823.0,77615.0
15824.0,73896.0
15839.0,75940.0
15840.0,8509.0
15855.0,24275.0
15856.0,9898.0
15871.0,23305.0
15872.0,37704.0
15887.0,40076.0
15888.0,50449.0
15903.0,5568.0
15904.0,24843.0
15919.0,38736.0
15920.0,22014.0
15935.0,40505.0
15936.0,51063.0
15951.0,5735.0
15952.0,25394.0
15967.0,14834.0
15968.0,24415.0
15983.0,51648.0
15984.0,5327.0
15999.0,5726.0
16000.0,80639.0
16015.0,5832.0
16016.0,25897.0
16031.0,15131.0
16032.0,25209.0
16047.0,30411.0
16048.0,41389.0
16063.0,46821.0
16064.0,5943.0
16079.0,81383.0
16080.0,15412.0
16095.0,5906.0
16096.0,83637.0
16111.0,191013.0
16112.0,120681.0
16127.0,85549.0
16128.0,6228.0
16143.0,24843.0
16144.0,6003.0
16159.0,27111.0
16160.0,11111.0
16175.0,194847.0
16176.0,122883.0
16191.0,6420.0
16192.0,5867.0
16207.0,86025.0
16208.0,9874.0
16223.0,124886.0
16224.0,36012.0
16239.0,5947.0
16240.0,85744.0
16255.0,87045.0
16256.0,10076.0
16271.0,126836.0
16272.0,36548.0
16287.0,27541.0
16288.0,44517.0
16303.0,44691.0
16304.0,24863.0
16319.0,44815.0
16320.0,24952.0
16334.0,206695.0
