Datetime,Count
0.0,8.0
15.0,2.0
16.0,2.0
31.0,2.0
32.0,2.0
47.0,6.0
48.0,6.0
63.0,4.0
64.0,2.0
79.0,2.0
80.0,4.0
95.0,2.0
96.0,4.0
111.0,2.0
112.0,2.0
121.0,8.0
127.0,2.0
128.0,2.0
143.0,4.0
144.0,6.0
159.0,2.0
160.0,2.0
167.0,10.0
175.0,4.0
176.0,2.0
191.0,8.0
192.0,10.0
193.0,2.0
203.0,2.0
205.0,10.0
207.0,4.0
208.0,6.0
223.0,6.0
224.0,2.0
230.0,10.0
239.0,6.0
240.0,2.0
255.0,4.0
256.0,2.0
266.0,10.0
271.0,2.0
272.0,2.0
282.0,2.0
286.0,14.0
287.0,8.0
288.0,6.0
303.0,6.0
304.0,6.0
319.0,2.0
320.0,2.0
335.0,2.0
336.0,2.0
337.0,36.0
338.0,2.0
351.0,2.0
352.0,4.0
367.0,2.0
368.0,2.0
370.0,8.0
383.0,2.0
384.0,2.0
399.0,2.0
400.0,2.0
415.0,4.0
416.0,2.0
431.0,2.0
432.0,8.0
433.0,2.0
447.0,4.0
448.0,6.0
463.0,2.0
464.0,2.0
479.0,4.0
480.0,4.0
495.0,4.0
496.0,4.0
511.0,4.0
512.0,6.0
527.0,4.0
528.0,4.0
539.0,8.0
543.0,2.0
544.0,2.0
559.0,2.0
560.0,2.0
575.0,10.0
576.0,8.0
582.0,2.0
590.0,12.0
591.0,2.0
592.0,4.0
599.0,20.0
607.0,2.0
608.0,6.0
612.0,12.0
613.0,2.0
623.0,8.0
624.0,4.0
638.0,2.0
639.0,10.0
640.0,4.0
655.0,2.0
656.0,2.0
671.0,6.0
672.0,8.0
687.0,2.0
688.0,2.0
703.0,2.0
704.0,2.0
719.0,6.0
720.0,8.0
730.0,4.0
734.0,14.0
735.0,6.0
736.0,6.0
745.0,14.0
751.0,2.0
752.0,4.0
754.0,12.0
756.0,4.0
763.0,14.0
767.0,8.0
768.0,12.0
774.0,2.0
783.0,4.0
784.0,2.0
791.0,8.0
793.0,2.0
794.0,16.0
799.0,2.0
800.0,6.0
811.0,2.0
814.0,8.0
815.0,2.0
816.0,2.0
831.0,6.0
832.0,6.0
847.0,2.0
848.0,4.0
863.0,2.0
864.0,4.0
874.0,8.0
877.0,58.0
879.0,18.0
880.0,18.0
885.0,10.0
887.0,32.0
895.0,4.0
896.0,12.0
898.0,20.0
902.0,4.0
905.0,18.0
907.0,6.0
911.0,14.0
912.0,20.0
914.0,2.0
924.0,14.0
927.0,4.0
928.0,8.0
929.0,2.0
934.0,12.0
935.0,2.0
943.0,2.0
944.0,6.0
946.0,12.0
948.0,2.0
959.0,4.0
960.0,2.0
961.0,14.0
968.0,4.0
971.0,20.0
975.0,6.0
976.0,2.0
979.0,10.0
986.0,2.0
991.0,8.0
992.0,8.0
996.0,4.0
998.0,12.0
1002.0,2.0
1007.0,8.0
1008.0,8.0
1009.0,2.0
1019.0,14.0
1023.0,8.0
1024.0,2.0
1031.0,10.0
1039.0,6.0
1040.0,4.0
1045.0,12.0
1046.0,4.0
1052.0,6.0
1053.0,14.0
1055.0,6.0
1056.0,4.0
1063.0,16.0
1064.0,10.0
1068.0,38.0
1071.0,26.0
1072.0,24.0
1075.0,38.0
1082.0,2.0
1087.0,4.0
1088.0,8.0
1094.0,2.0
1099.0,10.0
1101.0,2.0
1102.0,14.0
1103.0,6.0
1104.0,6.0
1111.0,4.0
1114.0,46.0
1119.0,8.0
1120.0,18.0
1123.0,28.0
1124.0,8.0
1126.0,16.0
1128.0,4.0
1135.0,6.0
1136.0,6.0
1140.0,12.0
1141.0,4.0
1143.0,22.0
1146.0,6.0
1147.0,24.0
1148.0,4.0
1151.0,12.0
1152.0,16.0
1154.0,2.0
1162.0,8.0
1163.0,2.0
1167.0,12.0
1168.0,4.0
1174.0,32.0
1183.0,4.0
1184.0,10.0
1185.0,2.0
1199.0,6.0
1200.0,8.0
1204.0,14.0
1206.0,2.0
1215.0,14.0
1216.0,16.0
1219.0,40.0
1231.0,4.0
1232.0,10.0
1234.0,26.0
1246.0,6.0
1247.0,24.0
1248.0,16.0
1254.0,4.0
1258.0,28.0
1263.0,4.0
1264.0,32.0
1265.0,10.0
1269.0,24.0
1272.0,2.0
1274.0,10.0
1279.0,6.0
1280.0,6.0
1282.0,14.0
1285.0,2.0
1290.0,10.0
1295.0,4.0
1296.0,6.0
1302.0,14.0
1304.0,6.0
1306.0,40.0
1311.0,10.0
1312.0,8.0
1317.0,22.0
1322.0,2.0
1327.0,4.0
1328.0,10.0
1331.0,24.0
1334.0,10.0
1339.0,84.0
1343.0,32.0
1344.0,34.0
1345.0,10.0
1350.0,6.0
1353.0,16.0
1355.0,6.0
1357.0,16.0
1358.0,4.0
1359.0,14.0
1360.0,20.0
1365.0,50.0
1375.0,4.0
1376.0,12.0
1379.0,26.0
1384.0,8.0
1391.0,24.0
1392.0,20.0
1396.0,8.0
1407.0,22.0
1408.0,12.0
1412.0,22.0
1413.0,10.0
1414.0,22.0
1422.0,2.0
1423.0,14.0
1424.0,8.0
1426.0,14.0
1433.0,6.0
1439.0,20.0
1440.0,20.0
1442.0,4.0
1447.0,10.0
1450.0,4.0
1453.0,14.0
1454.0,6.0
1455.0,18.0
1456.0,6.0
1457.0,18.0
1462.0,6.0
1466.0,16.0
1471.0,6.0
1472.0,4.0
1476.0,18.0
1477.0,6.0
1481.0,16.0
1485.0,6.0
1487.0,28.0
1488.0,14.0
1496.0,2.0
1501.0,14.0
1503.0,6.0
1504.0,12.0
1506.0,24.0
1508.0,10.0
1509.0,16.0
1514.0,4.0
1518.0,10.0
1519.0,2.0
1520.0,2.0
1530.0,14.0
1535.0,4.0
1536.0,10.0
1538.0,16.0
1539.0,4.0
1551.0,10.0
1552.0,6.0
1555.0,36.0
1559.0,6.0
1563.0,14.0
1567.0,4.0
1568.0,12.0
1569.0,22.0
1573.0,6.0
1575.0,22.0
1578.0,14.0
1580.0,24.0
1582.0,10.0
1583.0,16.0
1584.0,14.0
1590.0,4.0
1594.0,22.0
1596.0,4.0
1599.0,30.0
1600.0,26.0
1602.0,10.0
1607.0,36.0
1615.0,8.0
1616.0,12.0
1618.0,40.0
1622.0,20.0
1624.0,28.0
1627.0,10.0
1629.0,22.0
1631.0,14.0
1632.0,12.0
1635.0,2.0
1642.0,16.0
1643.0,6.0
1644.0,20.0
1647.0,12.0
1648.0,14.0
1649.0,24.0
1650.0,8.0
1653.0,20.0
1663.0,6.0
1664.0,2.0
1671.0,22.0
1673.0,200.0
1679.0,64.0
1680.0,58.0
1685.0,14.0
1691.0,32.0
1695.0,18.0
1696.0,18.0
1701.0,58.0
1711.0,10.0
1712.0,12.0
1713.0,24.0
1715.0,8.0
1716.0,16.0
1719.0,6.0
1721.0,12.0
1722.0,44.0
1727.0,22.0
1728.0,28.0
1731.0,10.0
1733.0,28.0
1736.0,16.0
1742.0,34.0
1743.0,22.0
1744.0,22.0
1748.0,68.0
1759.0,6.0
1760.0,14.0
1762.0,42.0
1764.0,18.0
1768.0,26.0
1773.0,14.0
1774.0,28.0
1775.0,18.0
1776.0,10.0
1782.0,2.0
1787.0,28.0
1788.0,12.0
1791.0,22.0
1792.0,10.0
1796.0,22.0
1806.0,2.0
1807.0,20.0
1808.0,4.0
1813.0,18.0
1816.0,4.0
1819.0,22.0
1823.0,14.0
1824.0,20.0
1829.0,4.0
1832.0,14.0
1833.0,6.0
1839.0,10.0
1840.0,14.0
1845.0,66.0
1846.0,18.0
1855.0,6.0
1856.0,6.0
1860.0,24.0
1866.0,8.0
1868.0,74.0
1871.0,30.0
1872.0,28.0
1879.0,14.0
1886.0,60.0
1887.0,30.0
1888.0,38.0
1892.0,64.0
1893.0,32.0
1896.0,50.0
1903.0,12.0
1904.0,26.0
1909.0,34.0
1910.0,22.0
1913.0,36.0
1914.0,26.0
1915.0,50.0
1919.0,20.0
1920.0,24.0
1926.0,6.0
1935.0,16.0
1936.0,18.0
1941.0,22.0
1951.0,6.0
1952.0,16.0
1953.0,4.0
1959.0,22.0
1962.0,4.0
1964.0,26.0
1967.0,18.0
1968.0,16.0
1973.0,2.0
1983.0,20.0
1984.0,26.0
1999.0,6.0
2000.0,12.0
2002.0,32.0
2007.0,12.0
2011.0,38.0
2012.0,14.0
2014.0,58.0
2015.0,20.0
2016.0,16.0
2021.0,2.0
2022.0,12.0
2026.0,6.0
2029.0,14.0
2031.0,6.0
2032.0,12.0
2034.0,6.0
2038.0,18.0
2041.0,2.0
2047.0,8.0
2048.0,14.0
2057.0,6.0
2061.0,26.0
2063.0,12.0
2064.0,6.0
2069.0,4.0
2070.0,16.0
2072.0,2.0
2079.0,22.0
2080.0,26.0
2081.0,12.0
2084.0,24.0
2090.0,4.0
2091.0,18.0
2095.0,8.0
2096.0,8.0
2105.0,26.0
2110.0,10.0
2111.0,24.0
2112.0,12.0
2117.0,4.0
2121.0,20.0
2122.0,14.0
2127.0,18.0
2128.0,8.0
2134.0,38.0
2143.0,4.0
2144.0,14.0
2150.0,30.0
2157.0,2.0
2159.0,18.0
2160.0,10.0
2168.0,2.0
2171.0,22.0
2175.0,6.0
2176.0,6.0
2179.0,20.0
2191.0,2.0
2192.0,4.0
2196.0,10.0
2202.0,2.0
2207.0,6.0
2208.0,6.0
2213.0,2.0
2216.0,10.0
2217.0,2.0
2223.0,12.0
2224.0,8.0
2239.0,4.0
2240.0,4.0
2255.0,10.0
2256.0,4.0
2262.0,10.0
2266.0,4.0
2267.0,16.0
2271.0,6.0
2272.0,12.0
2274.0,68.0
2279.0,16.0
2285.0,2.0
2287.0,10.0
2288.0,12.0
2296.0,2.0
2303.0,12.0
2304.0,6.0
2319.0,12.0
2320.0,8.0
2328.0,10.0
2332.0,2.0
2335.0,8.0
2336.0,8.0
2340.0,4.0
2344.0,14.0
2351.0,4.0
2352.0,6.0
2360.0,2.0
2362.0,12.0
2363.0,2.0
2367.0,12.0
2368.0,16.0
2371.0,10.0
2374.0,26.0
2378.0,4.0
2383.0,12.0
2384.0,10.0
2386.0,24.0
2392.0,4.0
2394.0,28.0
2397.0,6.0
2399.0,16.0
2400.0,12.0
2402.0,2.0
2404.0,16.0
2407.0,10.0
2411.0,32.0
2415.0,18.0
2416.0,18.0
2421.0,42.0
2423.0,10.0
2429.0,12.0
2431.0,2.0
2432.0,10.0
2434.0,18.0
2438.0,8.0
2439.0,54.0
2447.0,14.0
2448.0,12.0
2451.0,2.0
2456.0,12.0
2463.0,10.0
2464.0,18.0
2469.0,6.0
2470.0,16.0
2474.0,2.0
2479.0,6.0
2480.0,2.0
2485.0,16.0
2486.0,8.0
2488.0,16.0
2489.0,6.0
2490.0,16.0
2495.0,8.0
2496.0,4.0
2497.0,12.0
2504.0,6.0
2511.0,32.0
2512.0,28.0
2515.0,66.0
2518.0,14.0
2525.0,2.0
2527.0,12.0
2528.0,10.0
2531.0,4.0
2532.0,14.0
2534.0,2.0
2543.0,16.0
2544.0,8.0
2549.0,2.0
2558.0,12.0
2559.0,6.0
2560.0,10.0
2562.0,18.0
2567.0,6.0
2568.0,16.0
2571.0,6.0
2575.0,10.0
2576.0,18.0
2583.0,12.0
2587.0,62.0
2591.0,24.0
2592.0,20.0
2594.0,40.0
2597.0,8.0
2602.0,42.0
2607.0,20.0
2608.0,24.0
2610.0,14.0
2614.0,32.0
2619.0,6.0
2623.0,12.0
2624.0,12.0
2629.0,4.0
2638.0,32.0
2639.0,10.0
2640.0,14.0
2644.0,6.0
2648.0,20.0
2654.0,6.0
2655.0,14.0
2656.0,10.0
2660.0,52.0
2662.0,18.0
2671.0,6.0
2672.0,10.0
2679.0,14.0
2683.0,52.0
2687.0,18.0
2688.0,18.0
2695.0,4.0
2698.0,18.0
2700.0,6.0
2703.0,12.0
2704.0,12.0
2706.0,4.0
2708.0,14.0
2713.0,10.0
2714.0,38.0
2719.0,14.0
2720.0,8.0
2722.0,38.0
2725.0,14.0
2729.0,24.0
2731.0,72.0
2735.0,38.0
2736.0,28.0
2740.0,10.0
2748.0,38.0
2751.0,16.0
2752.0,26.0
2761.0,10.0
2764.0,30.0
2767.0,6.0
2768.0,10.0
2772.0,18.0
2775.0,8.0
2776.0,24.0
2777.0,14.0
2783.0,20.0
2784.0,24.0
2788.0,10.0
2793.0,26.0
2798.0,4.0
2799.0,18.0
2800.0,10.0
2803.0,18.0
2806.0,4.0
2810.0,22.0
2815.0,6.0
2816.0,4.0
2824.0,62.0
2831.0,30.0
2832.0,26.0
2835.0,34.0
2839.0,6.0
2841.0,26.0
2845.0,10.0
2847.0,20.0
2848.0,12.0
2850.0,24.0
2854.0,10.0
2855.0,24.0
2863.0,4.0
2864.0,14.0
2873.0,6.0
2877.0,24.0
2879.0,8.0
2880.0,14.0
2882.0,24.0
2887.0,6.0
2891.0,28.0
2895.0,14.0
2896.0,26.0
2911.0,8.0
2912.0,22.0
2917.0,30.0
2919.0,16.0
2923.0,56.0
2927.0,18.0
2928.0,22.0
2932.0,4.0
2943.0,20.0
2944.0,10.0
2947.0,26.0
2949.0,6.0
2950.0,28.0
2959.0,6.0
2960.0,14.0
2961.0,2.0
2963.0,16.0
2964.0,4.0
2972.0,20.0
2975.0,6.0
2976.0,6.0
2980.0,10.0
2981.0,2.0
2984.0,12.0
2986.0,4.0
2991.0,30.0
2992.0,22.0
2997.0,6.0
3002.0,18.0
3007.0,4.0
3008.0,6.0
3011.0,20.0
3015.0,2.0
3019.0,20.0
3022.0,4.0
3023.0,14.0
3024.0,10.0
3031.0,2.0
3035.0,34.0
3039.0,10.0
3040.0,16.0
3041.0,22.0
3045.0,12.0
3048.0,24.0
3055.0,8.0
3056.0,12.0
3061.0,28.0
3062.0,14.0
3068.0,10.0
3069.0,18.0
3070.0,10.0
3071.0,32.0
3072.0,14.0
3073.0,22.0
3077.0,8.0
3084.0,50.0
3087.0,38.0
3088.0,28.0
3091.0,52.0
3103.0,8.0
3104.0,10.0
3108.0,20.0
3112.0,6.0
3113.0,28.0
3119.0,16.0
3120.0,12.0
3121.0,20.0
3127.0,4.0
3132.0,22.0
3133.0,4.0
3135.0,18.0
3136.0,18.0
3139.0,8.0
3145.0,16.0
3147.0,6.0
3151.0,10.0
3152.0,12.0
3154.0,20.0
3158.0,4.0
3165.0,22.0
3167.0,12.0
3168.0,16.0
3174.0,4.0
3179.0,30.0
3183.0,12.0
3184.0,22.0
3187.0,68.0
3199.0,14.0
3200.0,6.0
3202.0,34.0
3204.0,8.0
3205.0,16.0
3213.0,6.0
3215.0,16.0
3216.0,14.0
3217.0,2.0
3221.0,12.0
3222.0,4.0
3231.0,10.0
3232.0,6.0
3247.0,12.0
3248.0,10.0
3251.0,18.0
3254.0,12.0
3255.0,46.0
3257.0,22.0
3259.0,50.0
3262.0,22.0
3263.0,42.0
3264.0,24.0
3267.0,6.0
3274.0,24.0
3279.0,12.0
3280.0,14.0
3283.0,28.0
3284.0,12.0
3288.0,22.0
3289.0,8.0
3295.0,8.0
3296.0,4.0
3302.0,20.0
3303.0,6.0
3310.0,18.0
3311.0,4.0
3312.0,8.0
3318.0,4.0
3322.0,16.0
3325.0,6.0
3326.0,18.0
3327.0,6.0
3328.0,4.0
3331.0,18.0
3332.0,2.0
3333.0,16.0
3340.0,6.0
3343.0,12.0
3344.0,8.0
3346.0,40.0
3349.0,14.0
3355.0,10.0
3357.0,18.0
3359.0,10.0
3360.0,28.0
3363.0,4.0
3364.0,18.0
3366.0,2.0
3375.0,14.0
3376.0,6.0
3383.0,4.0
3384.0,18.0
3385.0,6.0
3391.0,8.0
3392.0,4.0
3407.0,12.0
3408.0,16.0
3413.0,2.0
3423.0,16.0
3424.0,6.0
3432.0,36.0
3433.0,12.0
3436.0,20.0
3438.0,4.0
3439.0,14.0
3440.0,8.0
3444.0,46.0
3449.0,24.0
3451.0,64.0
3452.0,24.0
3455.0,42.0
3456.0,40.0
3461.0,14.0
3465.0,36.0
3468.0,14.0
3471.0,30.0
3472.0,36.0
3473.0,22.0
3478.0,26.0
3480.0,14.0
3482.0,24.0
3487.0,12.0
3488.0,26.0
3492.0,48.0
3495.0,18.0
3499.0,64.0
3500.0,38.0
3502.0,136.0
3503.0,64.0
3504.0,44.0
3508.0,12.0
3517.0,44.0
3519.0,32.0
3520.0,28.0
3521.0,52.0
3527.0,26.0
3528.0,54.0
3535.0,14.0
3536.0,10.0
3537.0,24.0
3540.0,6.0
3551.0,26.0
3552.0,32.0
3557.0,4.0
3562.0,22.0
3567.0,18.0
3568.0,12.0
3570.0,36.0
3571.0,18.0
3578.0,22.0
3582.0,10.0
3583.0,22.0
3584.0,24.0
3586.0,40.0
3591.0,22.0
3599.0,82.0
3600.0,54.0
3604.0,20.0
3607.0,28.0
3609.0,18.0
3611.0,32.0
3612.0,18.0
3614.0,40.0
3615.0,24.0
3616.0,38.0
3621.0,18.0
3625.0,32.0
3627.0,12.0
3631.0,20.0
3632.0,18.0
3636.0,24.0
3637.0,12.0
3639.0,34.0
3643.0,16.0
3647.0,36.0
3648.0,38.0
3652.0,10.0
3659.0,26.0
3660.0,12.0
3661.0,26.0
3663.0,18.0
3664.0,20.0
3666.0,26.0
3668.0,16.0
3670.0,26.0
3671.0,8.0
3673.0,34.0
3679.0,6.0
3680.0,16.0
3681.0,6.0
3682.0,20.0
3688.0,12.0
3690.0,38.0
3692.0,14.0
3694.0,46.0
3695.0,30.0
3696.0,24.0
3703.0,4.0
3705.0,14.0
3711.0,8.0
3712.0,16.0
3718.0,8.0
3720.0,26.0
3727.0,4.0
3728.0,8.0
3730.0,22.0
3734.0,4.0
3735.0,14.0
3743.0,10.0
3744.0,8.0
3745.0,16.0
3751.0,8.0
3755.0,14.0
3756.0,30.0
3757.0,16.0
3759.0,24.0
3760.0,20.0
3762.0,40.0
3763.0,18.0
3766.0,32.0
3769.0,8.0
3770.0,18.0
3775.0,10.0
3776.0,10.0
3781.0,16.0
3783.0,8.0
3788.0,26.0
3791.0,20.0
3792.0,16.0
3799.0,10.0
3803.0,42.0
3807.0,28.0
3808.0,26.0
3810.0,36.0
3811.0,12.0
3813.0,24.0
3819.0,16.0
3822.0,42.0
3823.0,10.0
3824.0,14.0
3829.0,36.0
3830.0,10.0
3833.0,34.0
3834.0,22.0
3837.0,28.0
3838.0,62.0
3839.0,40.0
3840.0,44.0
3844.0,10.0
3855.0,30.0
3856.0,14.0
3857.0,24.0
3862.0,12.0
3864.0,22.0
3871.0,6.0
3872.0,6.0
3874.0,12.0
3879.0,4.0
3883.0,14.0
3887.0,8.0
3888.0,10.0
3889.0,4.0
3903.0,10.0
3904.0,12.0
3912.0,22.0
3914.0,6.0
3919.0,8.0
3920.0,4.0
3921.0,20.0
3925.0,12.0
3928.0,24.0
3932.0,20.0
3934.0,36.0
3935.0,22.0
3936.0,8.0
3939.0,14.0
3944.0,4.0
3951.0,24.0
3952.0,20.0
3958.0,40.0
3967.0,10.0
3968.0,8.0
3971.0,42.0
3981.0,16.0
3983.0,42.0
3984.0,28.0
3985.0,12.0
3986.0,24.0
3990.0,8.0
3994.0,22.0
3995.0,10.0
3997.0,22.0
3999.0,14.0
4000.0,10.0
4003.0,24.0
4005.0,10.0
4007.0,20.0
4009.0,6.0
4010.0,14.0
4015.0,10.0
4016.0,8.0
4021.0,18.0
4024.0,10.0
4027.0,32.0
4029.0,20.0
4031.0,48.0
4032.0,32.0
4033.0,8.0
4034.0,26.0
4038.0,6.0
4042.0,26.0
4045.0,12.0
4047.0,24.0
4048.0,18.0
4053.0,38.0
4054.0,16.0
4057.0,24.0
4063.0,6.0
4064.0,10.0
4066.0,22.0
4070.0,6.0
4073.0,24.0
4079.0,12.0
4080.0,12.0
4084.0,18.0
4087.0,10.0
4090.0,32.0
4093.0,22.0
4095.0,30.0
4096.0,40.0
4098.0,22.0
4103.0,46.0
4111.0,14.0
4112.0,16.0
4113.0,32.0
4115.0,12.0
4121.0,26.0
4127.0,16.0
4128.0,22.0
4137.0,6.0
4141.0,32.0
4143.0,18.0
4144.0,22.0
4146.0,12.0
4151.0,24.0
4153.0,10.0
4154.0,22.0
4155.0,6.0
4159.0,14.0
4160.0,26.0
4161.0,6.0
4165.0,30.0
4167.0,10.0
4168.0,32.0
4170.0,6.0
4175.0,44.0
4176.0,32.0
4184.0,6.0
4191.0,50.0
4192.0,26.0
4195.0,16.0
4196.0,28.0
4201.0,16.0
4203.0,24.0
4207.0,2.0
4208.0,16.0
4216.0,8.0
4222.0,20.0
4223.0,6.0
4224.0,24.0
4226.0,6.0
4234.0,16.0
4237.0,4.0
4239.0,10.0
4240.0,10.0
4244.0,6.0
4248.0,28.0
4252.0,18.0
4254.0,32.0
4255.0,20.0
4256.0,26.0
4259.0,52.0
4261.0,22.0
4263.0,50.0
4264.0,24.0
4267.0,36.0
4270.0,126.0
4271.0,30.0
4272.0,60.0
4278.0,10.0
4284.0,38.0
4287.0,20.0
4288.0,20.0
4290.0,52.0
4293.0,18.0
4295.0,38.0
4303.0,10.0
4304.0,14.0
4310.0,26.0
4314.0,14.0
4319.0,26.0
4320.0,30.0
4324.0,2.0
4334.0,38.0
4335.0,14.0
4336.0,20.0
4340.0,12.0
4343.0,20.0
4344.0,46.0
4346.0,6.0
4350.0,24.0
4351.0,12.0
4352.0,34.0
4355.0,84.0
4357.0,32.0
4360.0,82.0
4362.0,50.0
4364.0,104.0
4367.0,52.0
4368.0,110.0
4374.0,8.0
4376.0,50.0
4382.0,24.0
4383.0,38.0
4384.0,14.0
4390.0,46.0
4399.0,16.0
4400.0,16.0
4402.0,40.0
4404.0,14.0
4407.0,32.0
4411.0,18.0
4413.0,44.0
4414.0,18.0
4415.0,34.0
4416.0,22.0
4417.0,30.0
4425.0,16.0
4431.0,42.0
4432.0,38.0
4438.0,116.0
4447.0,20.0
4448.0,22.0
4455.0,36.0
4457.0,16.0
4463.0,52.0
4464.0,28.0
4465.0,42.0
4471.0,8.0
4479.0,44.0
4480.0,28.0
4483.0,38.0
4485.0,22.0
4486.0,44.0
4495.0,8.0
4496.0,16.0
4506.0,30.0
4511.0,14.0
4512.0,28.0
4518.0,8.0
4527.0,28.0
4528.0,22.0
4531.0,86.0
4536.0,36.0
4538.0,92.0
4543.0,24.0
4544.0,26.0
4546.0,36.0
4549.0,18.0
4550.0,30.0
4551.0,12.0
4556.0,36.0
4559.0,24.0
4560.0,14.0
4565.0,8.0
4567.0,16.0
4568.0,8.0
4570.0,18.0
4573.0,8.0
4574.0,24.0
4575.0,14.0
4576.0,8.0
4577.0,28.0
4579.0,14.0
4580.0,24.0
4589.0,6.0
4591.0,14.0
4592.0,16.0
4595.0,56.0
4597.0,32.0
4599.0,60.0
4604.0,32.0
4606.0,88.0
4607.0,58.0
4608.0,44.0
4615.0,18.0
4623.0,42.0
4624.0,34.0
4627.0,44.0
4629.0,28.0
4631.0,46.0
4639.0,6.0
4640.0,26.0
4644.0,22.0
4647.0,36.0
4651.0,14.0
4655.0,32.0
4656.0,12.0
4658.0,20.0
4664.0,12.0
4668.0,42.0
4669.0,20.0
4671.0,40.0
4672.0,46.0
4673.0,26.0
4676.0,40.0
4678.0,30.0
4680.0,56.0
4687.0,28.0
4688.0,24.0
4692.0,42.0
4693.0,22.0
4697.0,58.0
4703.0,30.0
4704.0,28.0
4712.0,8.0
4713.0,16.0
4719.0,14.0
4720.0,14.0
4723.0,30.0
4725.0,10.0
4727.0,24.0
4728.0,10.0
4729.0,20.0
4735.0,12.0
4736.0,16.0
4739.0,26.0
4744.0,6.0
4751.0,24.0
4752.0,24.0
4756.0,10.0
4761.0,32.0
4765.0,16.0
4767.0,36.0
4768.0,18.0
4774.0,40.0
4783.0,10.0
4784.0,14.0
4791.0,34.0
4794.0,22.0
4799.0,32.0
4800.0,26.0
4801.0,8.0
4810.0,26.0
4811.0,14.0
4812.0,28.0
4815.0,18.0
4816.0,24.0
4817.0,46.0
4831.0,10.0
4832.0,14.0
4836.0,34.0
4838.0,24.0
4841.0,36.0
4843.0,20.0
4846.0,38.0
4847.0,26.0
4848.0,30.0
4853.0,8.0
4859.0,50.0
4863.0,26.0
4864.0,26.0
4866.0,16.0
4869.0,22.0
4879.0,12.0
4880.0,6.0
4882.0,20.0
4883.0,12.0
4888.0,20.0
4894.0,12.0
4895.0,26.0
4896.0,16.0
4901.0,8.0
4903.0,22.0
4906.0,4.0
4911.0,14.0
4912.0,6.0
4919.0,40.0
4927.0,10.0
4928.0,14.0
4931.0,40.0
4939.0,18.0
4943.0,34.0
4944.0,18.0
4945.0,26.0
4947.0,10.0
4959.0,18.0
4960.0,12.0
4964.0,34.0
4966.0,6.0
4968.0,16.0
4975.0,6.0
4976.0,4.0
4978.0,24.0
4980.0,6.0
4982.0,22.0
4991.0,6.0
4992.0,8.0
4997.0,2.0
4999.0,20.0
5000.0,6.0
5004.0,58.0
5007.0,32.0
5008.0,32.0
5011.0,44.0
5013.0,28.0
5015.0,106.0
5017.0,46.0
5018.0,70.0
5023.0,42.0
5024.0,32.0
5027.0,78.0
5029.0,36.0
5032.0,52.0
5037.0,40.0
5039.0,62.0
5040.0,30.0
5046.0,8.0
5052.0,30.0
5055.0,24.0
5056.0,10.0
5057.0,28.0
5063.0,18.0
5067.0,30.0
5071.0,14.0
5072.0,10.0
5073.0,24.0
5074.0,18.0
5081.0,24.0
5082.0,14.0
5087.0,42.0
5088.0,26.0
5091.0,10.0
5097.0,54.0
5103.0,34.0
5104.0,40.0
5109.0,18.0
5110.0,56.0
5119.0,16.0
5120.0,22.0
5125.0,40.0
5131.0,16.0
5132.0,28.0
5135.0,20.0
5136.0,28.0
5141.0,6.0
5143.0,18.0
5144.0,8.0
5151.0,16.0
5152.0,12.0
5157.0,38.0
5159.0,14.0
5166.0,4.0
5167.0,10.0
5168.0,14.0
5175.0,42.0
5180.0,26.0
5183.0,48.0
5184.0,28.0
5192.0,12.0
5199.0,64.0
5200.0,26.0
5205.0,38.0
5215.0,6.0
5216.0,4.0
5222.0,26.0
5224.0,10.0
5227.0,18.0
5228.0,38.0
5231.0,22.0
5232.0,26.0
5234.0,12.0
5239.0,18.0
5247.0,12.0
5248.0,10.0
5251.0,32.0
5253.0,8.0
5255.0,22.0
5256.0,8.0
5258.0,20.0
5262.0,4.0
5263.0,14.0
5264.0,20.0
5271.0,44.0
5279.0,22.0
5280.0,30.0
5284.0,12.0
5288.0,32.0
5289.0,18.0
5292.0,86.0
5295.0,38.0
5296.0,68.0
5297.0,42.0
5303.0,62.0
5311.0,12.0
5312.0,8.0
5318.0,70.0
5327.0,34.0
5328.0,26.0
5334.0,4.0
5343.0,44.0
5344.0,44.0
5346.0,34.0
5348.0,50.0
5349.0,36.0
5351.0,96.0
5359.0,10.0
5360.0,28.0
5361.0,12.0
5364.0,50.0
5366.0,30.0
5367.0,54.0
5368.0,34.0
5374.0,56.0
5375.0,30.0
5376.0,26.0
5382.0,8.0
5387.0,26.0
5388.0,10.0
5391.0,18.0
5392.0,16.0
5399.0,40.0
5407.0,6.0
5408.0,2.0
5416.0,26.0
5421.0,16.0
5422.0,34.0
5423.0,16.0
5424.0,22.0
5425.0,4.0
5427.0,18.0
5431.0,8.0
5436.0,100.0
5439.0,54.0
5440.0,44.0
5446.0,96.0
5455.0,20.0
5456.0,28.0
5459.0,52.0
5460.0,26.0
5465.0,58.0
5471.0,48.0
5472.0,34.0
5480.0,22.0
5481.0,36.0
5483.0,2.0
5487.0,32.0
5488.0,16.0
5489.0,54.0
5490.0,18.0
5495.0,54.0
5497.0,22.0
5499.0,38.0
5503.0,24.0
5504.0,18.0
5507.0,54.0
5509.0,32.0
5516.0,68.0
5517.0,38.0
5519.0,60.0
5520.0,44.0
5524.0,6.0
5531.0,50.0
5535.0,38.0
5536.0,40.0
5542.0,64.0
5551.0,20.0
5552.0,18.0
5560.0,40.0
5562.0,18.0
5564.0,58.0
5567.0,36.0
5568.0,34.0
5574.0,6.0
5583.0,36.0
5584.0,24.0
5589.0,40.0
5599.0,12.0
5600.0,20.0
5604.0,44.0
5607.0,26.0
5610.0,66.0
5611.0,32.0
5615.0,48.0
5616.0,54.0
5624.0,14.0
5631.0,58.0
5632.0,42.0
5637.0,116.0
5647.0,18.0
5648.0,12.0
5654.0,80.0
5663.0,28.0
5664.0,48.0
5667.0,10.0
5679.0,56.0
5680.0,46.0
5682.0,34.0
5685.0,42.0
5687.0,88.0
5695.0,20.0
5696.0,26.0
5702.0,64.0
5706.0,34.0
5707.0,50.0
5710.0,30.0
5711.0,44.0
5712.0,44.0
5716.0,12.0
5724.0,38.0
5726.0,20.0
5727.0,40.0
5728.0,44.0
5732.0,14.0
5735.0,28.0
5738.0,6.0
5739.0,28.0
5743.0,14.0
5744.0,18.0
5748.0,36.0
5753.0,22.0
5759.0,36.0
5760.0,42.0
5767.0,18.0
5771.0,106.0
5775.0,68.0
5776.0,72.0
5779.0,90.0
5781.0,70.0
5782.0,92.0
5783.0,44.0
5784.0,82.0
5791.0,28.0
5792.0,18.0
5802.0,96.0
5807.0,60.0
5808.0,66.0
5814.0,18.0
5823.0,74.0
5824.0,48.0
5825.0,40.0
5832.0,58.0
5835.0,22.0
5838.0,10.0
5839.0,28.0
5840.0,22.0
5846.0,68.0
5848.0,32.0
5855.0,60.0
5856.0,66.0
5864.0,10.0
5865.0,48.0
5866.0,32.0
5867.0,52.0
5868.0,32.0
5871.0,46.0
5872.0,34.0
5877.0,66.0
5878.0,26.0
5882.0,16.0
5883.0,28.0
5887.0,10.0
5888.0,8.0
5890.0,28.0
5891.0,12.0
5895.0,30.0
5898.0,16.0
5900.0,38.0
5903.0,18.0
5904.0,34.0
5907.0,10.0
5918.0,28.0
5919.0,18.0
5920.0,24.0
5922.0,6.0
5923.0,30.0
5931.0,10.0
5932.0,26.0
5935.0,6.0
5936.0,8.0
5939.0,54.0
5946.0,24.0
5948.0,60.0
5949.0,34.0
5951.0,78.0
5952.0,30.0
5959.0,20.0
5967.0,72.0
5968.0,52.0
5973.0,62.0
5974.0,48.0
5975.0,64.0
5983.0,18.0
5984.0,26.0
5991.0,60.0
5998.0,32.0
5999.0,68.0
6000.0,52.0
6004.0,146.0
6007.0,42.0
6011.0,122.0
6012.0,90.0
6013.0,118.0
6015.0,102.0
6016.0,60.0
6020.0,108.0
6031.0,30.0
6032.0,34.0
6035.0,54.0
6041.0,34.0
6044.0,58.0
6047.0,50.0
6048.0,52.0
6054.0,12.0
6060.0,28.0
6063.0,16.0
6064.0,20.0
6072.0,48.0
6074.0,12.0
6079.0,24.0
6080.0,8.0
6083.0,36.0
6084.0,18.0
6092.0,42.0
6095.0,30.0
6096.0,38.0
6102.0,8.0
6106.0,74.0
6111.0,54.0
6112.0,54.0
6114.0,62.0
6117.0,44.0
6120.0,78.0
6127.0,24.0
6128.0,22.0
6133.0,56.0
6137.0,30.0
6141.0,70.0
6143.0,54.0
6144.0,46.0
6150.0,8.0
6159.0,58.0
6160.0,40.0
6162.0,60.0
6170.0,14.0
6171.0,26.0
6175.0,20.0
6176.0,16.0
6180.0,60.0
6184.0,32.0
6187.0,58.0
6190.0,26.0
6191.0,68.0
6192.0,58.0
6197.0,10.0
6207.0,56.0
6208.0,36.0
6216.0,88.0
6223.0,10.0
6224.0,20.0
6227.0,32.0
6231.0,18.0
6232.0,34.0
6235.0,16.0
6239.0,26.0
6240.0,18.0
6247.0,8.0
6248.0,24.0
6250.0,8.0
6254.0,26.0
6255.0,14.0
6256.0,12.0
6259.0,36.0
6271.0,18.0
6272.0,22.0
6275.0,100.0
6276.0,38.0
6279.0,80.0
6281.0,42.0
6286.0,82.0
6287.0,52.0
6288.0,54.0
6295.0,12.0
6303.0,58.0
6304.0,68.0
6305.0,40.0
6309.0,26.0
6310.0,66.0
6319.0,10.0
6320.0,34.0
6327.0,72.0
6328.0,36.0
6329.0,58.0
6335.0,38.0
6336.0,60.0
6342.0,12.0
6351.0,60.0
6352.0,50.0
6353.0,38.0
6355.0,58.0
6358.0,50.0
6365.0,12.0
6367.0,22.0
6368.0,30.0
6374.0,62.0
6376.0,40.0
6379.0,62.0
6383.0,54.0
6384.0,54.0
6386.0,18.0
6388.0,32.0
6391.0,16.0
6395.0,40.0
6396.0,20.0
6398.0,44.0
6399.0,32.0
6400.0,20.0
6407.0,36.0
6410.0,10.0
6411.0,36.0
6415.0,12.0
6416.0,18.0
6420.0,32.0
6425.0,24.0
6430.0,46.0
6431.0,38.0
6432.0,38.0
6435.0,8.0
6441.0,38.0
6443.0,140.0
6447.0,76.0
6448.0,90.0
6451.0,58.0
6454.0,92.0
6463.0,14.0
6464.0,30.0
6470.0,74.0
6477.0,50.0
6478.0,80.0
6479.0,52.0
6480.0,42.0
6485.0,8.0
6490.0,68.0
6495.0,44.0
6496.0,54.0
6499.0,42.0
6502.0,58.0
6507.0,18.0
6510.0,42.0
6511.0,26.0
6512.0,42.0
6516.0,94.0
6518.0,46.0
6519.0,94.0
6527.0,52.0
6528.0,58.0
6534.0,14.0
6543.0,76.0
6544.0,70.0
6551.0,174.0
6559.0,28.0
6560.0,30.0
6564.0,62.0
6570.0,30.0
6575.0,52.0
6576.0,46.0
6582.0,6.0
6588.0,50.0
6591.0,22.0
6592.0,40.0
6596.0,26.0
6603.0,34.0
6604.0,14.0
6607.0,28.0
6608.0,28.0
6611.0,104.0
6618.0,78.0
6619.0,106.0
6621.0,82.0
6622.0,134.0
6623.0,80.0
6624.0,88.0
6629.0,18.0
6639.0,88.0
6640.0,72.0
6641.0,58.0
6644.0,84.0
6655.0,20.0
6656.0,44.0
6659.0,92.0
6664.0,48.0
6667.0,116.0
6670.0,64.0
6671.0,106.0
6672.0,76.0
6676.0,30.0
6680.0,42.0
6683.0,156.0
6685.0,102.0
6686.0,396.0
6687.0,160.0
6688.0,148.0
6694.0,102.0
6695.0,142.0
6698.0,36.0
6700.0,60.0
6701.0,20.0
6703.0,46.0
6704.0,48.0
6707.0,92.0
6712.0,60.0
6715.0,82.0
6719.0,58.0
6720.0,60.0
6726.0,10.0
6727.0,30.0
6728.0,22.0
6735.0,34.0
6736.0,28.0
6742.0,48.0
6743.0,32.0
6744.0,54.0
6745.0,12.0
6746.0,20.0
6748.0,8.0
6751.0,14.0
6752.0,18.0
6755.0,40.0
6760.0,18.0
6761.0,36.0
6763.0,20.0
6765.0,36.0
6767.0,28.0
6768.0,46.0
6771.0,6.0
6775.0,18.0
6783.0,104.0
6784.0,78.0
6789.0,96.0
6790.0,78.0
6791.0,92.0
6799.0,24.0
6800.0,38.0
6806.0,90.0
6811.0,78.0
6812.0,92.0
6815.0,64.0
6816.0,62.0
6821.0,10.0
6827.0,86.0
6831.0,66.0
6832.0,90.0
6835.0,66.0
6836.0,122.0
6847.0,34.0
6848.0,36.0
6854.0,176.0
6863.0,74.0
6864.0,90.0
6867.0,22.0
6874.0,92.0
6876.0,82.0
6879.0,88.0
6880.0,88.0
6881.0,110.0
6882.0,62.0
6886.0,84.0
6895.0,24.0
6896.0,34.0
6900.0,50.0
6902.0,22.0
6904.0,52.0
6906.0,34.0
6907.0,50.0
6908.0,32.0
6911.0,42.0
6912.0,52.0
6916.0,16.0
6926.0,40.0
6927.0,30.0
6928.0,36.0
6929.0,56.0
6941.0,12.0
6942.0,40.0
6943.0,20.0
6944.0,22.0
6959.0,88.0
6960.0,68.0
6964.0,14.0
6975.0,80.0
6976.0,94.0
6977.0,66.0
6981.0,82.0
6983.0,142.0
6991.0,36.0
6992.0,68.0
6998.0,136.0
7001.0,70.0
7002.0,104.0
7005.0,74.0
7007.0,88.0
7008.0,68.0
7011.0,20.0
7019.0,92.0
7023.0,62.0
7024.0,76.0
7031.0,6.0
7032.0,60.0
7034.0,20.0
7039.0,34.0
7040.0,32.0
7044.0,72.0
7052.0,46.0
7055.0,66.0
7056.0,54.0
7061.0,18.0
7071.0,34.0
7072.0,40.0
7076.0,54.0
7083.0,10.0
7087.0,16.0
7088.0,10.0
7090.0,46.0
7095.0,16.0
7103.0,66.0
7104.0,16.0
7107.0,2.0
7112.0,28.0
7115.0,100.0
7116.0,70.0
7119.0,84.0
7120.0,104.0
7121.0,56.0
7124.0,92.0
7135.0,34.0
7136.0,32.0
7143.0,92.0
7151.0,46.0
7152.0,72.0
7158.0,18.0
7167.0,86.0
7168.0,96.0
7180.0,22.0
7183.0,38.0
7184.0,44.0
7187.0,100.0
7194.0,60.0
7199.0,94.0
7200.0,74.0
7206.0,28.0
7210.0,158.0
7215.0,96.0
7216.0,78.0
7219.0,118.0
7221.0,52.0
7224.0,98.0
7226.0,64.0
7228.0,142.0
7231.0,42.0
7232.0,54.0
7234.0,74.0
7236.0,58.0
7240.0,74.0
7241.0,44.0
7247.0,76.0
7248.0,66.0
7253.0,20.0
7263.0,54.0
7264.0,40.0
7272.0,76.0
7274.0,30.0
7277.0,24.0
7279.0,40.0
7280.0,42.0
7290.0,114.0
7295.0,72.0
7296.0,84.0
7302.0,42.0
7311.0,98.0
7312.0,128.0
7327.0,42.0
7328.0,30.0
7336.0,124.0
7343.0,68.0
7344.0,84.0
7349.0,22.0
7354.0,98.0
7357.0,78.0
7358.0,106.0
7359.0,70.0
7360.0,104.0
7363.0,52.0
7366.0,96.0
7369.0,48.0
7370.0,84.0
7371.0,54.0
7375.0,62.0
7376.0,40.0
7381.0,148.0
7388.0,82.0
7389.0,286.0
7391.0,148.0
7392.0,114.0
7396.0,34.0
7407.0,70.0
7408.0,76.0
7410.0,90.0
7412.0,68.0
7415.0,96.0
7423.0,18.0
7424.0,28.0
7434.0,62.0
7435.0,38.0
7439.0,70.0
7440.0,72.0
7446.0,10.0
7455.0,120.0
7456.0,110.0
7461.0,194.0
7471.0,34.0
7472.0,52.0
7475.0,130.0
7478.0,112.0
7480.0,134.0
7482.0,110.0
7487.0,174.0
7488.0,88.0
7492.0,30.0
7499.0,130.0
7503.0,106.0
7504.0,100.0
7505.0,134.0
7519.0,34.0
7520.0,46.0
7530.0,124.0
7535.0,72.0
7536.0,84.0
7541.0,20.0
7551.0,114.0
7552.0,108.0
7556.0,150.0
7564.0,18.0
7567.0,46.0
7568.0,14.0
7578.0,66.0
7583.0,46.0
7584.0,50.0
7587.0,20.0
7592.0,30.0
7593.0,18.0
7597.0,56.0
7599.0,40.0
7600.0,48.0
7606.0,72.0
7612.0,16.0
7615.0,34.0
7616.0,38.0
7619.0,174.0
7621.0,98.0
7626.0,182.0
7631.0,96.0
7632.0,78.0
7637.0,20.0
7647.0,104.0
7648.0,122.0
7649.0,86.0
7652.0,132.0
7658.0,36.0
7661.0,26.0
7663.0,40.0
7664.0,42.0
7673.0,152.0
7679.0,122.0
7680.0,118.0
7685.0,28.0
7695.0,112.0
7696.0,94.0
7697.0,68.0
7702.0,104.0
7711.0,22.0
7712.0,32.0
7716.0,92.0
7717.0,40.0
7718.0,80.0
7720.0,48.0
7724.0,78.0
7725.0,54.0
7727.0,102.0
7728.0,76.0
7732.0,22.0
7742.0,62.0
7743.0,34.0
7744.0,40.0
7745.0,32.0
7746.0,50.0
7747.0,38.0
7750.0,44.0
7759.0,10.0
7760.0,24.0
7763.0,66.0
7765.0,32.0
7774.0,62.0
7775.0,44.0
7776.0,68.0
7779.0,8.0
7786.0,146.0
7791.0,116.0
7792.0,96.0
7797.0,134.0
7798.0,78.0
7799.0,122.0
7807.0,58.0
7808.0,48.0
7818.0,142.0
7823.0,104.0
7824.0,86.0
7830.0,28.0
7838.0,132.0
7839.0,98.0
7840.0,104.0
7841.0,158.0
7855.0,40.0
7856.0,34.0
7862.0,120.0
7865.0,70.0
7868.0,118.0
7871.0,74.0
7872.0,88.0
7877.0,22.0
7882.0,140.0
7887.0,82.0
7888.0,90.0
7894.0,180.0
7903.0,36.0
7904.0,24.0
7907.0,62.0
7912.0,46.0
7913.0,70.0
7914.0,44.0
7915.0,60.0
7917.0,40.0
7919.0,50.0
7920.0,64.0
7924.0,130.0
7929.0,60.0
7935.0,88.0
7936.0,82.0
7940.0,108.0
7948.0,36.0
7951.0,56.0
7952.0,84.0
7954.0,226.0
7958.0,130.0
7963.0,206.0
7967.0,152.0
7968.0,176.0
7971.0,54.0
7983.0,144.0
7984.0,118.0
7985.0,156.0
7999.0,60.0
8000.0,46.0
8005.0,114.0
8006.0,74.0
8008.0,120.0
8014.0,78.0
8015.0,96.0
8016.0,100.0
8021.0,28.0
8031.0,98.0
8032.0,84.0
8034.0,112.0
8039.0,72.0
8040.0,122.0
8047.0,50.0
8048.0,40.0
8050.0,116.0
8051.0,86.0
8056.0,120.0
8063.0,82.0
8064.0,60.0
8069.0,14.0
8075.0,62.0
8079.0,40.0
8080.0,32.0
8082.0,54.0
8085.0,30.0
8087.0,54.0
8095.0,18.0
8096.0,12.0
8101.0,74.0
8105.0,38.0
8111.0,56.0
8112.0,64.0
8115.0,28.0
8118.0,38.0
8120.0,32.0
8127.0,156.0
8128.0,106.0
8131.0,120.0
8132.0,88.0
8133.0,128.0
8143.0,42.0
8144.0,26.0
8149.0,126.0
8159.0,78.0
8160.0,50.0
8162.0,72.0
8165.0,24.0
8171.0,158.0
8175.0,124.0
8176.0,112.0
8180.0,126.0
8181.0,88.0
8185.0,122.0
8191.0,66.0
8192.0,80.0
8198.0,138.0
8202.0,92.0
8204.0,154.0
8207.0,86.0
8208.0,94.0
8214.0,26.0
8223.0,100.0
8224.0,122.0
8229.0,60.0
8234.0,88.0
8239.0,48.0
8240.0,48.0
8244.0,34.0
8250.0,72.0
8251.0,50.0
8252.0,62.0
8255.0,56.0
8256.0,40.0
8264.0,14.0
8268.0,54.0
8271.0,32.0
8272.0,36.0
8275.0,64.0
8283.0,32.0
8287.0,46.0
8288.0,62.0
8292.0,222.0
8298.0,160.0
8301.0,182.0
8303.0,168.0
8304.0,122.0
8310.0,70.0
8315.0,180.0
8319.0,124.0
8320.0,130.0
8325.0,196.0
8335.0,54.0
8336.0,54.0
8338.0,148.0
8343.0,78.0
8346.0,134.0
8351.0,118.0
8352.0,94.0
8358.0,34.0
8362.0,220.0
8367.0,174.0
8368.0,182.0
8369.0,128.0
8374.0,172.0
8383.0,56.0
8384.0,54.0
8390.0,116.0
8391.0,84.0
8393.0,124.0
8396.0,78.0
8399.0,104.0
8400.0,110.0
8406.0,22.0
8407.0,60.0
8411.0,40.0
8412.0,64.0
8415.0,52.0
8416.0,58.0
8417.0,46.0
8420.0,68.0
8431.0,22.0
8432.0,16.0
8440.0,76.0
8442.0,44.0
8447.0,74.0
8448.0,52.0
8455.0,28.0
8463.0,156.0
8464.0,152.0
8467.0,110.0
8468.0,162.0
8470.0,78.0
8472.0,118.0
8479.0,38.0
8480.0,56.0
8483.0,122.0
8485.0,98.0
8487.0,134.0
8490.0,104.0
8493.0,194.0
8495.0,160.0
8496.0,94.0
8502.0,42.0
8508.0,144.0
8511.0,104.0
8512.0,128.0
8516.0,100.0
8519.0,128.0
8525.0,34.0
8527.0,66.0
8528.0,88.0
8533.0,232.0
8537.0,126.0
8538.0,216.0
8541.0,156.0
8543.0,732.0
8544.0,288.0
8550.0,90.0
8559.0,218.0
8560.0,252.0
8575.0,52.0
8576.0,44.0
8580.0,90.0
8581.0,50.0
8584.0,90.0
8587.0,64.0
8591.0,86.0
8592.0,58.0
8594.0,22.0
8595.0,42.0
8600.0,22.0
8601.0,62.0
8602.0,34.0
8603.0,64.0
8607.0,38.0
8608.0,64.0
8611.0,96.0
8615.0,70.0
8616.0,86.0
8618.0,22.0
8623.0,56.0
8624.0,70.0
8628.0,242.0
8639.0,136.0
8640.0,132.0
8645.0,48.0
8655.0,180.0
8656.0,182.0
8658.0,224.0
8671.0,46.0
8672.0,70.0
8679.0,266.0
8687.0,158.0
8688.0,144.0
8693.0,56.0
8699.0,186.0
8703.0,150.0
8704.0,132.0
8705.0,180.0
8707.0,130.0
8711.0,158.0
8715.0,52.0
8719.0,76.0
8720.0,76.0
8724.0,156.0
8725.0,108.0
8727.0,154.0
8728.0,106.0
8733.0,134.0
8735.0,104.0
8736.0,92.0
8740.0,26.0
8746.0,62.0
8751.0,52.0
8752.0,46.0
8756.0,94.0
8767.0,28.0
8768.0,32.0
8772.0,78.0
8774.0,38.0
8780.0,76.0
8783.0,54.0
8784.0,68.0
8791.0,36.0
8799.0,168.0
8800.0,114.0
8804.0,170.0
8815.0,36.0
8816.0,46.0
8824.0,172.0
8829.0,112.0
8831.0,144.0
8832.0,106.0
8838.0,38.0
8847.0,162.0
8848.0,150.0
8859.0,44.0
8863.0,62.0
8864.0,50.0
8867.0,356.0
8879.0,162.0
8880.0,180.0
8887.0,56.0
8895.0,158.0
8896.0,106.0
8899.0,198.0
8911.0,54.0
8912.0,52.0
8919.0,78.0
8920.0,40.0
8927.0,76.0
8928.0,70.0
8930.0,30.0
8936.0,38.0
8937.0,30.0
8942.0,84.0
8943.0,40.0
8944.0,54.0
8950.0,94.0
8959.0,40.0
8960.0,58.0
8969.0,184.0
8975.0,80.0
8976.0,94.0
8980.0,46.0
8985.0,70.0
8991.0,228.0
8992.0,126.0
9000.0,236.0
9004.0,54.0
9007.0,116.0
9008.0,120.0
9010.0,258.0
9015.0,182.0
9019.0,220.0
9023.0,170.0
9024.0,144.0
9028.0,458.0
9031.0,192.0
9035.0,328.0
9039.0,248.0
9040.0,296.0
9055.0,56.0
9056.0,76.0
9064.0,192.0
9071.0,96.0
9072.0,120.0
9077.0,26.0
9087.0,86.0
9088.0,52.0
9095.0,98.0
9103.0,32.0
9104.0,32.0
9115.0,100.0
9119.0,82.0
9120.0,90.0
9123.0,26.0
9127.0,52.0
9130.0,308.0
9135.0,204.0
9136.0,206.0
9151.0,54.0
9152.0,82.0
9155.0,158.0
9157.0,114.0
9162.0,184.0
9167.0,144.0
9168.0,122.0
9172.0,36.0
9180.0,180.0
9183.0,136.0
9184.0,150.0
9185.0,196.0
9192.0,146.0
9199.0,34.0
9200.0,58.0
9204.0,166.0
9205.0,122.0
9208.0,166.0
9213.0,116.0
9215.0,248.0
9216.0,178.0
9223.0,62.0
9226.0,198.0
9227.0,170.0
9231.0,186.0
9232.0,180.0
9240.0,102.0
9241.0,158.0
9247.0,34.0
9248.0,48.0
9252.0,94.0
9253.0,68.0
9256.0,96.0
9259.0,78.0
9260.0,128.0
9261.0,64.0
9263.0,104.0
9264.0,90.0
9269.0,34.0
9275.0,122.0
9278.0,72.0
9279.0,98.0
9280.0,88.0
9287.0,186.0
9295.0,46.0
9296.0,86.0
9300.0,168.0
9304.0,158.0
9306.0,190.0
9310.0,146.0
9311.0,168.0
9312.0,162.0
9317.0,72.0
9323.0,298.0
9327.0,226.0
9328.0,206.0
9332.0,296.0
9343.0,90.0
9344.0,100.0
9348.0,216.0
9352.0,164.0
9355.0,198.0
9359.0,164.0
9360.0,136.0
9366.0,54.0
9371.0,220.0
9375.0,148.0
9376.0,174.0
9378.0,152.0
9380.0,194.0
9391.0,54.0
9392.0,96.0
9401.0,210.0
9407.0,128.0
9408.0,108.0
9413.0,40.0
9418.0,78.0
9423.0,66.0
9424.0,54.0
9426.0,88.0
9429.0,46.0
9430.0,78.0
9433.0,38.0
9434.0,54.0
9438.0,22.0
9439.0,38.0
9440.0,54.0
9445.0,92.0
9448.0,56.0
9451.0,120.0
9455.0,78.0
9456.0,126.0
9463.0,56.0
9471.0,170.0
9472.0,142.0
9474.0,166.0
9480.0,130.0
9485.0,26.0
9487.0,54.0
9488.0,74.0
9497.0,298.0
9503.0,168.0
9504.0,154.0
9510.0,66.0
9519.0,180.0
9520.0,182.0
9521.0,234.0
9524.0,202.0
9526.0,230.0
9535.0,50.0
9536.0,84.0
9538.0,238.0
9541.0,174.0
9546.0,218.0
9551.0,168.0
9552.0,118.0
9557.0,38.0
9564.0,206.0
9567.0,162.0
9568.0,182.0
9571.0,324.0
9578.0,68.0
9581.0,42.0
9583.0,80.0
9584.0,82.0
9587.0,160.0
9590.0,96.0
9594.0,120.0
9599.0,102.0
9600.0,88.0
9607.0,26.0
9610.0,92.0
9615.0,72.0
9616.0,90.0
9617.0,74.0
9618.0,112.0
9620.0,88.0
9623.0,104.0
9627.0,32.0
9631.0,72.0
9632.0,82.0
9636.0,180.0
9637.0,138.0
9639.0,192.0
9640.0,150.0
9641.0,176.0
9645.0,164.0
9647.0,172.0
9648.0,190.0
9655.0,50.0
9663.0,290.0
9664.0,250.0
9669.0,306.0
9673.0,104.0
9676.0,72.0
9679.0,96.0
9680.0,124.0
9684.0,192.0
9688.0,156.0
9690.0,190.0
9693.0,156.0
9695.0,180.0
9696.0,174.0
9699.0,48.0
9711.0,172.0
9712.0,122.0
9715.0,204.0
9727.0,62.0
9728.0,66.0
9735.0,168.0
9742.0,82.0
9743.0,120.0
9744.0,90.0
9748.0,28.0
9755.0,86.0
9759.0,52.0
9760.0,68.0
9762.0,112.0
9764.0,60.0
9767.0,102.0
9769.0,34.0
9773.0,14.0
9775.0,42.0
9776.0,44.0
9779.0,78.0
9785.0,36.0
9788.0,96.0
9791.0,64.0
9792.0,58.0
9793.0,34.0
9794.0,56.0
9796.0,32.0
9799.0,46.0
9807.0,234.0
9808.0,198.0
9809.0,224.0
9816.0,178.0
9823.0,50.0
9824.0,90.0
9827.0,370.0
9829.0,244.0
9830.0,288.0
9836.0,194.0
9839.0,224.0
9840.0,166.0
9845.0,58.0
9850.0,270.0
9855.0,202.0
9856.0,188.0
9860.0,300.0
9866.0,82.0
9869.0,70.0
9871.0,96.0
9872.0,100.0
9882.0,312.0
9887.0,220.0
9888.0,222.0
9895.0,80.0
9898.0,282.0
9901.0,230.0
9903.0,252.0
9904.0,208.0
9905.0,274.0
9910.0,162.0
9911.0,232.0
9919.0,64.0
9920.0,86.0
9923.0,118.0
9930.0,80.0
9932.0,136.0
9935.0,102.0
9936.0,122.0
9937.0,64.0
9939.0,160.0
9942.0,72.0
9949.0,132.0
9951.0,100.0
9952.0,130.0
9956.0,194.0
9960.0,72.0
9964.0,46.0
9967.0,66.0
9968.0,118.0
9975.0,258.0
9979.0,124.0
9980.0,326.0
9983.0,178.0
9984.0,206.0
9992.0,90.0
9999.0,314.0
10000.0,224.0
10005.0,6.0
10007.0,200.0
10008.0,108.0
10009.0,156.0
10015.0,90.0
10016.0,124.0
10025.0,350.0
10031.0,178.0
10032.0,162.0
10038.0,72.0
10043.0,276.0
10047.0,190.0
10048.0,212.0
10051.0,320.0
10063.0,78.0
10064.0,124.0
10070.0,216.0
10073.0,190.0
10075.0,222.0
10079.0,154.0
10080.0,138.0
10086.0,40.0
10091.0,112.0
10095.0,76.0
10096.0,60.0
10101.0,132.0
10111.0,34.0
10112.0,48.0
10124.0,124.0
10127.0,96.0
10128.0,84.0
10131.0,42.0
10134.0,58.0
10143.0,224.0
10144.0,200.0
10147.0,246.0
10159.0,50.0
10160.0,96.0
10163.0,212.0
10168.0,170.0
10169.0,410.0
10175.0,238.0
10176.0,186.0
10183.0,72.0
10191.0,200.0
10192.0,236.0
10194.0,280.0
10207.0,76.0
10208.0,110.0
10212.0,230.0
10213.0,168.0
10219.0,234.0
10223.0,168.0
10224.0,168.0
10228.0,52.0
10239.0,166.0
10240.0,162.0
10246.0,112.0
10247.0,148.0
10255.0,30.0
10256.0,38.0
10271.0,138.0
10272.0,118.0
10277.0,40.0
10282.0,90.0
10287.0,78.0
10288.0,96.0
10289.0,136.0
10291.0,102.0
10294.0,128.0
10303.0,56.0
10304.0,82.0
10308.0,236.0
10310.0,148.0
10314.0,250.0
10319.0,190.0
10320.0,152.0
10328.0,66.0
10335.0,246.0
10336.0,230.0
10349.0,42.0
10351.0,92.0
10352.0,96.0
10356.0,286.0
10357.0,204.0
10359.0,218.0
10361.0,190.0
10363.0,210.0
10365.0,154.0
10367.0,204.0
10368.0,148.0
10374.0,46.0
10378.0,178.0
10382.0,214.0
10383.0,162.0
10384.0,188.0
10390.0,150.0
10392.0,170.0
10397.0,46.0
10399.0,84.0
10400.0,84.0
10404.0,272.0
10405.0,186.0
10409.0,264.0
10415.0,136.0
10416.0,158.0
10420.0,48.0
10426.0,148.0
10431.0,106.0
10432.0,116.0
10447.0,38.0
10448.0,54.0
10450.0,130.0
10456.0,62.0
10459.0,126.0
10463.0,100.0
10464.0,90.0
10469.0,36.0
10475.0,240.0
10477.0,180.0
10479.0,216.0
10480.0,236.0
10481.0,292.0
10491.0,78.0
10494.0,56.0
10495.0,102.0
10496.0,102.0
10499.0,272.0
10506.0,168.0
10511.0,230.0
10512.0,242.0
10518.0,70.0
10524.0,214.0
10527.0,180.0
10528.0,174.0
10532.0,274.0
10543.0,102.0
10544.0,126.0
10547.0,304.0
10549.0,218.0
10551.0,256.0
10553.0,202.0
10555.0,254.0
10557.0,178.0
10559.0,226.0
10560.0,250.0
10565.0,56.0
10570.0,110.0
10571.0,82.0
10573.0,122.0
10575.0,98.0
10576.0,120.0
10579.0,186.0
10587.0,48.0
10591.0,68.0
10592.0,60.0
10594.0,102.0
10601.0,66.0
10607.0,116.0
10608.0,106.0
10613.0,46.0
10621.0,138.0
10623.0,86.0
10624.0,96.0
10630.0,138.0
10639.0,62.0
10640.0,66.0
10644.0,342.0
10645.0,226.0
10650.0,316.0
10654.0,230.0
10655.0,284.0
10656.0,244.0
10662.0,52.0
10668.0,260.0
10671.0,6.0
10672.0,2.0
10676.0,272.0
10687.0,64.0
10688.0,94.0
10692.0,296.0
10693.0,214.0
10694.0,252.0
10696.0,212.0
10697.0,248.0
10703.0,210.0
10704.0,188.0
10708.0,70.0
10719.0,226.0
10720.0,158.0
10726.0,256.0
10735.0,2.0
10736.0,8.0
10740.0,222.0
10749.0,118.0
10751.0,172.0
10752.0,126.0
10757.0,32.0
10764.0,122.0
10767.0,92.0
10768.0,78.0
10771.0,100.0
10781.0,30.0
10783.0,66.0
10784.0,62.0
10788.0,134.0
10789.0,80.0
10791.0,94.0
10793.0,72.0
10799.0,100.0
10800.0,102.0
10807.0,42.0
10815.0,258.0
10816.0,232.0
10819.0,264.0
10823.0,236.0
10831.0,88.0
10832.0,114.0
10842.0,258.0
10847.0,130.0
10848.0,152.0
10852.0,40.0
10863.0,196.0
10864.0,202.0
10867.0,250.0
10875.0,54.0
10879.0,86.0
10880.0,66.0
10889.0,224.0
10890.0,628.0
10895.0,194.0
10896.0,172.0
10899.0,66.0
10911.0,160.0
10912.0,154.0
10927.0,42.0
10928.0,46.0
10932.0,124.0
10936.0,58.0
10943.0,116.0
10944.0,78.0
10947.0,154.0
10949.0,108.0
10955.0,152.0
10959.0,122.0
10960.0,130.0
10963.0,180.0
10971.0,50.0
10975.0,86.0
10976.0,72.0
10985.0,262.0
10991.0,134.0
10992.0,94.0
10995.0,118.0
10997.0,50.0
11000.0,86.0
11007.0,310.0
11008.0,282.0
11010.0,350.0
11023.0,94.0
11024.0,106.0
11035.0,300.0
11039.0,238.0
11040.0,212.0
11044.0,58.0
11050.0,254.0
11055.0,180.0
11056.0,214.0
11060.0,294.0
11071.0,90.0
11072.0,112.0
11083.0,246.0
11087.0,142.0
11088.0,286.0
11094.0,46.0
11103.0,138.0
11104.0,122.0
11106.0,92.0
11111.0,122.0
11119.0,48.0
11120.0,68.0
11131.0,134.0
11133.0,104.0
11135.0,140.0
11136.0,150.0
11138.0,60.0
11140.0,40.0
11144.0,66.0
11151.0,254.0
11152.0,224.0
11158.0,274.0
11167.0,80.0
11168.0,134.0
11177.0,554.0
11183.0,330.0
11184.0,298.0
11189.0,96.0
11199.0,262.0
11200.0,248.0
11204.0,302.0
11215.0,104.0
11216.0,92.0
11219.0,302.0
11223.0,232.0
11227.0,306.0
11231.0,180.0
11232.0,204.0
11238.0,86.0
11244.0,294.0
11247.0,234.0
11248.0,270.0
11263.0,64.0
11264.0,44.0
11268.0,124.0
11272.0,78.0
11279.0,138.0
11280.0,116.0
11287.0,38.0
11288.0,80.0
11289.0,62.0
11292.0,96.0
11295.0,86.0
11296.0,182.0
11308.0,68.0
11311.0,106.0
11312.0,142.0
11318.0,306.0
11327.0,172.0
11328.0,162.0
11334.0,58.0
11343.0,232.0
11344.0,192.0
11347.0,268.0
11359.0,80.0
11360.0,90.0
11362.0,302.0
11365.0,250.0
11368.0,314.0
11375.0,238.0
11376.0,226.0
11380.0,38.0
11386.0,364.0
11391.0,254.0
11392.0,248.0
11407.0,76.0
11408.0,90.0
11412.0,220.0
11413.0,156.0
11419.0,242.0
11423.0,124.0
11424.0,108.0
11430.0,34.0
11439.0,92.0
11440.0,92.0
11442.0,160.0
11444.0,90.0
11446.0,136.0
11450.0,62.0
11454.0,36.0
11455.0,68.0
11456.0,64.0
11465.0,196.0
11466.0,156.0
11467.0,200.0
11468.0,172.0
11471.0,184.0
11472.0,186.0
11478.0,92.0
11487.0,288.0
11488.0,292.0
11491.0,336.0
11503.0,68.0
11504.0,90.0
11507.0,254.0
11510.0,238.0
11513.0,290.0
11519.0,220.0
11520.0,186.0
11525.0,98.0
11535.0,236.0
11536.0,212.0
11538.0,310.0
11551.0,80.0
11552.0,92.0
11563.0,324.0
11567.0,216.0
11568.0,136.0
11573.0,56.0
11580.0,244.0
11583.0,180.0
11584.0,188.0
11587.0,222.0
11594.0,70.0
11597.0,46.0
11599.0,74.0
11600.0,60.0
11608.0,110.0
11609.0,76.0
11610.0,112.0
11615.0,68.0
11616.0,86.0
11622.0,22.0
11625.0,88.0
11626.0,72.0
11630.0,96.0
11631.0,76.0
11632.0,98.0
11636.0,130.0
11637.0,82.0
11640.0,122.0
11647.0,56.0
11648.0,92.0
11652.0,248.0
11653.0,180.0
11654.0,244.0
11663.0,180.0
11664.0,154.0
11669.0,42.0
11676.0,212.0
11679.0,174.0
11680.0,148.0
11683.0,204.0
11693.0,28.0
11695.0,70.0
11696.0,62.0
11700.0,216.0
11704.0,172.0
11706.0,256.0
11711.0,180.0
11712.0,184.0
11716.0,64.0
11727.0,168.0
11728.0,130.0
11732.0,202.0
11743.0,92.0
11744.0,100.0
11756.0,248.0
11757.0,174.0
11758.0,302.0
11759.0,168.0
11760.0,204.0
11764.0,58.0
11772.0,146.0
11775.0,130.0
11776.0,130.0
11777.0,188.0
11778.0,96.0
11783.0,160.0
11787.0,58.0
11791.0,82.0
11792.0,76.0
11798.0,124.0
11799.0,92.0
11803.0,122.0
11804.0,100.0
11806.0,176.0
11807.0,136.0
11808.0,146.0
11815.0,66.0
11819.0,346.0
11823.0,280.0
11824.0,286.0
11828.0,350.0
11839.0,118.0
11840.0,138.0
11844.0,286.0
11846.0,212.0
11851.0,286.0
11855.0,246.0
11856.0,196.0
11861.0,72.0
11871.0,264.0
11872.0,252.0
11887.0,76.0
11888.0,128.0
11894.0,248.0
11895.0,196.0
11899.0,264.0
11903.0,226.0
11904.0,196.0
11909.0,72.0
11919.0,218.0
11920.0,236.0
11935.0,86.0
11936.0,98.0
11942.0,142.0
11944.0,108.0
11948.0,158.0
11949.0,94.0
11951.0,160.0
11952.0,108.0
11958.0,34.0
11967.0,128.0
11968.0,132.0
11971.0,164.0
11979.0,60.0
11983.0,74.0
11984.0,68.0
11986.0,414.0
11989.0,278.0
11993.0,374.0
11999.0,212.0
12000.0,256.0
12004.0,70.0
12015.0,238.0
12016.0,196.0
12018.0,246.0
12022.0,226.0
12031.0,80.0
12032.0,108.0
12035.0,252.0
12037.0,212.0
12044.0,248.0
12047.0,190.0
12048.0,174.0
12052.0,60.0
12063.0,204.0
12064.0,180.0
12067.0,270.0
12079.0,96.0
12080.0,76.0
12083.0,234.0
12090.0,198.0
12091.0,264.0
12095.0,178.0
12096.0,252.0
12101.0,52.0
12107.0,126.0
12111.0,114.0
12112.0,130.0
12116.0,106.0
12117.0,162.0
12127.0,52.0
12128.0,40.0
12130.0,134.0
12135.0,84.0
12143.0,164.0
12144.0,146.0
12150.0,64.0
12159.0,342.0
12160.0,310.0
12163.0,404.0
12165.0,210.0
12173.0,72.0
12175.0,114.0
12176.0,98.0
12186.0,314.0
12191.0,206.0
12192.0,180.0
12196.0,46.0
12202.0,270.0
12207.0,198.0
12208.0,168.0
12212.0,230.0
12223.0,60.0
12224.0,92.0
12234.0,156.0
12237.0,114.0
12239.0,170.0
12240.0,142.0
12244.0,46.0
12255.0,152.0
12256.0,146.0
12257.0,196.0
12261.0,136.0
12263.0,188.0
12271.0,50.0
12272.0,66.0
12275.0,108.0
12277.0,80.0
12287.0,128.0
12288.0,116.0
12292.0,30.0
12302.0,116.0
12303.0,90.0
12304.0,114.0
12312.0,206.0
12317.0,50.0
12319.0,102.0
12320.0,106.0
12323.0,452.0
12335.0,250.0
12336.0,252.0
12343.0,80.0
12351.0,300.0
12352.0,282.0
12365.0,58.0
12367.0,118.0
12368.0,126.0
12371.0,272.0
12373.0,220.0
12374.0,284.0
12383.0,228.0
12384.0,236.0
12386.0,124.0
12388.0,286.0
12390.0,158.0
12399.0,326.0
12400.0,242.0
12404.0,326.0
12415.0,98.0
12416.0,124.0
12420.0,230.0
12421.0,182.0
12426.0,226.0
12430.0,176.0
12431.0,346.0
12432.0,154.0
12438.0,40.0
12444.0,130.0
12447.0,104.0
12448.0,106.0
12456.0,170.0
12463.0,52.0
12464.0,88.0
12466.0,128.0
12471.0,102.0
12475.0,140.0
12478.0,292.0
12479.0,224.0
12480.0,188.0
12485.0,80.0
12490.0,328.0
12495.0,272.0
12496.0,262.0
12501.0,350.0
12511.0,112.0
12512.0,136.0
12515.0,328.0
12517.0,252.0
12518.0,284.0
12524.0,244.0
12525.0,290.0
12527.0,232.0
12528.0,226.0
12534.0,68.0
12543.0,254.0
12544.0,212.0
12548.0,274.0
12559.0,98.0
12560.0,106.0
12564.0,272.0
12565.0,206.0
12567.0,278.0
12573.0,178.0
12575.0,218.0
12576.0,212.0
12583.0,86.0
12586.0,388.0
12591.0,308.0
12592.0,342.0
12607.0,64.0
12608.0,100.0
12612.0,172.0
12614.0,122.0
12615.0,160.0
12621.0,110.0
12623.0,136.0
12624.0,140.0
12628.0,50.0
12634.0,118.0
12637.0,102.0
12639.0,110.0
12640.0,132.0
12641.0,104.0
12647.0,174.0
12649.0,70.0
12653.0,48.0
12655.0,84.0
12656.0,124.0
12661.0,302.0
12664.0,232.0
12671.0,294.0
12672.0,196.0
12677.0,80.0
12687.0,376.0
12688.0,326.0
12692.0,360.0
12693.0,306.0
12694.0,348.0
12703.0,140.0
12704.0,162.0
12708.0,346.0
12709.0,288.0
12711.0,328.0
12714.0,250.0
12716.0,318.0
12719.0,252.0
12720.0,250.0
12724.0,90.0
12735.0,256.0
12736.0,244.0
12741.0,300.0
12749.0,78.0
12751.0,138.0
12752.0,136.0
12756.0,304.0
12762.0,186.0
12767.0,260.0
12768.0,206.0
12773.0,4.0
12778.0,208.0
12781.0,232.0
12783.0,156.0
12784.0,146.0
12791.0,206.0
12797.0,130.0
12799.0,190.0
12800.0,170.0
12801.0,212.0
12809.0,124.0
12815.0,266.0
12816.0,244.0
12821.0,180.0
12827.0,390.0
12831.0,366.0
12832.0,362.0
12847.0,118.0
12848.0,124.0
12854.0,308.0
12857.0,252.0
12859.0,304.0
12860.0,264.0
12863.0,282.0
12864.0,206.0
12870.0,76.0
12879.0,288.0
12880.0,280.0
12882.0,300.0
12886.0,272.0
12895.0,108.0
12896.0,120.0
12902.0,288.0
12911.0,240.0
12912.0,198.0
12919.0,80.0
12922.0,350.0
12925.0,304.0
12926.0,374.0
12927.0,330.0
12928.0,254.0
12932.0,308.0
12935.0,276.0
12943.0,84.0
12944.0,110.0
12947.0,162.0
12952.0,130.0
12953.0,156.0
12957.0,126.0
12959.0,144.0
12960.0,136.0
12966.0,52.0
12970.0,126.0
12974.0,108.0
12975.0,120.0
12976.0,112.0
12983.0,198.0
12989.0,50.0
12991.0,104.0
12992.0,112.0
12996.0,370.0
12999.0,336.0
13001.0,376.0
13007.0,272.0
13008.0,232.0
13013.0,102.0
13023.0,288.0
13024.0,254.0
13027.0,372.0
13039.0,98.0
13040.0,106.0
13043.0,346.0
13048.0,270.0
13049.0,360.0
13055.0,222.0
13056.0,174.0
13061.0,58.0
13071.0,254.0
13072.0,282.0
13087.0,68.0
13088.0,82.0
13090.0,242.0
13094.0,266.0
13097.0,190.0
13099.0,238.0
13103.0,186.0
13104.0,164.0
13108.0,58.0
13118.0,154.0
13119.0,90.0
13120.0,136.0
13122.0,156.0
13123.0,120.0
13126.0,176.0
13135.0,46.0
13136.0,76.0
13151.0,176.0
13152.0,180.0
13157.0,82.0
13167.0,304.0
13168.0,280.0
13171.0,340.0
13183.0,106.0
13184.0,140.0
13187.0,260.0
13189.0,226.0
13192.0,306.0
13195.0,244.0
13196.0,380.0
13199.0,256.0
13200.0,230.0
13201.0,132.0
13206.0,106.0
13208.0,150.0
13210.0,482.0
13215.0,326.0
13216.0,304.0
13217.0,380.0
13220.0,310.0
13221.0,356.0
13231.0,126.0
13232.0,184.0
13236.0,340.0
13237.0,228.0
13239.0,320.0
13240.0,238.0
13244.0,292.0
13247.0,224.0
13248.0,228.0
13253.0,88.0
13263.0,276.0
13264.0,268.0
13279.0,86.0
13280.0,76.0
13282.0,134.0
13288.0,116.0
13289.0,142.0
13290.0,112.0
13294.0,172.0
13295.0,138.0
13296.0,132.0
13301.0,42.0
13308.0,140.0
13311.0,114.0
13312.0,128.0
13313.0,158.0
13314.0,142.0
13315.0,154.0
13316.0,142.0
13319.0,148.0
13324.0,80.0
13327.0,118.0
13328.0,88.0
13331.0,328.0
13332.0,280.0
13336.0,350.0
13337.0,286.0
13340.0,378.0
13343.0,258.0
13344.0,246.0
13351.0,80.0
13359.0,330.0
13360.0,324.0
13365.0,276.0
13367.0,314.0
13375.0,110.0
13376.0,126.0
13379.0,434.0
13384.0,240.0
13387.0,424.0
13391.0,286.0
13392.0,242.0
13397.0,108.0
13407.0,290.0
13408.0,272.0
13411.0,318.0
13414.0,300.0
13423.0,94.0
13424.0,150.0
13430.0,330.0
13435.0,196.0
13439.0,256.0
13440.0,212.0
13445.0,56.0
13451.0,138.0
13453.0,112.0
13455.0,128.0
13456.0,130.0
13459.0,172.0
13462.0,128.0
13463.0,160.0
13471.0,72.0
13472.0,76.0
13475.0,180.0
13481.0,106.0
13487.0,188.0
13488.0,196.0
13495.0,68.0
13503.0,320.0
13504.0,366.0
13519.0,76.0
13520.0,112.0
13523.0,276.0
13525.0,222.0
13527.0,284.0
13530.0,258.0
13532.0,494.0
13535.0,262.0
13536.0,226.0
13541.0,88.0
13546.0,430.0
13551.0,346.0
13552.0,348.0
13554.0,286.0
13558.0,356.0
13567.0,122.0
13568.0,152.0
13573.0,354.0
13577.0,240.0
13581.0,294.0
13583.0,262.0
13584.0,230.0
13590.0,96.0
13599.0,306.0
13600.0,268.0
13603.0,244.0
13604.0,294.0
13615.0,80.0
13616.0,92.0
13623.0,160.0
13626.0,118.0
13631.0,166.0
13632.0,146.0
13638.0,46.0
13647.0,134.0
13648.0,124.0
13656.0,208.0
13660.0,74.0
13663.0,116.0
13664.0,116.0
13667.0,316.0
13673.0,240.0
13677.0,274.0
13679.0,244.0
13680.0,250.0
13686.0,98.0
13695.0,286.0
13696.0,242.0
13699.0,304.0
13711.0,82.0
13712.0,84.0
13715.0,358.0
13717.0,216.0
13719.0,276.0
13721.0,184.0
13722.0,288.0
13727.0,200.0
13728.0,154.0
13733.0,44.0
13740.0,186.0
13743.0,124.0
13744.0,142.0
13750.0,162.0
13754.0,58.0
13757.0,42.0
13759.0,64.0
13760.0,88.0
13764.0,234.0
13771.0,140.0
13775.0,204.0
13776.0,194.0
13780.0,68.0
13786.0,174.0
13791.0,140.0
13792.0,128.0
13794.0,180.0
13807.0,54.0
13808.0,84.0
13811.0,156.0
13812.0,122.0
13813.0,158.0
13818.0,122.0
13821.0,242.0
13823.0,176.0
13824.0,164.0
13826.0,82.0
13828.0,64.0
13832.0,76.0
13839.0,342.0
13840.0,324.0
13847.0,244.0
13849.0,308.0
13855.0,128.0
13856.0,136.0
13862.0,342.0
13868.0,220.0
13871.0,262.0
13872.0,208.0
13880.0,110.0
13887.0,308.0
13888.0,240.0
13903.0,54.0
13904.0,78.0
13908.0,136.0
13913.0,108.0
13915.0,196.0
13916.0,138.0
13917.0,206.0
13919.0,168.0
13920.0,172.0
13927.0,84.0
13935.0,320.0
13936.0,256.0
13939.0,272.0
13943.0,242.0
13951.0,104.0
13952.0,96.0
13959.0,198.0
13960.0,150.0
13961.0,180.0
13962.0,152.0
13963.0,170.0
13965.0,152.0
13967.0,162.0
13968.0,180.0
13974.0,52.0
13983.0,150.0
13984.0,104.0
13991.0,222.0
13999.0,88.0
14000.0,124.0
14006.0,334.0
14012.0,374.0
14015.0,308.0
14016.0,242.0
14020.0,134.0
14024.0,152.0
14031.0,352.0
14032.0,302.0
14035.0,324.0
14038.0,294.0
14045.0,68.0
14047.0,120.0
14048.0,122.0
14051.0,328.0
14053.0,300.0
14058.0,344.0
14059.0,266.0
14063.0,294.0
14064.0,276.0
14069.0,74.0
14079.0,326.0
14080.0,334.0
14095.0,116.0
14096.0,82.0
14100.0,346.0
14102.0,276.0
14103.0,316.0
14106.0,248.0
14111.0,266.0
14112.0,218.0
14118.0,60.0
14127.0,152.0
14128.0,132.0
14136.0,190.0
14139.0,70.0
14140.0,104.0
14141.0,64.0
14143.0,90.0
14144.0,88.0
14147.0,170.0
14149.0,114.0
14153.0,154.0
14154.0,118.0
14159.0,308.0
14160.0,332.0
14166.0,126.0
14175.0,356.0
14176.0,402.0
14191.0,134.0
14192.0,164.0
14199.0,342.0
14200.0,266.0
14206.0,296.0
14207.0,260.0
14208.0,260.0
14214.0,98.0
14223.0,332.0
14224.0,292.0
14227.0,364.0
14230.0,306.0
14232.0,624.0
14239.0,408.0
14240.0,406.0
14241.0,326.0
14244.0,432.0
14245.0,350.0
14246.0,460.0
14247.0,346.0
14252.0,544.0
14255.0,322.0
14256.0,258.0
14261.0,154.0
14264.0,178.0
14268.0,546.0
14271.0,388.0
14272.0,416.0
14287.0,112.0
14288.0,132.0
14291.0,218.0
14296.0,154.0
14303.0,242.0
14304.0,198.0
14307.0,100.0
14311.0,86.0
14317.0,168.0
14319.0,126.0
14320.0,148.0
14326.0,230.0
14335.0,104.0
14336.0,160.0
14340.0,474.0
14341.0,374.0
14344.0,422.0
14345.0,390.0
14348.0,408.0
14351.0,334.0
14352.0,274.0
14357.0,100.0
14367.0,376.0
14368.0,316.0
14372.0,416.0
14383.0,134.0
14384.0,158.0
14387.0,352.0
14389.0,296.0
14391.0,384.0
14394.0,298.0
14396.0,364.0
14399.0,308.0
14400.0,240.0
14405.0,110.0
14415.0,344.0
14416.0,316.0
14417.0,264.0
14419.0,352.0
14421.0,258.0
14422.0,324.0
14431.0,112.0
14432.0,140.0
14435.0,350.0
14440.0,268.0
14443.0,368.0
14447.0,244.0
14448.0,274.0
14453.0,80.0
14458.0,178.0
14460.0,140.0
14463.0,158.0
14464.0,114.0
14467.0,188.0
14473.0,156.0
14474.0,184.0
14479.0,76.0
14480.0,102.0
14485.0,156.0
14487.0,116.0
14495.0,242.0
14496.0,210.0
14501.0,80.0
14511.0,266.0
14512.0,236.0
14517.0,466.0
14527.0,146.0
14528.0,158.0
14531.0,342.0
14533.0,284.0
14534.0,356.0
14540.0,310.0
14543.0,354.0
14544.0,210.0
14550.0,124.0
14559.0,356.0
14560.0,326.0
14563.0,446.0
14573.0,124.0
14575.0,242.0
14576.0,238.0
14579.0,394.0
14585.0,280.0
14591.0,342.0
14592.0,202.0
14597.0,108.0
14607.0,310.0
14608.0,294.0
14614.0,406.0
14623.0,118.0
14624.0,156.0
14628.0,228.0
14633.0,124.0
14639.0,212.0
14640.0,202.0
14642.0,100.0
14643.0,244.0
14646.0,100.0
14652.0,226.0
14655.0,174.0
14656.0,204.0
14660.0,354.0
14671.0,106.0
14672.0,160.0
14678.0,380.0
14681.0,342.0
14683.0,410.0
14687.0,336.0
14688.0,262.0
14694.0,90.0
14703.0,360.0
14704.0,350.0
14709.0,484.0
14719.0,136.0
14720.0,196.0
14731.0,440.0
14735.0,354.0
14736.0,280.0
14741.0,86.0
14747.0,382.0
14751.0,328.0
14752.0,356.0
14754.0,278.0
14758.0,374.0
14767.0,116.0
14768.0,192.0
14779.0,368.0
14783.0,214.0
14784.0,268.0
14790.0,60.0
14798.0,416.0
14799.0,260.0
14800.0,230.0
14813.0,56.0
14815.0,98.0
14816.0,108.0
14828.0,248.0
14831.0,208.0
14832.0,206.0
14838.0,78.0
14844.0,338.0
14847.0,284.0
14848.0,380.0
14861.0,80.0
14863.0,166.0
14864.0,140.0
14868.0,304.0
14869.0,286.0
14871.0,322.0
14873.0,302.0
14876.0,320.0
14879.0,282.0
14880.0,272.0
14887.0,106.0
14895.0,360.0
14896.0,268.0
14900.0,412.0
14909.0,98.0
14911.0,188.0
14912.0,228.0
14916.0,362.0
14918.0,276.0
14921.0,354.0
14923.0,306.0
14925.0,438.0
14927.0,314.0
14928.0,276.0
14933.0,100.0
14938.0,422.0
14943.0,340.0
14944.0,390.0
14946.0,334.0
14949.0,420.0
14959.0,88.0
14960.0,120.0
14963.0,200.0
14967.0,142.0
14972.0,206.0
14975.0,170.0
14976.0,216.0
14979.0,80.0
14982.0,70.0
14991.0,120.0
14992.0,110.0
14996.0,216.0
15007.0,116.0
15008.0,100.0
15011.0,430.0
15013.0,352.0
15016.0,458.0
15017.0,312.0
15023.0,386.0
15024.0,326.0
15031.0,128.0
15039.0,408.0
15040.0,348.0
15042.0,272.0
15046.0,354.0
15055.0,152.0
15056.0,180.0
15060.0,328.0
15061.0,240.0
15065.0,356.0
15066.0,276.0
15067.0,424.0
15071.0,282.0
15072.0,300.0
15078.0,96.0
15087.0,344.0
15088.0,300.0
15090.0,344.0
15092.0,268.0
15093.0,322.0
15103.0,108.0
15104.0,170.0
15111.0,436.0
15119.0,262.0
15120.0,250.0
15125.0,78.0
15131.0,222.0
15135.0,186.0
15136.0,204.0
15141.0,248.0
15151.0,96.0
15152.0,96.0
15167.0,226.0
15168.0,182.0
15174.0,94.0
15183.0,426.0
15184.0,422.0
15199.0,138.0
15200.0,152.0
15206.0,518.0
15208.0,374.0
15211.0,540.0
15215.0,426.0
15216.0,364.0
15223.0,148.0
15231.0,562.0
15232.0,586.0
15233.0,398.0
15236.0,530.0
15247.0,246.0
15248.0,258.0
15251.0,502.0
15258.0,402.0
15260.0,482.0
15263.0,378.0
15264.0,394.0
15269.0,128.0
15276.0,420.0
15279.0,328.0
15280.0,352.0
15289.0,286.0
15293.0,104.0
15295.0,180.0
15296.0,150.0
15307.0,330.0
15311.0,248.0
15312.0,266.0
15317.0,124.0
15324.0,264.0
15327.0,210.0
15328.0,198.0
15331.0,298.0
15336.0,252.0
15337.0,296.0
15343.0,190.0
15344.0,216.0
15347.0,442.0
15349.0,422.0
15351.0,466.0
15353.0,414.0
15357.0,428.0
15359.0,410.0
15360.0,362.0
15367.0,190.0
15375.0,460.0
15376.0,436.0
15378.0,366.0
15380.0,432.0
15382.0,344.0
15385.0,382.0
15391.0,174.0
15392.0,212.0
15396.0,690.0
15401.0,508.0
15403.0,670.0
15407.0,476.0
15408.0,482.0
15413.0,196.0
15419.0,456.0
15423.0,352.0
15424.0,352.0
15427.0,428.0
15439.0,182.0
15440.0,226.0
15442.0,314.0
15443.0,292.0
15448.0,334.0
15449.0,310.0
15452.0,322.0
15453.0,382.0
15455.0,256.0
15456.0,246.0
15460.0,108.0
15468.0,244.0
15471.0,190.0
15472.0,200.0
15473.0,162.0
15475.0,248.0
15476.0,206.0
15480.0,242.0
15487.0,94.0
15488.0,146.0
15489.0,258.0
15496.0,218.0
15500.0,326.0
15503.0,262.0
15504.0,344.0
15510.0,178.0
15519.0,532.0
15520.0,408.0
15524.0,566.0
15535.0,212.0
15536.0,216.0
15539.0,482.0
15543.0,372.0
15547.0,602.0
15549.0,450.0
15551.0,544.0
15552.0,430.0
15557.0,174.0
15563.0,460.0
15565.0,358.0
15567.0,420.0
15568.0,456.0
15572.0,514.0
15576.0,344.0
15578.0,580.0
15583.0,326.0
15584.0,532.0
15587.0,544.0
15590.0,508.0
15595.0,638.0
15597.0,474.0
15598.0,728.0
15599.0,578.0
15600.0,498.0
15604.0,256.0
15615.0,478.0
15616.0,492.0
15628.0,158.0
15631.0,228.0
15632.0,206.0
15633.0,246.0
15638.0,206.0
15645.0,258.0
15647.0,318.0
15648.0,264.0
15655.0,116.0
15657.0,228.0
15661.0,208.0
15663.0,222.0
15664.0,196.0
15669.0,374.0
15673.0,208.0
15677.0,152.0
15679.0,220.0
15680.0,250.0
15691.0,614.0
15695.0,470.0
15696.0,396.0
15702.0,186.0
15711.0,482.0
15712.0,482.0
15714.0,396.0
15718.0,518.0
15727.0,192.0
15728.0,226.0
15730.0,560.0
15733.0,388.0
15734.0,500.0
15743.0,390.0
15744.0,402.0
15750.0,160.0
15759.0,406.0
15760.0,386.0
15763.0,432.0
15771.0,168.0
15774.0,146.0
15775.0,200.0
15776.0,190.0
15782.0,412.0
15783.0,320.0
15786.0,396.0
15791.0,310.0
15792.0,232.0
15798.0,86.0
15804.0,200.0
15807.0,164.0
15808.0,176.0
15813.0,266.0
15823.0,116.0
15824.0,130.0
15829.0,242.0
15833.0,192.0
15839.0,266.0
15840.0,312.0
15846.0,146.0
15855.0,494.0
15856.0,500.0
15871.0,186.0
15872.0,210.0
15876.0,436.0
15878.0,340.0
15882.0,452.0
15886.0,408.0
15887.0,438.0
15888.0,394.0
15893.0,150.0
15898.0,442.0
15900.0,486.0
15903.0,416.0
15904.0,494.0
15919.0,172.0
15920.0,158.0
15922.0,348.0
15924.0,278.0
15925.0,308.0
15928.0,294.0
15930.0,422.0
15935.0,348.0
15936.0,264.0
15941.0,146.0
15947.0,592.0
15949.0,390.0
15951.0,528.0
15952.0,494.0
15955.0,604.0
15967.0,136.0
15968.0,188.0
15970.0,246.0
15974.0,162.0
15982.0,338.0
15983.0,210.0
15984.0,218.0
15991.0,112.0
15999.0,252.0
16000.0,238.0
16007.0,508.0
16012.0,164.0
16015.0,250.0
16016.0,246.0
16018.0,654.0
16021.0,442.0
16022.0,564.0
16024.0,446.0
16026.0,562.0
16029.0,484.0
16031.0,534.0
16032.0,486.0
16038.0,150.0
16047.0,528.0
16048.0,444.0
16061.0,140.0
16063.0,244.0
16064.0,322.0
16067.0,474.0
16069.0,364.0
16074.0,494.0
16079.0,356.0
16080.0,338.0
16083.0,604.0
16086.0,226.0
16092.0,520.0
16095.0,404.0
16096.0,458.0
16099.0,568.0
16111.0,162.0
16112.0,190.0
16118.0,390.0
16119.0,292.0
16123.0,402.0
16127.0,274.0
16128.0,318.0
16133.0,106.0
16138.0,274.0
16141.0,210.0
16143.0,248.0
16144.0,256.0
16146.0,320.0
16147.0,194.0
16152.0,266.0
16154.0,140.0
16157.0,98.0
16159.0,148.0
16160.0,146.0
16162.0,210.0
16163.0,190.0
16166.0,218.0
16167.0,180.0
16175.0,274.0
16176.0,204.0
16181.0,116.0
16191.0,484.0
16192.0,412.0
16198.0,378.0
16199.0,398.0
16204.0,148.0
16207.0,200.0
16208.0,216.0
16212.0,496.0
16213.0,400.0
16214.0,458.0
16218.0,394.0
16220.0,428.0
16223.0,334.0
16224.0,374.0
16229.0,124.0
16234.0,426.0
16236.0,476.0
16239.0,408.0
16240.0,364.0
16244.0,428.0
16255.0,184.0
16256.0,220.0
16258.0,478.0
16261.0,394.0
16263.0,488.0
16268.0,324.0
16271.0,376.0
16272.0,400.0
16278.0,160.0
16287.0,502.0
16288.0,422.0
16290.0,594.0
16303.0,196.0
16304.0,234.0
16306.0,322.0
16311.0,224.0
16319.0,316.0
16320.0,260.0
16324.0,142.0
16327.0,282.0
16328.0,234.0
16333.0,290.0
16335.0,234.0
16336.0,272.0
16340.0,446.0
16348.0,162.0
16351.0,260.0
16352.0,272.0
16356.0,642.0
16357.0,504.0
16361.0,454.0
16362.0,524.0
16367.0,414.0
16368.0,402.0
16373.0,124.0
16383.0,428.0
16384.0,416.0
16387.0,466.0
16399.0,172.0
16400.0,234.0
16403.0,618.0
16405.0,492.0
16411.0,594.0
16415.0,448.0
16416.0,406.0
16422.0,182.0
16431.0,482.0
16432.0,494.0
16435.0,624.0
16447.0,300.0
16448.0,340.0
16452.0,564.0
16453.0,398.0
16455.0,468.0
16463.0,380.0
16464.0,334.0
16468.0,122.0
16476.0,322.0
16479.0,258.0
16480.0,222.0
16486.0,348.0
16492.0,92.0
16495.0,160.0
16496.0,152.0
16510.0,296.0
16511.0,224.0
16512.0,238.0
16517.0,112.0
16527.0,528.0
16528.0,478.0
16543.0,196.0
16544.0,242.0
16547.0,492.0
16549.0,370.0
16551.0,492.0
16552.0,402.0
16555.0,466.0
16559.0,302.0
16560.0,320.0
16565.0,126.0
16572.0,498.0
16575.0,370.0
16576.0,402.0
16579.0,482.0
16587.0,154.0
16591.0,222.0
16592.0,226.0
16599.0,484.0
16602.0,414.0
16603.0,506.0
16607.0,350.0
16608.0,344.0
16615.0,152.0
16618.0,502.0
16621.0,424.0
16623.0,468.0
16624.0,464.0
16639.0,132.0
16640.0,176.0
16642.0,574.0
16645.0,350.0
16648.0,458.0
16655.0,378.0
16656.0,344.0
16661.0,172.0
16666.0,472.0
16671.0,320.0
16672.0,312.0
16675.0,478.0
16684.0,188.0
16687.0,342.0
16688.0,334.0
16690.0,720.0
16693.0,552.0
16700.0,780.0
16703.0,648.0
16704.0,620.0
16708.0,218.0
16716.0,694.0
16719.0,554.0
16720.0,546.0
16722.0,676.0
16732.0,192.0
16735.0,270.0
16736.0,268.0
16738.0,592.0
16741.0,502.0
16742.0,566.0
16745.0,540.0
16746.0,670.0
16751.0,454.0
16752.0,378.0
16757.0,188.0
16767.0,432.0
16768.0,392.0
16771.0,482.0
16783.0,148.0
16784.0,186.0
16786.0,454.0
16790.0,316.0
16799.0,416.0
16800.0,346.0
16805.0,102.0
16810.0,378.0
16815.0,254.0
16816.0,280.0
16821.0,380.0
16831.0,126.0
16832.0,196.0
16834.0,360.0
16837.0,242.0
16844.0,390.0
16847.0,342.0
16848.0,342.0
16854.0,120.0
16863.0,486.0
16864.0,404.0
16867.0,526.0
16879.0,172.0
16880.0,218.0
16891.0,528.0
16895.0,352.0
16896.0,336.0
16901.0,168.0
16907.0,548.0
16909.0,406.0
16911.0,488.0
16912.0,450.0
16925.0,128.0
16927.0,228.0
16928.0,270.0
16931.0,562.0
16934.0,416.0
16938.0,478.0
16942.0,378.0
16943.0,484.0
16944.0,382.0
16950.0,160.0
16955.0,630.0
16959.0,478.0
16960.0,446.0
16962.0,564.0
16975.0,132.0
16976.0,182.0
16978.0,388.0
16983.0,272.0
16987.0,338.0
16989.0,276.0
16991.0,352.0
16992.0,278.0
16997.0,108.0
17004.0,312.0
17007.0,230.0
17008.0,254.0
17014.0,320.0
17021.0,106.0
17023.0,172.0
17024.0,214.0
17027.0,558.0
17029.0,484.0
17030.0,530.0
17034.0,482.0
17036.0,526.0
17039.0,380.0
17040.0,354.0
17045.0,106.0
17051.0,454.0
17055.0,402.0
17056.0,388.0
17059.0,456.0
17061.0,348.0
17064.0,416.0
17067.0,164.0
17071.0,216.0
17072.0,230.0
17076.0,584.0
17087.0,380.0
17088.0,342.0
17092.0,146.0
17099.0,556.0
17103.0,420.0
17104.0,450.0
17110.0,318.0
17112.0,394.0
17116.0,124.0
17119.0,190.0
17120.0,214.0
17124.0,602.0
17125.0,404.0
17128.0,486.0
17130.0,400.0
17131.0,492.0
17135.0,354.0
17136.0,326.0
17140.0,102.0
17147.0,340.0
17151.0,234.0
17152.0,230.0
17155.0,314.0
17157.0,226.0
17158.0,290.0
17167.0,90.0
17168.0,164.0
17171.0,314.0
17177.0,204.0
17183.0,400.0
17184.0,396.0
17190.0,158.0
17195.0,934.0
17199.0,746.0
17200.0,640.0
17202.0,726.0
17207.0,660.0
17215.0,248.0
17216.0,238.0
17219.0,1220.0
17231.0,598.0
17232.0,618.0
17236.0,248.0
17242.0,938.0
17247.0,736.0
17248.0,676.0
17260.0,208.0
17263.0,274.0
17264.0,354.0
17268.0,518.0
17269.0,426.0
17274.0,516.0
17279.0,408.0
17280.0,320.0
17286.0,172.0
17290.0,554.0
17294.0,410.0
17295.0,528.0
17296.0,468.0
17311.0,148.0
17312.0,166.0
17314.0,686.0
17317.0,406.0
17321.0,320.0
17323.0,412.0
17327.0,290.0
17328.0,258.0
17334.0,98.0
17340.0,476.0
17343.0,280.0
17344.0,322.0
17349.0,374.0
17356.0,102.0
17359.0,226.0
17360.0,244.0
17363.0,712.0
17365.0,488.0
17367.0,674.0
17375.0,434.0
17376.0,352.0
17379.0,154.0
17385.0,310.0
17387.0,1104.0
17391.0,740.0
17392.0,734.0
17398.0,544.0
17399.0,684.0
17403.0,244.0
17407.0,304.0
17408.0,326.0
17410.0,842.0
17413.0,566.0
17417.0,524.0
17419.0,658.0
17421.0,488.0
17423.0,586.0
17424.0,472.0
17429.0,160.0
17435.0,798.0
17439.0,590.0
17440.0,632.0
17451.0,184.0
17455.0,226.0
17456.0,254.0
17459.0,636.0
17465.0,388.0
17471.0,620.0
17472.0,540.0
17478.0,180.0
17484.0,396.0
17487.0,278.0
17488.0,292.0
17491.0,346.0
17492.0,302.0
17494.0,328.0
17500.0,118.0
17503.0,194.0
17504.0,176.0
17506.0,406.0
17512.0,274.0
17519.0,520.0
17520.0,430.0
17525.0,192.0
17531.0,704.0
17535.0,604.0
17536.0,536.0
17539.0,642.0
17548.0,130.0
17551.0,216.0
17552.0,230.0
17556.0,742.0
17559.0,620.0
17563.0,854.0
17567.0,624.0
17568.0,552.0
17572.0,304.0
17578.0,672.0
17583.0,546.0
17584.0,602.0
17595.0,220.0
17599.0,274.0
17600.0,270.0
17604.0,522.0
17605.0,398.0
17609.0,498.0
17615.0,406.0
17616.0,420.0
17622.0,178.0
17627.0,700.0
17631.0,478.0
17632.0,508.0
17637.0,400.0
17639.0,722.0
17647.0,288.0
17648.0,288.0
17650.0,444.0
17656.0,290.0
17663.0,454.0
17664.0,340.0
17669.0,130.0
17673.0,346.0
17677.0,280.0
17679.0,328.0
17680.0,250.0
17683.0,482.0
17691.0,168.0
17695.0,346.0
17696.0,318.0
17700.0,756.0
17702.0,570.0
17707.0,640.0
17711.0,532.0
17712.0,448.0
17718.0,212.0
17724.0,970.0
17727.0,778.0
17728.0,894.0
17743.0,310.0
17744.0,370.0
17747.0,652.0
17749.0,510.0
17756.0,702.0
17759.0,532.0
17760.0,508.0
17766.0,250.0
17770.0,624.0
17775.0,532.0
17776.0,488.0
17777.0,550.0
17780.0,468.0
17783.0,512.0
17788.0,176.0
17791.0,432.0
17792.0,270.0
17794.0,968.0
17799.0,552.0
17800.0,658.0
17806.0,530.0
17807.0,584.0
17808.0,544.0
17811.0,226.0
17819.0,392.0
17823.0,316.0
17824.0,346.0
17827.0,520.0
17837.0,124.0
17839.0,216.0
17840.0,204.0
17844.0,362.0
17848.0,236.0
17852.0,506.0
17855.0,352.0
17856.0,344.0
17860.0,134.0
17866.0,568.0
17868.0,596.0
17871.0,544.0
17872.0,506.0
17875.0,636.0
17884.0,192.0
17887.0,276.0
17888.0,298.0
17891.0,792.0
17893.0,686.0
17894.0,852.0
17903.0,602.0
17904.0,456.0
17910.0,184.0
17914.0,736.0
17919.0,562.0
17920.0,616.0
17933.0,176.0
17935.0,274.0
17936.0,326.0
17939.0,594.0
17942.0,512.0
17943.0,610.0
17951.0,444.0
17952.0,396.0
17956.0,138.0
17963.0,552.0
17965.0,434.0
17967.0,502.0
17968.0,522.0
17983.0,162.0
17984.0,210.0
17987.0,358.0
17991.0,238.0
17992.0,316.0
17997.0,268.0
17999.0,318.0
18000.0,242.0
18005.0,86.0
18012.0,296.0
18015.0,226.0
18016.0,328.0
18019.0,430.0
18027.0,122.0
18031.0,194.0
18032.0,212.0
18034.0,706.0
18041.0,522.0
18043.0,634.0
18047.0,562.0
18048.0,520.0
18054.0,178.0
18058.0,1166.0
18063.0,962.0
18064.0,900.0
18077.0,186.0
18079.0,316.0
18080.0,322.0
18083.0,942.0
18085.0,720.0
18089.0,642.0
18091.0,718.0
18094.0,574.0
18095.0,676.0
18096.0,554.0
18102.0,190.0
18107.0,596.0
18111.0,498.0
18112.0,536.0
18115.0,642.0
18117.0,512.0
18120.0,570.0
18123.0,218.0
18127.0,296.0
18128.0,256.0
18130.0,926.0
18143.0,540.0
18144.0,450.0
18150.0,178.0
18154.0,506.0
18159.0,284.0
18160.0,416.0
18161.0,310.0
18168.0,426.0
18175.0,178.0
18176.0,188.0
18187.0,720.0
18191.0,604.0
18192.0,506.0
18194.0,278.0
18197.0,210.0
18199.0,294.0
18202.0,1054.0
18207.0,694.0
18208.0,718.0
18210.0,594.0
18215.0,736.0
18223.0,322.0
18224.0,346.0
18227.0,912.0
18229.0,668.0
18234.0,584.0
18235.0,736.0
18239.0,644.0
18240.0,480.0
18245.0,232.0
18249.0,424.0
18251.0,1244.0
18255.0,810.0
18256.0,850.0
18259.0,1178.0
18268.0,344.0
18271.0,498.0
18272.0,482.0
18283.0,868.0
18287.0,534.0
